{
  "run_name": "ppo_sparse_only_e_0p900_seed_0_alpha_0p010_ztol_0p000_wc_1p000_beta_0p000",
  "algorithm": "ppo",
  "seed": 0,
  "timesteps": 500000,
  "reward_variant": "sparse_only",
  "collision_restitution": 0.9,
  "collision_reward_weight": 1.0,
  "z_position_penalty_weight": 0.01,
  "z_position_tolerance": 0.0,
  "swing_growth_reward_weight": 0.0,
  "model_path": "/Users/ahmadataka/Documents/Bitbucket - Ataka/latto_latto_control/models/benchmark/ppo_sparse_only_e_0p900_seed_0_alpha_0p010_ztol_0p000_wc_1p000_beta_0p000.zip",
  "evaluation": {
    "reward_sum": 0.0,
    "alternating_collisions": 0,
    "longest_alternating_streak": 0,
    "total_collisions": 5,
    "time_to_first_alternating_collision": null,
    "mean_abs_z": 1.422341726917075,
    "max_abs_z": 4.275115013122559,
    "mean_collision_energy_loss": 4.116915512084961,
    "time": [
      0.0,
      0.02,
      0.04,
      0.06,
      0.08,
      0.1,
      0.12000000000000001,
      0.14,
      0.16,
      0.18,
      0.19999999999999998,
      0.21999999999999997,
      0.23999999999999996,
      0.25999999999999995,
      0.27999999999999997,
      0.3,
      0.32,
      0.34,
      0.36000000000000004,
      0.38000000000000006,
      0.4000000000000001,
      0.4200000000000001,
      0.4400000000000001,
      0.46000000000000013,
      0.48000000000000015,
      0.5000000000000001,
      0.5200000000000001,
      0.5400000000000001,
      0.5600000000000002,
      0.5800000000000002,
      0.6000000000000002,
      0.6200000000000002,
      0.6400000000000002,
      0.6600000000000003,
      0.6800000000000003,
      0.7000000000000003,
      0.7200000000000003,
      0.7400000000000003,
      0.7600000000000003,
      0.7800000000000004,
      0.8000000000000004,
      0.8200000000000004,
      0.8400000000000004,
      0.8600000000000004,
      0.8800000000000004,
      0.9000000000000005,
      0.9200000000000005,
      0.9400000000000005,
      0.9600000000000005,
      0.9800000000000005,
      1.0000000000000004,
      1.0200000000000005,
      1.0400000000000005,
      1.0600000000000005,
      1.0800000000000005,
      1.1000000000000005,
      1.1200000000000006,
      1.1400000000000006,
      1.1600000000000006,
      1.1800000000000006,
      1.2000000000000006,
      1.2200000000000006,
      1.2400000000000007,
      1.2600000000000007,
      1.2800000000000007,
      1.3000000000000007,
      1.3200000000000007,
      1.3400000000000007,
      1.3600000000000008,
      1.3800000000000008,
      1.4000000000000008,
      1.4200000000000008,
      1.4400000000000008,
      1.4600000000000009,
      1.4800000000000009,
      1.5000000000000009,
      1.520000000000001,
      1.540000000000001,
      1.560000000000001,
      1.580000000000001,
      1.600000000000001,
      1.620000000000001,
      1.640000000000001,
      1.660000000000001,
      1.680000000000001,
      1.700000000000001,
      1.720000000000001,
      1.740000000000001,
      1.7600000000000011,
      1.7800000000000011,
      1.8000000000000012,
      1.8200000000000012,
      1.8400000000000012,
      1.8600000000000012,
      1.8800000000000012,
      1.9000000000000012,
      1.9200000000000013,
      1.9400000000000013,
      1.9600000000000013,
      1.9800000000000013
    ],
    "action": [
      1.44400954246521,
      2.600525140762329,
      3.016049385070801,
      2.7843148708343506,
      2.429018259048462,
      2.0341906547546387,
      1.6727360486984253,
      1.3773670196533203,
      1.1531835794448853,
      0.9956133365631104,
      0.8993703126907349,
      1.439597725868225,
      1.4210773706436157,
      1.3837980031967163,
      1.3278957605361938,
      1.254525065422058,
      1.166229248046875,
      1.0671178102493286,
      0.9634891152381897,
      0.8697449564933777,
      0.8401623368263245,
      1.118359923362732,
      3.2053706645965576,
      5.743034839630127,
      5.274950981140137,
      4.524680137634277,
      3.9301159381866455,
      3.4537384510040283,
      3.0784246921539307,
      2.8016774654388428,
      2.6209042072296143,
      0.9203830361366272,
      0.8780336976051331,
      0.8104068040847778,
      0.7177942395210266,
      0.6016885638237,
      0.4660608172416687,
      0.3203570246696472,
      0.18552225828170776,
      0.10728742182254791,
      0.21729342639446259,
      1.2023636102676392,
      3.892916202545166,
      5.662168025970459,
      6.479297637939453,
      6.4771013259887695,
      5.930631637573242,
      5.304999351501465,
      4.811329364776611,
      4.472553253173828,
      4.274775505065918,
      0.07138903439044952,
      0.04253450408577919,
      -0.006577793508768082,
      -0.07099795341491699,
      -0.14273525774478912,
      -0.20961309969425201,
      -0.2517068088054657,
      -0.22780616581439972,
      -0.011752564460039139,
      0.9145541191101074,
      3.028345823287964,
      4.185557842254639,
      4.364242076873779,
      4.707145690917969,
      5.291419506072998,
      5.6030426025390625,
      5.448265075683594,
      5.06484317779541,
      4.676192760467529,
      4.369961261749268,
      -0.3354249894618988,
      -0.3406764566898346,
      -0.3455820381641388,
      -0.3422940671443939,
      -0.31524384021759033,
      -0.232783243060112,
      -0.020249653607606888,
      0.5271711945533752,
      1.8663378953933716,
      3.4978368282318115,
      4.2129621505737305,
      3.8182122707366943,
      3.0801708698272705,
      2.607598066329956,
      2.284184455871582,
      2.025245189666748,
      1.7973500490188599,
      1.5774410963058472,
      1.3440117835998535,
      1.0835882425308228,
      0.17282414436340332,
      0.23372380435466766,
      0.36384686827659607,
      0.5975467562675476,
      1.0037469863891602,
      1.7148503065109253,
      2.8236331939697266,
      3.818554639816284,
      4.374967575073242
    ],