{
  "run_name": "ppo_swing_growth_e_0p900_seed_2_alpha_0p010_ztol_0p000_wc_1p000_beta_0p050",
  "algorithm": "ppo",
  "seed": 2,
  "timesteps": 500000,
  "reward_variant": "swing_growth",
  "collision_restitution": 0.9,
  "collision_reward_weight": 1.0,
  "z_position_penalty_weight": 0.01,
  "z_position_tolerance": 0.0,
  "swing_growth_reward_weight": 0.05,
  "model_path": "/Users/ahmadataka/Documents/Bitbucket - Ataka/latto_latto_control/models/benchmark/ppo_swing_growth_e_0p900_seed_2_alpha_0p010_ztol_0p000_wc_1p000_beta_0p050.zip",
  "evaluation": {
    "reward_sum": 0.2211983940308237,
    "alternating_collisions": 0,
    "longest_alternating_streak": 0,
    "total_collisions": 4,
    "time_to_first_alternating_collision": null,
    "mean_abs_z": 0.022900048702649656,
    "max_abs_z": 0.055619776248931885,
    "mean_collision_energy_loss": 4.923581600189209,
    "time": [
      0.0,
      0.02,
      0.04,
      0.06,
      0.08,
      0.1,
      0.12000000000000001,
      0.14,
      0.16,
      0.18,
      0.19999999999999998,
      0.21999999999999997,
      0.23999999999999996,
      0.25999999999999995,
      0.27999999999999997,
      0.3,
      0.32,
      0.34,
      0.36000000000000004,
      0.38000000000000006,
      0.4000000000000001,
      0.4200000000000001,
      0.4400000000000001,
      0.46000000000000013,
      0.48000000000000015,
      0.5000000000000001,
      0.5200000000000001,
      0.5400000000000001,
      0.5600000000000002,
      0.5800000000000002,
      0.6000000000000002,
      0.6200000000000002,
      0.6400000000000002,
      0.6600000000000003,
      0.6800000000000003,
      0.7000000000000003,
      0.7200000000000003,
      0.7400000000000003,
      0.7600000000000003,
      0.7800000000000004,
      0.8000000000000004,
      0.8200000000000004,
      0.8400000000000004,
      0.8600000000000004,
      0.8800000000000004,
      0.9000000000000005,
      0.9200000000000005,
      0.9400000000000005,
      0.9600000000000005,
      0.9800000000000005,
      1.0000000000000004,
      1.0200000000000005,
      1.0400000000000005,
      1.0600000000000005,
      1.0800000000000005,
      1.1000000000000005,
      1.1200000000000006,
      1.1400000000000006,
      1.1600000000000006,
      1.1800000000000006,
      1.2000000000000006,
      1.2200000000000006,
      1.2400000000000007,
      1.2600000000000007,
      1.2800000000000007,
      1.3000000000000007,
      1.3200000000000007,
      1.3400000000000007,
      1.3600000000000008,
      1.3800000000000008,
      1.4000000000000008,
      1.4200000000000008,
      1.4400000000000008,
      1.4600000000000009,
      1.4800000000000009,
      1.5000000000000009,
      1.520000000000001,
      1.540000000000001,
      1.560000000000001,
      1.580000000000001,
      1.600000000000001,
      1.620000000000001,
      1.640000000000001,
      1.660000000000001,
      1.680000000000001,
      1.700000000000001,
      1.720000000000001,
      1.740000000000001,
      1.7600000000000011,
      1.7800000000000011,
      1.8000000000000012,
      1.8200000000000012,
      1.8400000000000012,
      1.8600000000000012,
      1.8800000000000012,
      1.9000000000000012,
      1.9200000000000013,
      1.9400000000000013,
      1.9600000000000013,
      1.9800000000000013
    ],
    "action": [
      0.1404055953025818,
      2.574554681777954,
      2.6202542781829834,
      2.1414878368377686,
      1.7026227712631226,
      1.3944681882858276,
      1.1898257732391357,
      1.051737904548645,
      0.95441734790802,
      0.8819224834442139,
      0.8246622085571289,
      -2.9759347438812256,
      -2.8466103076934814,
      -2.7300479412078857,
      -2.623749256134033,
      -2.5258078575134277,
      -2.434345006942749,
      -2.346674680709839,
      -2.257768392562866,
      -2.1571662425994873,
      -2.0224101543426514,
      -1.803397536277771,
      -1.3670719861984253,
      -0.16501006484031677,
      2.6434967517852783,
      3.96669602394104,
      3.5277059078216553,
      2.822920560836792,
      2.211505651473999,
      1.7881852388381958,
      1.5105806589126587,
      1.3247588872909546,
      1.1945462226867676,
      1.0983961820602417,
      -2.6766655445098877,
      -2.54902720451355,
      -2.433046817779541,
      -2.3266232013702393,
      -2.227720022201538,
      -2.1339194774627686,
      -2.0416972637176514,
      -1.944923996925354,
      -1.8314012289047241,
      -1.6744743585586548,
      -1.4107736349105835,
      -0.8469098210334778,
      0.8325914740562439,
      3.685875177383423,
      4.0795416831970215,
      3.501891851425171,
      2.7796432971954346,
      2.1915130615234375,
      1.7911702394485474,
      1.5273551940917969,
      1.3485158681869507,
      1.2213636636734009,
      1.1262074708938599,
      -2.6495254039764404,
      -2.5209996700286865,
      -2.4042508602142334,
      -2.297109365463257,
      -2.1974194049835205,
      -2.102616786956787,
      -2.009028434753418,
      -1.9103596210479736,
      -1.7940735816955566,
      -1.6323670148849487,
      -1.3578089475631714,
      -0.7576125264167786,
      1.0408982038497925,
      3.8215365409851074,
      4.061557769775391,
      3.4619743824005127,
      2.7424962520599365,
      2.1665546894073486,
      1.7761942148208618,
      1.5184627771377563,
      1.3430453538894653,
      1.2177547216415405,
      1.1235634088516235,
      -2.66042160987854,
      -2.530719518661499,
      -2.4129364490509033,
      -2.304854393005371,
      -2.204271078109741,
      -2.1085734367370605,
      -2.01403546333313,
      -1.9142955541610718,
      -1.7966551780700684,
      -1.6327464580535889,
      -1.353132724761963,
      -0.7355640530586243,
      1.1151155233383179,
      3.8551809787750244,
      4.0365424156188965,
      3.4283106327056885,
      2.7128992080688477,
      2.1456146240234375,
      1.7619541883468628,
      1.5083210468292236
    ],