{
  "run_name": "ppo_sparse_only_e_0p900_seed_2_alpha_0p010_ztol_0p000_wc_1p000_beta_0p000",
  "algorithm": "ppo",
  "seed": 2,
  "timesteps": 500000,
  "reward_variant": "sparse_only",
  "collision_restitution": 0.9,
  "collision_reward_weight": 1.0,
  "z_position_penalty_weight": 0.01,
  "z_position_tolerance": 0.0,
  "swing_growth_reward_weight": 0.0,
  "model_path": "/Users/ahmadataka/Documents/Bitbucket - Ataka/latto_latto_control/models/benchmark/ppo_sparse_only_e_0p900_seed_2_alpha_0p010_ztol_0p000_wc_1p000_beta_0p000.zip",
  "evaluation": {
    "reward_sum": 0.0,
    "alternating_collisions": 0,
    "longest_alternating_streak": 0,
    "total_collisions": 5,
    "time_to_first_alternating_collision": null,
    "mean_abs_z": 0.4042404001520481,
    "max_abs_z": 0.85580974817276,
    "mean_collision_energy_loss": 5.169037246704102,
    "time": [
      0.0,
      0.02,
      0.04,
      0.06,
      0.08,
      0.1,
      0.12000000000000001,
      0.14,
      0.16,
      0.18,
      0.19999999999999998,
      0.21999999999999997,
      0.23999999999999996,
      0.25999999999999995,
      0.27999999999999997,
      0.3,
      0.32,
      0.34,
      0.36000000000000004,
      0.38000000000000006,
      0.4000000000000001,
      0.4200000000000001,
      0.4400000000000001,
      0.46000000000000013,
      0.48000000000000015,
      0.5000000000000001,
      0.5200000000000001,
      0.5400000000000001,
      0.5600000000000002,
      0.5800000000000002,
      0.6000000000000002,
      0.6200000000000002,
      0.6400000000000002,
      0.6600000000000003,
      0.6800000000000003,
      0.7000000000000003,
      0.7200000000000003,
      0.7400000000000003,
      0.7600000000000003,
      0.7800000000000004,
      0.8000000000000004,
      0.8200000000000004,
      0.8400000000000004,
      0.8600000000000004,
      0.8800000000000004,
      0.9000000000000005,
      0.9200000000000005,
      0.9400000000000005,
      0.9600000000000005,
      0.9800000000000005,
      1.0000000000000004,
      1.0200000000000005,
      1.0400000000000005,
      1.0600000000000005,
      1.0800000000000005,
      1.1000000000000005,
      1.1200000000000006,
      1.1400000000000006,
      1.1600000000000006,
      1.1800000000000006,
      1.2000000000000006,
      1.2200000000000006,
      1.2400000000000007,
      1.2600000000000007,
      1.2800000000000007,
      1.3000000000000007,
      1.3200000000000007,
      1.3400000000000007,
      1.3600000000000008,
      1.3800000000000008,
      1.4000000000000008,
      1.4200000000000008,
      1.4400000000000008,
      1.4600000000000009,
      1.4800000000000009,
      1.5000000000000009,
      1.520000000000001,
      1.540000000000001,
      1.560000000000001,
      1.580000000000001,
      1.600000000000001,
      1.620000000000001,
      1.640000000000001,
      1.660000000000001,
      1.680000000000001,
      1.700000000000001,
      1.720000000000001,
      1.740000000000001,
      1.7600000000000011,
      1.7800000000000011,
      1.8000000000000012,
      1.8200000000000012,
      1.8400000000000012,
      1.8600000000000012,
      1.8800000000000012,
      1.9000000000000012,
      1.9200000000000013,
      1.9400000000000013,
      1.9600000000000013,
      1.9800000000000013
    ],
    "action": [
      4.007325172424316,
      5.191426753997803,
      4.694352626800537,
      3.4832241535186768,
      2.8598618507385254,
      2.5339157581329346,
      2.2852344512939453,
      2.0618460178375244,
      1.847300410270691,
      1.630869746208191,
      -4.063248634338379,
      -3.848222494125366,
      -3.5683469772338867,
      -3.214057445526123,
      -2.779045581817627,
      -2.2650251388549805,
      -1.6881678104400635,
      -1.0831795930862427,
      -0.49813705682754517,
      0.016998574137687683,
      0.4214279055595398,
      0.8266080021858215,
      2.9491405487060547,
      4.0350518226623535,
      3.989633083343506,
      3.041281223297119,
      2.4986953735351562,
      2.238833427429199,
      2.0364890098571777,
      1.8454796075820923,
      1.6559951305389404,
      1.4609975814819336,
      -4.129462242126465,
      -3.9366941452026367,
      -3.679363250732422,
      -3.3452205657958984,
      -2.924907922744751,
      -2.4171557426452637,
      -1.8353062868118286,
      -1.211191177368164,
      -0.5910008549690247,
      -0.028404735028743744,
      0.41191595792770386,
      0.8406102061271667,
      2.874561071395874,
      3.466444492340088,
      3.338366985321045,
      2.589808940887451,
      2.2113723754882812,
      2.048875093460083,
      1.9035258293151855,
      1.7470130920410156,
      1.580117106437683,
      1.401116967201233,
      1.2030792236328125,
      -4.092057704925537,
      -3.896519660949707,
      -3.6339848041534424,
      -3.291524887084961,
      -2.8598811626434326,
      -2.3392109870910645,
      -1.745031714439392,
      -1.109514594078064,
      -0.47513389587402344,
      0.10690367221832275,
      0.5552958250045776,
      1.1579365730285645,
      3.0784788131713867,
      3.0546791553497314,
      2.542205810546875,
      1.869715690612793,
      1.714332103729248,
      1.7045353651046753,
      1.6576679944992065,
      1.5618972778320312,
      1.4319791793823242,
      1.2747302055358887,
      1.087356448173523,
      -3.942434310913086,
      -3.7214229106903076,
      -3.429069757461548,
      -3.054677724838257,
      -2.5934324264526367,
      -2.051640510559082,
      -1.4498012065887451,
      -0.8191860318183899,
      -0.19456613063812256,
      0.37520456314086914,
      0.805928111076355,
      2.024174690246582,
      3.1223740577697754,
      2.6000781059265137,
      1.6990125179290771,
      1.1280407905578613,
      1.0843476057052612,
      1.1752222776412964,
      1.2329113483428955,
      1.2202814817428589,
      1.145113229751587,
      1.0180528163909912
    ],