{
  "run_name": "ppo_z_penalty_e_0p900_seed_0_alpha_0p010_ztol_0p000_wc_1p000_beta_0p000",
  "algorithm": "ppo",
  "seed": 0,
  "timesteps": 500000,
  "reward_variant": "z_penalty",
  "collision_restitution": 0.9,
  "collision_reward_weight": 1.0,
  "z_position_penalty_weight": 0.01,
  "z_position_tolerance": 0.0,
  "swing_growth_reward_weight": 0.0,
  "model_path": "/Users/ahmadataka/Documents/Bitbucket - Ataka/latto_latto_control/models/benchmark/ppo_z_penalty_e_0p900_seed_0_alpha_0p010_ztol_0p000_wc_1p000_beta_0p000.zip",
  "evaluation": {
    "reward_sum": -0.0018394942824713212,
    "alternating_collisions": 0,
    "longest_alternating_streak": 0,
    "total_collisions": 5,
    "time_to_first_alternating_collision": null,
    "mean_abs_z": 0.03074233963881852,
    "max_abs_z": 0.0962882861495018,
    "mean_collision_energy_loss": 1.7590930461883545,
    "time": [
      0.0,
      0.02,
      0.04,
      0.06,
      0.08,
      0.1,
      0.12000000000000001,
      0.14,
      0.16,
      0.18,
      0.19999999999999998,
      0.21999999999999997,
      0.23999999999999996,
      0.25999999999999995,
      0.27999999999999997,
      0.3,
      0.32,
      0.34,
      0.36000000000000004,
      0.38000000000000006,
      0.4000000000000001,
      0.4200000000000001,
      0.4400000000000001,
      0.46000000000000013,
      0.48000000000000015,
      0.5000000000000001,
      0.5200000000000001,
      0.5400000000000001,
      0.5600000000000002,
      0.5800000000000002,
      0.6000000000000002,
      0.6200000000000002,
      0.6400000000000002,
      0.6600000000000003,
      0.6800000000000003,
      0.7000000000000003,
      0.7200000000000003,
      0.7400000000000003,
      0.7600000000000003,
      0.7800000000000004,
      0.8000000000000004,
      0.8200000000000004,
      0.8400000000000004,
      0.8600000000000004,
      0.8800000000000004,
      0.9000000000000005,
      0.9200000000000005,
      0.9400000000000005,
      0.9600000000000005,
      0.9800000000000005,
      1.0000000000000004,
      1.0200000000000005,
      1.0400000000000005,
      1.0600000000000005,
      1.0800000000000005,
      1.1000000000000005,
      1.1200000000000006,
      1.1400000000000006,
      1.1600000000000006,
      1.1800000000000006,
      1.2000000000000006,
      1.2200000000000006,
      1.2400000000000007,
      1.2600000000000007,
      1.2800000000000007,
      1.3000000000000007,
      1.3200000000000007,
      1.3400000000000007,
      1.3600000000000008,
      1.3800000000000008,
      1.4000000000000008,
      1.4200000000000008,
      1.4400000000000008,
      1.4600000000000009,
      1.4800000000000009,
      1.5000000000000009,
      1.520000000000001,
      1.540000000000001,
      1.560000000000001,
      1.580000000000001,
      1.600000000000001,
      1.620000000000001,
      1.640000000000001,
      1.660000000000001,
      1.680000000000001,
      1.700000000000001,
      1.720000000000001,
      1.740000000000001,
      1.7600000000000011,
      1.7800000000000011,
      1.8000000000000012,
      1.8200000000000012,
      1.8400000000000012,
      1.8600000000000012,
      1.8800000000000012,
      1.9000000000000012,
      1.9200000000000013,
      1.9400000000000013,
      1.9600000000000013,
      1.9800000000000013
    ],
    "action": [
      0.4032166302204132,
      0.17679095268249512,
      -0.08575084805488586,
      -0.34903934597969055,
      -0.5504962801933289,
      -0.6696038246154785,
      -0.7270621061325073,
      -0.7490676045417786,
      -0.7523674368858337,
      -0.7447620630264282,
      -0.7288481593132019,
      -0.7043850421905518,
      0.8696129322052002,
      0.8443362712860107,
      0.8159159421920776,
      0.7822928428649902,
      0.7427431344985962,
      0.7002373337745667,
      0.6657009720802307,
      0.659765362739563,
      0.6876922249794006,
      0.6789221167564392,
      0.560248851776123,
      0.3705511689186096,
      0.14843562245368958,
      -0.0864991843700409,
      -0.30551835894584656,
      -0.4754280149936676,
      -0.5853104591369629,
      -0.6456366777420044,
      -0.6723119020462036,
      -0.6774449348449707,
      -0.6677458882331848,
      -0.6458607316017151,
      0.8658433556556702,
      0.8283991813659668,
      0.7851999998092651,
      0.7330653667449951,
      0.669638991355896,
      0.5952547788619995,
      0.516586422920227,
      0.44962576031684875,
      0.4089490473270416,
      0.3748631775379181,
      0.3000454604625702,
      0.17241662740707397,
      0.0136663056910038,
      -0.15358886122703552,
      -0.30756011605262756,
      -0.430252343416214,
      -0.5151752233505249,
      -0.5657492280006409,
      -0.5892477035522461,
      -0.592309296131134,
      -0.5792210102081299,
      0.8038488030433655,
      0.7481746077537537,
      0.6821495294570923,
      0.6020808815956116,
      0.5056174397468567,
      0.39415624737739563,
      0.2767581641674042,
      0.17271460592746735,
      0.10330051183700562,
      0.06725496053695679,
      0.03286728635430336,
      -0.025613512843847275,
      -0.10807248950004578,
      -0.20280137658119202,
      -0.29581570625305176,
      -0.3751908242702484,
      -0.4342772662639618,
      -0.47163066267967224,
      -0.48887231945991516,
      -0.4884992837905884,
      -0.4725470244884491,
      0.7185881733894348,
      0.6478439569473267,
      0.564997136592865,
      0.467740923166275,
      0.35618528723716736,
      0.23503616452217102,
      0.11577314138412476,
      0.015859875828027725,
      -0.04956137761473656,
      -0.08159856498241425,
      -0.10000866651535034,
      -0.1252886950969696,
      -0.16451942920684814,
      -0.21398529410362244,
      -0.2658785283565521,
      -0.31252360343933105,
      -0.3484759032726288,
      -0.3709375858306885,
      -0.37911155819892883,
      -0.3732520639896393,
      0.6063024997711182,
      0.5248405337333679,
      0.43240511417388916,
      0.32905319333076477
    ],