{
  "run_name": "ppo_swing_growth_e_0p900_seed_1_alpha_0p010_ztol_0p000_wc_1p000_beta_0p050",
  "algorithm": "ppo",
  "seed": 1,
  "timesteps": 500000,
  "reward_variant": "swing_growth",
  "collision_restitution": 0.9,
  "collision_reward_weight": 1.0,
  "z_position_penalty_weight": 0.01,
  "z_position_tolerance": 0.0,
  "swing_growth_reward_weight": 0.05,
  "model_path": "/Users/ahmadataka/Documents/Bitbucket - Ataka/latto_latto_control/models/benchmark/ppo_swing_growth_e_0p900_seed_1_alpha_0p010_ztol_0p000_wc_1p000_beta_0p050.zip",
  "evaluation": {
    "reward_sum": 0.22745268013211728,
    "alternating_collisions": 0,
    "longest_alternating_streak": 0,
    "total_collisions": 4,
    "time_to_first_alternating_collision": null,
    "mean_abs_z": 0.019124989424017257,
    "max_abs_z": 0.04682675004005432,
    "mean_collision_energy_loss": 5.2903265953063965,
    "time": [
      0.0,
      0.02,
      0.04,
      0.06,
      0.08,
      0.1,
      0.12000000000000001,
      0.14,
      0.16,
      0.18,
      0.19999999999999998,
      0.21999999999999997,
      0.23999999999999996,
      0.25999999999999995,
      0.27999999999999997,
      0.3,
      0.32,
      0.34,
      0.36000000000000004,
      0.38000000000000006,
      0.4000000000000001,
      0.4200000000000001,
      0.4400000000000001,
      0.46000000000000013,
      0.48000000000000015,
      0.5000000000000001,
      0.5200000000000001,
      0.5400000000000001,
      0.5600000000000002,
      0.5800000000000002,
      0.6000000000000002,
      0.6200000000000002,
      0.6400000000000002,
      0.6600000000000003,
      0.6800000000000003,
      0.7000000000000003,
      0.7200000000000003,
      0.7400000000000003,
      0.7600000000000003,
      0.7800000000000004,
      0.8000000000000004,
      0.8200000000000004,
      0.8400000000000004,
      0.8600000000000004,
      0.8800000000000004,
      0.9000000000000005,
      0.9200000000000005,
      0.9400000000000005,
      0.9600000000000005,
      0.9800000000000005,
      1.0000000000000004,
      1.0200000000000005,
      1.0400000000000005,
      1.0600000000000005,
      1.0800000000000005,
      1.1000000000000005,
      1.1200000000000006,
      1.1400000000000006,
      1.1600000000000006,
      1.1800000000000006,
      1.2000000000000006,
      1.2200000000000006,
      1.2400000000000007,
      1.2600000000000007,
      1.2800000000000007,
      1.3000000000000007,
      1.3200000000000007,
      1.3400000000000007,
      1.3600000000000008,
      1.3800000000000008,
      1.4000000000000008,
      1.4200000000000008,
      1.4400000000000008,
      1.4600000000000009,
      1.4800000000000009,
      1.5000000000000009,
      1.520000000000001,
      1.540000000000001,
      1.560000000000001,
      1.580000000000001,
      1.600000000000001,
      1.620000000000001,
      1.640000000000001,
      1.660000000000001,
      1.680000000000001,
      1.700000000000001,
      1.720000000000001,
      1.740000000000001,
      1.7600000000000011,
      1.7800000000000011,
      1.8000000000000012,
      1.8200000000000012,
      1.8400000000000012,
      1.8600000000000012,
      1.8800000000000012,
      1.9000000000000012,
      1.9200000000000013,
      1.9400000000000013,
      1.9600000000000013,
      1.9800000000000013
    ],
    "action": [
      -1.6918094158172607,
      1.0245251655578613,
      2.1547958850860596,
      2.1344592571258545,
      2.0284366607666016,
      1.9297385215759277,
      1.8425507545471191,
      1.763622522354126,
      1.688244342803955,
      1.6118998527526855,
      1.5306942462921143,
      -2.9716219902038574,
      -2.890723705291748,
      -2.8127732276916504,
      -2.7355494499206543,
      -2.656646251678467,
      -2.5729689598083496,
      -2.47992205619812,
      -2.369978189468384,
      -2.2297537326812744,
      -2.0321812629699707,
      -1.7079076766967773,
      -1.0277643203735352,
      0.6222394108772278,
      3.014331102371216,
      3.3688645362854004,
      2.8593287467956543,
      2.535926103591919,
      2.3313486576080322,
      2.182913303375244,
      2.0655980110168457,
      1.9654312133789062,
      1.8731870651245117,
      1.7823848724365234,
      -2.8170297145843506,
      -2.7316761016845703,
      -2.648081064224243,
      -2.5642147064208984,
      -2.477722644805908,
      -2.385410785675049,
      -2.282428503036499,
      -2.160792827606201,
      -2.0059709548950195,
      -1.786220908164978,
      -1.4107863903045654,
      -0.5746372938156128,
      1.342550277709961,
      3.469022274017334,
      3.3938629627227783,
      2.858376979827881,
      2.544339656829834,
      2.3432555198669434,
      2.1965272426605225,
      2.0801193714141846,
      1.9802331924438477,
      1.8877716064453125,
      1.7963671684265137,
      -2.8022756576538086,
      -2.7178797721862793,
      -2.6352596282958984,
      -2.552441120147705,
      -2.46712589263916,
      -2.376192331314087,
      -2.2749054431915283,
      -2.155489921569824,
      -2.0038533210754395,
      -1.7894132137298584,
      -1.425308108329773,
      -0.6178695559501648,
      1.26039719581604,
      3.448314666748047,
      3.4214529991149902,
      2.8753085136413574,
      2.555095911026001,
      2.351605176925659,
      2.203885555267334,
      2.0872530937194824,
      1.9876116514205933,
      1.8956923484802246,
      1.8050401210784912,
      -2.7894644737243652,
      -2.7060012817382812,
      -2.624340057373047,
      -2.5425586700439453,
      -2.458411693572998,
      -2.3688454627990723,
      -2.269232749938965,
      -2.15199613571167,
      -2.003460168838501,
      -1.7941601276397705,
      -1.4410364627838135,
      -0.66197669506073,
      1.1748145818710327,
      3.4204046726226807,
      3.4483885765075684,
      2.8922107219696045,
      2.565634250640869,
      2.359672784805298,
      2.2109174728393555,
      2.0940232276916504
    ],