{
  "run_name": "ppo_z_penalty_e_0p900_seed_1_alpha_0p010_ztol_0p000_wc_1p000_beta_0p000",
  "algorithm": "ppo",
  "seed": 1,
  "timesteps": 500000,
  "reward_variant": "z_penalty",
  "collision_restitution": 0.9,
  "collision_reward_weight": 1.0,
  "z_position_penalty_weight": 0.01,
  "z_position_tolerance": 0.0,
  "swing_growth_reward_weight": 0.0,
  "model_path": "/Users/ahmadataka/Documents/Bitbucket - Ataka/latto_latto_control/models/benchmark/ppo_z_penalty_e_0p900_seed_1_alpha_0p010_ztol_0p000_wc_1p000_beta_0p000.zip",
  "evaluation": {
    "reward_sum": -0.0019782035222205563,
    "alternating_collisions": 0,
    "longest_alternating_streak": 0,
    "total_collisions": 5,
    "time_to_first_alternating_collision": null,
    "mean_abs_z": 0.04089481590344803,
    "max_abs_z": 0.06783692538738251,
    "mean_collision_energy_loss": 2.9899487495422363,
    "time": [
      0.0,
      0.02,
      0.04,
      0.06,
      0.08,
      0.1,
      0.12000000000000001,
      0.14,
      0.16,
      0.18,
      0.19999999999999998,
      0.21999999999999997,
      0.23999999999999996,
      0.25999999999999995,
      0.27999999999999997,
      0.3,
      0.32,
      0.34,
      0.36000000000000004,
      0.38000000000000006,
      0.4000000000000001,
      0.4200000000000001,
      0.4400000000000001,
      0.46000000000000013,
      0.48000000000000015,
      0.5000000000000001,
      0.5200000000000001,
      0.5400000000000001,
      0.5600000000000002,
      0.5800000000000002,
      0.6000000000000002,
      0.6200000000000002,
      0.6400000000000002,
      0.6600000000000003,
      0.6800000000000003,
      0.7000000000000003,
      0.7200000000000003,
      0.7400000000000003,
      0.7600000000000003,
      0.7800000000000004,
      0.8000000000000004,
      0.8200000000000004,
      0.8400000000000004,
      0.8600000000000004,
      0.8800000000000004,
      0.9000000000000005,
      0.9200000000000005,
      0.9400000000000005,
      0.9600000000000005,
      0.9800000000000005,
      1.0000000000000004,
      1.0200000000000005,
      1.0400000000000005,
      1.0600000000000005,
      1.0800000000000005,
      1.1000000000000005,
      1.1200000000000006,
      1.1400000000000006,
      1.1600000000000006,
      1.1800000000000006,
      1.2000000000000006,
      1.2200000000000006,
      1.2400000000000007,
      1.2600000000000007,
      1.2800000000000007,
      1.3000000000000007,
      1.3200000000000007,
      1.3400000000000007,
      1.3600000000000008,
      1.3800000000000008,
      1.4000000000000008,
      1.4200000000000008,
      1.4400000000000008,
      1.4600000000000009,
      1.4800000000000009,
      1.5000000000000009,
      1.520000000000001,
      1.540000000000001,
      1.560000000000001,
      1.580000000000001,
      1.600000000000001,
      1.620000000000001,
      1.640000000000001,
      1.660000000000001,
      1.680000000000001,
      1.700000000000001,
      1.720000000000001,
      1.740000000000001,
      1.7600000000000011,
      1.7800000000000011,
      1.8000000000000012,
      1.8200000000000012,
      1.8400000000000012,
      1.8600000000000012,
      1.8800000000000012,
      1.9000000000000012,
      1.9200000000000013,
      1.9400000000000013,
      1.9600000000000013,
      1.9800000000000013
    ],
    "action": [
      0.7785164713859558,
      1.3226019144058228,
      1.4694461822509766,
      1.4091336727142334,
      1.2831262350082397,
      1.1355067491531372,
      0.9803054928779602,
      0.8234514594078064,
      0.6684608459472656,
      0.5180919766426086,
      0.3748178780078888,
      -1.6672751903533936,
      -1.519048810005188,
      -1.36606764793396,
      -1.2160968780517578,
      -1.0770641565322876,
      -0.955461859703064,
      -0.8546485304832458,
      -0.7730348110198975,
      -0.7016785740852356,
      -0.6207021474838257,
      -0.493891179561615,
      -0.210549458861351,
      0.37122127413749695,
      0.9084966778755188,
      1.1011182069778442,
      1.0833178758621216,
      0.9912952780723572,
      0.8751749992370605,
      0.7513558864593506,
      0.6259976625442505,
      0.5021089911460876,
      0.38175860047340393,
      0.2667641043663025,
      -1.707205891609192,
      -1.5647212266921997,
      -1.4173673391342163,
      -1.2724195718765259,
      -1.136988878250122,
      -1.0163865089416504,
      -0.9125392436981201,
      -0.8224998712539673,
      -0.7373092174530029,
      -0.6424523591995239,
      -0.49260929226875305,
      -0.12397291511297226,
      0.4716055393218994,
      0.9367724061012268,
      1.096748948097229,
      1.0805960893630981,
      0.9973215460777283,
      0.8897632956504822,
      0.773451030254364,
      0.654832124710083,
      0.5372580885887146,
      0.4229985475540161,
      -1.5679664611816406,
      -1.4158934354782104,
      -1.2633274793624878,
      -1.1171401739120483,
      -0.982769787311554,
      -0.8629629611968994,
      -0.7567005753517151,
      -0.658208966255188,
      -0.5564839243888855,
      -0.4278852343559265,
      -0.17841629683971405,
      0.2974517345428467,
      0.8262370228767395,
      1.1269484758377075,
      1.1937127113342285,
      1.144246220588684,
      1.0482817888259888,
      0.9342905879020691,
      0.8140915036201477,
      0.6933320760726929,
      0.5752400755882263,
      0.462035596370697,
      -1.4411379098892212,
      -1.2921202182769775,
      -1.1458594799041748,
      -1.0075658559799194,
      -0.8804028034210205,
      -0.7645031213760376,
      -0.6558560729026794,
      -0.544805109500885,
      -0.41382381319999695,
      -0.22477687895298004,
      0.10671816021203995,
      0.5797767639160156,
      0.9814714789390564,
      1.1639485359191895,
      1.1787915229797363,
      1.1118031740188599,
      1.0102125406265259,
      0.8951405882835388,
      0.7763628959655762,
      0.6589086055755615,
      0.5457056760787964,
      -1.3765926361083984
    ],