{
  "run_name": "ppo_sparse_only_e_0p900_seed_1_alpha_0p010_ztol_0p000_wc_1p000_beta_0p000",
  "algorithm": "ppo",
  "seed": 1,
  "timesteps": 500000,
  "reward_variant": "sparse_only",
  "collision_restitution": 0.9,
  "collision_reward_weight": 1.0,
  "z_position_penalty_weight": 0.01,
  "z_position_tolerance": 0.0,
  "swing_growth_reward_weight": 0.0,
  "model_path": "/Users/ahmadataka/Documents/Bitbucket - Ataka/latto_latto_control/models/benchmark/ppo_sparse_only_e_0p900_seed_1_alpha_0p010_ztol_0p000_wc_1p000_beta_0p000.zip",
  "evaluation": {
    "reward_sum": 0.0,
    "alternating_collisions": 0,
    "longest_alternating_streak": 0,
    "total_collisions": 5,
    "time_to_first_alternating_collision": null,
    "mean_abs_z": 0.2969754485976591,
    "max_abs_z": 0.950873076915741,
    "mean_collision_energy_loss": 1.885871458053589,
    "time": [
      0.0,
      0.02,
      0.04,
      0.06,
      0.08,
      0.1,
      0.12000000000000001,
      0.14,
      0.16,
      0.18,
      0.19999999999999998,
      0.21999999999999997,
      0.23999999999999996,
      0.25999999999999995,
      0.27999999999999997,
      0.3,
      0.32,
      0.34,
      0.36000000000000004,
      0.38000000000000006,
      0.4000000000000001,
      0.4200000000000001,
      0.4400000000000001,
      0.46000000000000013,
      0.48000000000000015,
      0.5000000000000001,
      0.5200000000000001,
      0.5400000000000001,
      0.5600000000000002,
      0.5800000000000002,
      0.6000000000000002,
      0.6200000000000002,
      0.6400000000000002,
      0.6600000000000003,
      0.6800000000000003,
      0.7000000000000003,
      0.7200000000000003,
      0.7400000000000003,
      0.7600000000000003,
      0.7800000000000004,
      0.8000000000000004,
      0.8200000000000004,
      0.8400000000000004,
      0.8600000000000004,
      0.8800000000000004,
      0.9000000000000005,
      0.9200000000000005,
      0.9400000000000005,
      0.9600000000000005,
      0.9800000000000005,
      1.0000000000000004,
      1.0200000000000005,
      1.0400000000000005,
      1.0600000000000005,
      1.0800000000000005,
      1.1000000000000005,
      1.1200000000000006,
      1.1400000000000006,
      1.1600000000000006,
      1.1800000000000006,
      1.2000000000000006,
      1.2200000000000006,
      1.2400000000000007,
      1.2600000000000007,
      1.2800000000000007,
      1.3000000000000007,
      1.3200000000000007,
      1.3400000000000007,
      1.3600000000000008,
      1.3800000000000008,
      1.4000000000000008,
      1.4200000000000008,
      1.4400000000000008,
      1.4600000000000009,
      1.4800000000000009,
      1.5000000000000009,
      1.520000000000001,
      1.540000000000001,
      1.560000000000001,
      1.580000000000001,
      1.600000000000001,
      1.620000000000001,
      1.640000000000001,
      1.660000000000001,
      1.680000000000001,
      1.700000000000001,
      1.720000000000001,
      1.740000000000001,
      1.7600000000000011,
      1.7800000000000011,
      1.8000000000000012,
      1.8200000000000012,
      1.8400000000000012,
      1.8600000000000012,
      1.8800000000000012,
      1.9000000000000012,
      1.9200000000000013,
      1.9400000000000013,
      1.9600000000000013,
      1.9800000000000013
    ],
    "action": [
      0.5976059436798096,
      1.5150917768478394,
      1.294911503791809,
      0.07506510615348816,
      -0.704997181892395,
      -0.887521505355835,
      -0.9370929002761841,
      -0.9560825824737549,
      -0.9655872583389282,
      -0.9712353944778442,
      -0.9748809337615967,
      -0.9772111177444458,
      1.2842844724655151,
      1.2893065214157104,
      1.2967058420181274,
      1.3076945543289185,
      1.3242363929748535,
      1.3477481603622437,
      1.3712623119354248,
      1.3604403734207153,
      1.2397264242172241,
      0.8544273376464844,
      0.24438180029392242,
      0.17416490614414215,
      1.3756979703903198,
      1.4792736768722534,
      0.9919320344924927,
      0.0761779248714447,
      -0.5534088611602783,
      -0.7921566963195801,
      -0.880121111869812,
      -0.9172462224960327,
      -0.9348903894424438,
      1.2923518419265747,
      1.2996705770492554,
      1.309931993484497,
      1.3227602243423462,
      1.332898736000061,
      1.32125985622406,
      1.2423241138458252,
      1.0067471265792847,
      0.48523154854774475,
      -0.07752339541912079,
      -0.5921608209609985,
      -0.43047425150871277,
      0.8060265779495239,
      1.4982129335403442,
      1.5407633781433105,
      1.4608373641967773,
      1.2780855894088745,
      0.9730521440505981,
      0.6006115674972534,
      0.26928529143333435,
      0.04120299220085144,
      1.2882622480392456,
      1.288798213005066,
      1.27532958984375,
      1.2276006937026978,
      1.1056913137435913,
      0.8380439281463623,
      0.3668343126773834,
      -0.11679111421108246,
      -0.4760065972805023,
      -0.8696120977401733,
      -1.2486177682876587,
      -1.0887666940689087,
      -0.25236383080482483,
      0.7529188394546509,
      1.3675109148025513,
      1.5389082431793213,
      1.557235598564148,
      1.5601640939712524,
      1.5588791370391846,
      1.555071234703064,
      1.5515522956848145,
      1.0409021377563477,
      0.9340136051177979,
      0.7421574592590332,
      0.44646120071411133,
      0.1008262187242508,
      -0.2053816020488739,
      -0.45213720202445984,
      -0.6810950040817261,
      -0.9904812574386597,
      -1.3528891801834106,
      -1.4368327856063843,
      -1.067772388458252,
      -0.4285254180431366,
      0.19490477442741394,
      0.7983729839324951,
      1.2672852277755737,
      1.499768614768982,
      1.5679140090942383,
      1.576702356338501,
      1.5750104188919067,
      1.5729979276657104,
      0.17937849462032318,
      0.055889710783958435,
      -0.0874556303024292,
      -0.23816996812820435
    ],