{
  "run_name": "a2c_swing_growth_e_0p950_seed_2_alpha_0p010_ztol_0p000_wc_1p000_beta_0p050",
  "controller": "a2c",
  "controller_family": "rl",
  "seed": 2,
  "timesteps": 500000,
  "reward_variant": "swing_growth",
  "collision_restitution": 0.95,
  "collision_reward_weight": 1.0,
  "z_position_penalty_weight": 0.01,
  "z_position_tolerance": 0.0,
  "swing_growth_reward_weight": 0.05,
  "model_path": "/Users/ahmadataka/Documents/Bitbucket - Ataka/latto_latto_control/models/restitution_sweep/a2c_swing_growth_e_0p950_seed_2_alpha_0p010_ztol_0p000_wc_1p000_beta_0p050.zip",
  "evaluation": {
    "reward_sum": 11.714667121290582,
    "alternating_collisions": 11,
    "longest_alternating_streak": 11,
    "total_collisions": 12,
    "time_to_first_alternating_collision": 0.5200000000000001,
    "mean_abs_z": 0.27724004322779366,
    "max_abs_z": 0.6012823581695557,
    "mean_collision_energy_loss": 26.708587328592937,
    "time": [
      0.0,
      0.02,
      0.04,
      0.06,
      0.08,
      0.1,
      0.12000000000000001,
      0.14,
      0.16,
      0.18,
      0.19999999999999998,
      0.21999999999999997,
      0.23999999999999996,
      0.25999999999999995,
      0.27999999999999997,
      0.3,
      0.32,
      0.34,
      0.36000000000000004,
      0.38000000000000006,
      0.4000000000000001,
      0.4200000000000001,
      0.4400000000000001,
      0.46000000000000013,
      0.48000000000000015,
      0.5000000000000001,
      0.5200000000000001,
      0.5400000000000001,
      0.5600000000000002,
      0.5800000000000002,
      0.6000000000000002,
      0.6200000000000002,
      0.6400000000000002,
      0.6600000000000003,
      0.6800000000000003,
      0.7000000000000003,
      0.7200000000000003,
      0.7400000000000003,
      0.7600000000000003,
      0.7800000000000004,
      0.8000000000000004,
      0.8200000000000004,
      0.8400000000000004,
      0.8600000000000004,
      0.8800000000000004,
      0.9000000000000005,
      0.9200000000000005,
      0.9400000000000005,
      0.9600000000000005,
      0.9800000000000005,
      1.0000000000000004,
      1.0200000000000005,
      1.0400000000000005,
      1.0600000000000005,
      1.0800000000000005,
      1.1000000000000005,
      1.1200000000000006,
      1.1400000000000006,
      1.1600000000000006,
      1.1800000000000006,
      1.2000000000000006,
      1.2200000000000006,
      1.2400000000000007,
      1.2600000000000007,
      1.2800000000000007,
      1.3000000000000007,
      1.3200000000000007,
      1.3400000000000007,
      1.3600000000000008,
      1.3800000000000008,
      1.4000000000000008,
      1.4200000000000008,
      1.4400000000000008,
      1.4600000000000009,
      1.4800000000000009,
      1.5000000000000009,
      1.520000000000001,
      1.540000000000001,
      1.560000000000001,
      1.580000000000001,
      1.600000000000001,
      1.620000000000001,
      1.640000000000001,
      1.660000000000001,
      1.680000000000001,
      1.700000000000001,
      1.720000000000001,
      1.740000000000001,
      1.7600000000000011,
      1.7800000000000011,
      1.8000000000000012,
      1.8200000000000012,
      1.8400000000000012,
      1.8600000000000012,
      1.8800000000000012,
      1.9000000000000012,
      1.9200000000000013,
      1.9400000000000013,
      1.9600000000000013,
      1.9800000000000013
    ],
    "action": [
      2.767935276031494,
      10.0,
      10.0,
      10.0,
      10.0,
      10.0,
      10.0,
      10.0,
      10.0,
      -10.0,
      -10.0,
      -10.0,
      -10.0,
      -10.0,
      -10.0,
      -10.0,
      -10.0,
      -10.0,
      -10.0,
      -10.0,
      -10.0,
      -10.0,
      -10.0,
      -10.0,
      -10.0,
      -10.0,
      -10.0,
      10.0,
      10.0,
      10.0,
      10.0,
      10.0,
      10.0,
      10.0,
      10.0,
      10.0,
      10.0,
      10.0,
      10.0,
      -10.0,
      -10.0,
      -10.0,
      -10.0,
      -10.0,
      -10.0,
      -10.0,
      -10.0,
      -10.0,
      10.0,
      10.0,
      10.0,
      10.0,
      10.0,
      10.0,
      10.0,
      10.0,
      -10.0,
      -10.0,
      -10.0,
      -10.0,
      -10.0,
      -10.0,
      -10.0,
      10.0,
      10.0,
      10.0,
      10.0,
      10.0,
      10.0,
      10.0,
      -10.0,
      -10.0,
      -10.0,
      -10.0,
      -10.0,
      -10.0,
      10.0,
      10.0,
      10.0,
      10.0,
      10.0,
      10.0,
      -10.0,
      -10.0,
      -10.0,
      -10.0,
      -10.0,
      -10.0,
      10.0,
      10.0,
      10.0,
      10.0,
      10.0,
      10.0,
      -10.0,
      -10.0,
      -10.0,
      -10.0,
      -10.0,
      -10.0
    ],
    "z": [
      0.0011071740882471204,
      0.006214347667992115,
      0.01532152108848095,
      0.0284286942332983,
      0.0455358661711216,
      0.06664303690195084,
      0.09175021201372147,
      0.12085738778114319,
      0.153964564204216,
      0.18307173252105713,
      0.20817890763282776,
      0.2292860746383667,
      0.24639324843883514,
      0.2595004141330719,
      0.26860758662223816,
      0.27371475100517273,
      0.274821937084198,
      0.2719291150569916,
      0.26503628492355347,
      0.25414344668388367,
      0.23925061523914337,
      0.22035779058933258,
      0.1974649727344513,
      0.17057214677333832,
      0.13967932760715485,
      0.10478650033473969,
      0.06589367240667343,
      0.03100084885954857,
      0.00010802410542964935,
      -0.026784799993038177,
      -0.04967762529850006,
      -0.06857044994831085,
      -0.08346327394247055,
      -0.09435609728097916,
      -0.10124891996383667,
      -0.10414174199104309,
      -0.10303456336259842,
      -0.09792739152908325,
      -0.08882021903991699,
      -0.08371304720640182,
      -0.08260586857795715,
      -0.08549869060516357,
      -0.09239151328802109,
      -0.1032843366265297,
      -0.11817716062068939,
      -0.13706998527050018,
      -0.15996280312538147,
      -0.18685562908649445,
      -0.20974844694137573,
      -0.22864127159118652,
      -0.24353408813476562,
      -0.25442689657211304,
      -0.26131972670555115,
      -0.26421254873275757,
      -0.2631053626537323,
      -0.25799819827079773,
      -0.25689101219177246,
      -0.2597838342189789,
      -0.266676664352417,
      -0.2775694727897644,
      -0.2924622893333435,
      -0.3113551139831543,
      -0.3342479467391968,
      -0.35314077138900757,
      -0.36803358793258667,
      -0.3789263963699341,
      -0.3858192265033722,
      -0.3887120485305786,
      -0.38760486245155334,
      -0.3824976980686188,
      -0.3813905119895935,
      -0.3842833340167999,
      -0.39117616415023804,
      -0.40206897258758545,
      -0.41696178913116455,
      -0.43585461378097534,
      -0.45074743032455444,
      -0.46164023876190186,
      -0.46853306889533997,
      -0.4714258909225464,
      -0.4703187048435211,
      -0.46521154046058655,
      -0.4641043543815613,
      -0.4669971764087677,
      -0.4738900065422058,
      -0.4847828149795532,
      -0.4996756315231323,
      -0.5185684561729431,
      -0.5334612727165222,
      -0.5443540811538696,
      -0.5512468814849854,
      -0.5541397333145142,
      -0.5530325770378113,
      -0.5479254126548767,
      -0.5468182563781738,
      -0.5497111082077026,
      -0.5566039085388184,
      -0.5674967169761658,
      -0.5823895335197449,
      -0.6012823581695557
    ],