{
  "run_name": "a2c_swing_growth_e_0p900_seed_1_alpha_0p010_ztol_0p000_wc_1p000_beta_0p050",
  "controller": "a2c",
  "controller_family": "rl",
  "seed": 1,
  "timesteps": 500000,
  "reward_variant": "swing_growth",
  "collision_restitution": 0.9,
  "collision_reward_weight": 1.0,
  "z_position_penalty_weight": 0.01,
  "z_position_tolerance": 0.0,
  "swing_growth_reward_weight": 0.05,
  "model_path": "/Users/ahmadataka/Documents/Bitbucket - Ataka/latto_latto_control/models/restitution_sweep/a2c_swing_growth_e_0p900_seed_1_alpha_0p010_ztol_0p000_wc_1p000_beta_0p050.zip",
  "evaluation": {
    "reward_sum": 6.50653077685061,
    "alternating_collisions": 8,
    "longest_alternating_streak": 8,
    "total_collisions": 9,
    "time_to_first_alternating_collision": 0.6400000000000002,
    "mean_abs_z": 1.2182937963865696,
    "max_abs_z": 2.2126002311706543,
    "mean_collision_energy_loss": 33.46883010864258,
    "time": [
      0.0,
      0.02,
      0.04,
      0.06,
      0.08,
      0.1,
      0.12000000000000001,
      0.14,
      0.16,
      0.18,
      0.19999999999999998,
      0.21999999999999997,
      0.23999999999999996,
      0.25999999999999995,
      0.27999999999999997,
      0.3,
      0.32,
      0.34,
      0.36000000000000004,
      0.38000000000000006,
      0.4000000000000001,
      0.4200000000000001,
      0.4400000000000001,
      0.46000000000000013,
      0.48000000000000015,
      0.5000000000000001,
      0.5200000000000001,
      0.5400000000000001,
      0.5600000000000002,
      0.5800000000000002,
      0.6000000000000002,
      0.6200000000000002,
      0.6400000000000002,
      0.6600000000000003,
      0.6800000000000003,
      0.7000000000000003,
      0.7200000000000003,
      0.7400000000000003,
      0.7600000000000003,
      0.7800000000000004,
      0.8000000000000004,
      0.8200000000000004,
      0.8400000000000004,
      0.8600000000000004,
      0.8800000000000004,
      0.9000000000000005,
      0.9200000000000005,
      0.9400000000000005,
      0.9600000000000005,
      0.9800000000000005,
      1.0000000000000004,
      1.0200000000000005,
      1.0400000000000005,
      1.0600000000000005,
      1.0800000000000005,
      1.1000000000000005,
      1.1200000000000006,
      1.1400000000000006,
      1.1600000000000006,
      1.1800000000000006,
      1.2000000000000006,
      1.2200000000000006,
      1.2400000000000007,
      1.2600000000000007,
      1.2800000000000007,
      1.3000000000000007,
      1.3200000000000007,
      1.3400000000000007,
      1.3600000000000008,
      1.3800000000000008,
      1.4000000000000008,
      1.4200000000000008,
      1.4400000000000008,
      1.4600000000000009,
      1.4800000000000009,
      1.5000000000000009,
      1.520000000000001,
      1.540000000000001,
      1.560000000000001,
      1.580000000000001,
      1.600000000000001,
      1.620000000000001,
      1.640000000000001,
      1.660000000000001,
      1.680000000000001,
      1.700000000000001,
      1.720000000000001,
      1.740000000000001,
      1.7600000000000011,
      1.7800000000000011,
      1.8000000000000012,
      1.8200000000000012,
      1.8400000000000012,
      1.8600000000000012,
      1.8800000000000012,
      1.9000000000000012,
      1.9200000000000013,
      1.9400000000000013,
      1.9600000000000013,
      1.9800000000000013
    ],
    "action": [
      -10.0,
      -10.0,
      -10.0,
      -10.0,
      -8.868560791015625,
      -4.757089138031006,
      6.8586626052856445,
      10.0,
      10.0,
      10.0,
      10.0,
      10.0,
      10.0,
      10.0,
      -10.0,
      -10.0,
      -10.0,
      -10.0,
      -10.0,
      -10.0,
      -10.0,
      -10.0,
      -10.0,
      -10.0,
      -10.0,
      -10.0,
      -10.0,
      -10.0,
      -10.0,
      -10.0,
      -9.436419486999512,
      -8.169173240661621,
      -6.842309474945068,
      10.0,
      10.0,
      10.0,
      10.0,
      10.0,
      10.0,
      10.0,
      10.0,
      10.0,
      10.0,
      10.0,
      10.0,
      -10.0,
      -10.0,
      -10.0,
      -9.619775772094727,
      -9.1404447555542,
      -8.596572875976562,
      -8.002644538879395,
      -7.395326137542725,
      -6.823643684387207,
      10.0,
      10.0,
      10.0,
      10.0,
      10.0,
      10.0,
      10.0,
      10.0,
      10.0,
      -7.509344100952148,
      -7.418898105621338,
      -7.227894306182861,
      -6.9561285972595215,
      -6.6299543380737305,
      -6.284855842590332,
      -5.959035873413086,
      -5.681739807128906,
      10.0,
      10.0,
      10.0,
      10.0,
      10.0,
      10.0,
      10.0,
      10.0,
      -6.436880588531494,
      -6.538771152496338,
      -6.512465000152588,
      -6.387937068939209,
      -6.199945449829102,
      -5.986939907073975,
      -5.784915447235107,
      -5.619341850280762,
      10.0,
      10.0,
      10.0,
      10.0,
      10.0,
      10.0,
      10.0,
      10.0,
      -6.851292133331299,
      -7.044061183929443,
      -7.104928493499756,
      -7.064414024353027,
      -6.951969623565674
    ],
    "z": [
      -0.003999999724328518,
      -0.011999999172985554,
      -0.023999998345971107,
      -0.03999999910593033,
      -0.05954742431640625,
      -0.08099768310785294,
      -0.09970447421073914,
      -0.11441127210855484,
      -0.12511806190013885,
      -0.13182485103607178,
      -0.1345316469669342,
      -0.13323844969272614,
      -0.12794524431228638,
      -0.11865203827619553,
      -0.11335883289575577,
      -0.1120656281709671,
      -0.11477242410182953,
      -0.12147922068834305,
      -0.13218601047992706,
      -0.14689280092716217,
      -0.16559959948062897,
      -0.18830639123916626,
      -0.21501319110393524,
      -0.24571998417377472,
      -0.2804267704486847,
      -0.31913357973098755,
      -0.3618403673171997,
      -0.40854716300964355,
      -0.4592539668083191,
      -0.5139607787132263,
      -0.5724421739578247,
      -0.6341912150382996,
      -0.6986771821975708,
      -0.7591631412506104,
      -0.8156490921974182,
      -0.8681350350379944,
      -0.9166209697723389,
      -0.9611068964004517,
      -1.0015928745269775,
      -1.038078784942627,
      -1.0705647468566895,
      -1.0990506410598755,
      -1.1235365867614746,
      -1.1440225839614868,
      -1.1605085134506226,
      -1.1809945106506348,
      -1.2054804563522339,
      -1.23396635055542,
      -1.2663002014160156,
      -1.3022902011871338,
      -1.3417189121246338,
      -1.3843486309051514,
      -1.4299365282058716,
      -1.4782538414001465,
      -1.5225712060928345,
      -1.562888503074646,
      -1.5992058515548706,
      -1.6315231323242188,
      -1.65984046459198,
      -1.6841577291488647,
      -1.7044750452041626,
      -1.720792293548584,
      -1.7331095933914185,
      -1.748430609703064,
      -1.7667192220687866,
      -1.7878990173339844,
      -1.811861276626587,
      -1.8384754657745361,
      -1.8676036596298218,
      -1.8991154432296753,
      -1.9328999519348145,
      -1.9626843929290771,
      -1.988468885421753,
      -2.010253429412842,
      -2.0280377864837646,
      -2.0418221950531006,
      -2.0516066551208496,
      -2.0573911666870117,
      -2.059175729751587,
      -2.06353497505188,
      -2.070509672164917,
      -2.0800893306732178,
      -2.09222412109375,
      -2.1068389415740967,
      -2.1238486766815186,
      -2.143172264099121,
      -2.164743661880493,
      -2.182314872741699,
      -2.1958861351013184,
      -2.2054574489593506,
      -2.211028814315796,
      -2.2126002311706543,
      -2.2101714611053467,
      -2.203742742538452,
      -2.1933140754699707,
      -2.1856260299682617,
      -2.180755615234375,
      -2.178727149963379,
      -2.1795244216918945,
      -2.1831023693084717
    ],