{
  "run_name": "a2c_z_penalty_e_0p900_seed_4_alpha_0p010_ztol_0p000_wc_1p000_beta_0p000",
  "controller": "a2c",
  "controller_family": "rl",
  "seed": 4,
  "timesteps": 500000,
  "reward_variant": "z_penalty",
  "collision_restitution": 0.9,
  "collision_reward_weight": 1.0,
  "z_position_penalty_weight": 0.01,
  "z_position_tolerance": 0.0,
  "swing_growth_reward_weight": 0.05,
  "model_path": "/Users/ahmadataka/Documents/Bitbucket - Ataka/latto_latto_control/models/restitution_sweep/a2c_z_penalty_e_0p900_seed_4_alpha_0p010_ztol_0p000_wc_1p000_beta_0p000.zip",
  "evaluation": {
    "reward_sum": -0.41366981832465655,
    "alternating_collisions": 0,
    "longest_alternating_streak": 0,
    "total_collisions": 33,
    "time_to_first_alternating_collision": null,
    "mean_abs_z": 0.5927823920035735,
    "max_abs_z": 0.858795702457428,
    "mean_collision_energy_loss": 0.07291277337252254,
    "time": [
      0.0,
      0.02,
      0.04,
      0.06,
      0.08,
      0.1,
      0.12000000000000001,
      0.14,
      0.16,
      0.18,
      0.19999999999999998,
      0.21999999999999997,
      0.23999999999999996,
      0.25999999999999995,
      0.27999999999999997,
      0.3,
      0.32,
      0.34,
      0.36000000000000004,
      0.38000000000000006,
      0.4000000000000001,
      0.4200000000000001,
      0.4400000000000001,
      0.46000000000000013,
      0.48000000000000015,
      0.5000000000000001,
      0.5200000000000001,
      0.5400000000000001,
      0.5600000000000002,
      0.5800000000000002,
      0.6000000000000002,
      0.6200000000000002,
      0.6400000000000002,
      0.6600000000000003,
      0.6800000000000003,
      0.7000000000000003,
      0.7200000000000003,
      0.7400000000000003,
      0.7600000000000003,
      0.7800000000000004,
      0.8000000000000004,
      0.8200000000000004,
      0.8400000000000004,
      0.8600000000000004,
      0.8800000000000004,
      0.9000000000000005,
      0.9200000000000005,
      0.9400000000000005,
      0.9600000000000005,
      0.9800000000000005,
      1.0000000000000004,
      1.0200000000000005,
      1.0400000000000005,
      1.0600000000000005,
      1.0800000000000005,
      1.1000000000000005,
      1.1200000000000006,
      1.1400000000000006,
      1.1600000000000006,
      1.1800000000000006,
      1.2000000000000006,
      1.2200000000000006,
      1.2400000000000007,
      1.2600000000000007,
      1.2800000000000007,
      1.3000000000000007,
      1.3200000000000007,
      1.3400000000000007,
      1.3600000000000008,
      1.3800000000000008,
      1.4000000000000008,
      1.4200000000000008,
      1.4400000000000008,
      1.4600000000000009,
      1.4800000000000009,
      1.5000000000000009,
      1.520000000000001,
      1.540000000000001,
      1.560000000000001,
      1.580000000000001,
      1.600000000000001,
      1.620000000000001,
      1.640000000000001,
      1.660000000000001,
      1.680000000000001,
      1.700000000000001,
      1.720000000000001,
      1.740000000000001,
      1.7600000000000011,
      1.7800000000000011,
      1.8000000000000012,
      1.8200000000000012,
      1.8400000000000012,
      1.8600000000000012,
      1.8800000000000012,
      1.9000000000000012,
      1.9200000000000013,
      1.9400000000000013,
      1.9600000000000013,
      1.9800000000000013
    ],
    "action": [
      -6.74997615814209,
      -5.2132182121276855,
      -4.87241792678833,
      -4.8450927734375,
      -4.869233131408691,
      -4.893261909484863,
      -4.920973777770996,
      -4.958586692810059,
      -5.00059700012207,
      -5.037331581115723,
      -5.062062740325928,
      -5.072030067443848,
      -5.067107677459717,
      -5.048471450805664,
      -5.017888069152832,
      -4.977540493011475,
      -4.930177211761475,
      10.0,
      10.0,
      10.0,
      10.0,
      10.0,
      10.0,
      10.0,
      0.07687869668006897,
      -2.82517671585083,
      -3.598250389099121,
      -3.9483485221862793,
      -4.143363952636719,
      -4.26553201675415,
      -4.351435661315918,
      -4.421609401702881,
      -4.488476753234863,
      -4.5597381591796875,
      -4.641942501068115,
      -4.74230432510376,
      -4.867878437042236,
      -5.021703243255615,
      10.0,
      10.0,
      10.0,
      10.0,
      10.0,
      8.928764343261719,
      2.9981131553649902,
      -0.2870834171772003,
      -1.7650840282440186,
      -2.5160698890686035,
      -2.9526500701904297,
      -3.2342257499694824,
      -3.433030605316162,
      -3.588956594467163,
      -3.729400634765625,
      10.0,
      10.0,
      10.0,
      10.0,
      4.770913600921631,
      0.030280470848083496,
      -1.6741886138916016,
      -2.1371243000030518,
      -2.2490227222442627,
      -2.286853790283203,
      10.0,
      5.705646514892578,
      0.9202704429626465,
      -1.3911224603652954,
      -2.4430878162384033,
      -2.710827350616455,
      -2.5604138374328613,
      4.956015586853027,
      0.4514099061489105,
      -1.4592615365982056,
      0.3945573568344116,
      -0.8860281705856323,
      0.05634841322898865,
      -0.5905246734619141,
      -0.10954943299293518,
      -0.4341069161891937,
      -0.18829333782196045,
      -0.34950342774391174,
      -0.22280022501945496,
      -0.3015078008174896,
      -0.23503628373146057,
      -0.2722315490245819,
      -0.2362581193447113,
      -0.2526610791683197,
      -0.2321973741054535,
      -0.23825761675834656,
      -0.22574648261070251,
      -0.22671815752983093,
      -0.21834561228752136,
      -0.21686580777168274,
      -0.21069559454917908,
      -0.20807954668998718,
      -0.20312675833702087,
      -0.20003178715705872,
      -0.19578740000724792,
      -0.19253605604171753,
      -0.188734769821167
    ],