{
  "run_name": "a2c_z_penalty_e_0p800_seed_4_alpha_0p010_ztol_0p000_wc_1p000_beta_0p000",
  "controller": "a2c",
  "controller_family": "rl",
  "seed": 4,
  "timesteps": 500000,
  "reward_variant": "z_penalty",
  "collision_restitution": 0.8,
  "collision_reward_weight": 1.0,
  "z_position_penalty_weight": 0.01,
  "z_position_tolerance": 0.0,
  "swing_growth_reward_weight": 0.05,
  "model_path": "/Users/ahmadataka/Documents/Bitbucket - Ataka/latto_latto_control/models/restitution_sweep/a2c_z_penalty_e_0p800_seed_4_alpha_0p010_ztol_0p000_wc_1p000_beta_0p000.zip",
  "evaluation": {
    "reward_sum": 5.602117680738644,
    "alternating_collisions": 6,
    "longest_alternating_streak": 6,
    "total_collisions": 8,
    "time_to_first_alternating_collision": 0.9800000000000005,
    "mean_abs_z": 0.5363121049664915,
    "max_abs_z": 1.1332898139953613,
    "mean_collision_energy_loss": 56.45306706428528,
    "time": [
      0.0,
      0.02,
      0.04,
      0.06,
      0.08,
      0.1,
      0.12000000000000001,
      0.14,
      0.16,
      0.18,
      0.19999999999999998,
      0.21999999999999997,
      0.23999999999999996,
      0.25999999999999995,
      0.27999999999999997,
      0.3,
      0.32,
      0.34,
      0.36000000000000004,
      0.38000000000000006,
      0.4000000000000001,
      0.4200000000000001,
      0.4400000000000001,
      0.46000000000000013,
      0.48000000000000015,
      0.5000000000000001,
      0.5200000000000001,
      0.5400000000000001,
      0.5600000000000002,
      0.5800000000000002,
      0.6000000000000002,
      0.6200000000000002,
      0.6400000000000002,
      0.6600000000000003,
      0.6800000000000003,
      0.7000000000000003,
      0.7200000000000003,
      0.7400000000000003,
      0.7600000000000003,
      0.7800000000000004,
      0.8000000000000004,
      0.8200000000000004,
      0.8400000000000004,
      0.8600000000000004,
      0.8800000000000004,
      0.9000000000000005,
      0.9200000000000005,
      0.9400000000000005,
      0.9600000000000005,
      0.9800000000000005,
      1.0000000000000004,
      1.0200000000000005,
      1.0400000000000005,
      1.0600000000000005,
      1.0800000000000005,
      1.1000000000000005,
      1.1200000000000006,
      1.1400000000000006,
      1.1600000000000006,
      1.1800000000000006,
      1.2000000000000006,
      1.2200000000000006,
      1.2400000000000007,
      1.2600000000000007,
      1.2800000000000007,
      1.3000000000000007,
      1.3200000000000007,
      1.3400000000000007,
      1.3600000000000008,
      1.3800000000000008,
      1.4000000000000008,
      1.4200000000000008,
      1.4400000000000008,
      1.4600000000000009,
      1.4800000000000009,
      1.5000000000000009,
      1.520000000000001,
      1.540000000000001,
      1.560000000000001,
      1.580000000000001,
      1.600000000000001,
      1.620000000000001,
      1.640000000000001,
      1.660000000000001,
      1.680000000000001,
      1.700000000000001,
      1.720000000000001,
      1.740000000000001,
      1.7600000000000011,
      1.7800000000000011,
      1.8000000000000012,
      1.8200000000000012,
      1.8400000000000012,
      1.8600000000000012,
      1.8800000000000012,
      1.9000000000000012,
      1.9200000000000013,
      1.9400000000000013,
      1.9600000000000013,
      1.9800000000000013
    ],
    "action": [
      10.0,
      10.0,
      10.0,
      10.0,
      10.0,
      10.0,
      10.0,
      10.0,
      -10.0,
      -10.0,
      -10.0,
      -10.0,
      -10.0,
      -10.0,
      -10.0,
      -10.0,
      -10.0,
      -10.0,
      -10.0,
      -10.0,
      -8.955183982849121,
      -4.377591609954834,
      4.685506343841553,
      10.0,
      10.0,
      10.0,
      10.0,
      10.0,
      10.0,
      10.0,
      10.0,
      10.0,
      10.0,
      10.0,
      10.0,
      10.0,
      10.0,
      10.0,
      -10.0,
      -10.0,
      -10.0,
      -10.0,
      -10.0,
      -10.0,
      -10.0,
      -10.0,
      -10.0,
      -10.0,
      -10.0,
      -10.0,
      10.0,
      10.0,
      10.0,
      10.0,
      10.0,
      10.0,
      10.0,
      10.0,
      10.0,
      10.0,
      -10.0,
      -10.0,
      -10.0,
      -10.0,
      -10.0,
      -10.0,
      -10.0,
      -10.0,
      -10.0,
      -10.0,
      10.0,
      10.0,
      10.0,
      10.0,
      10.0,
      10.0,
      10.0,
      10.0,
      10.0,
      -10.0,
      -10.0,
      -10.0,
      -10.0,
      -10.0,
      -10.0,
      -10.0,
      -10.0,
      -10.0,
      10.0,
      10.0,
      10.0,
      10.0,
      10.0,
      10.0,
      10.0,
      10.0,
      10.0,
      -10.0,
      -10.0,
      -10.0
    ],
    "z": [
      0.003999999724328518,
      0.011999999172985554,
      0.023999998345971107,
      0.03999999910593033,
      0.059999994933605194,
      0.08399999141693115,
      0.1119999885559082,
      0.14399999380111694,
      0.171999990940094,
      0.19599997997283936,
      0.21599997580051422,
      0.2319999784231186,
      0.24399997293949127,
      0.25199997425079346,
      0.25599998235702515,
      0.25599998235702515,
      0.25199997425079346,
      0.24399997293949127,
      0.2319999784231186,
      0.21599997580051422,
      0.196417897939682,
      0.17508478462696075,
      0.15562587976455688,
      0.1401669681072235,
      0.12870806455612183,
      0.12124915421009064,
      0.11779024451971054,
      0.11833133548498154,
      0.12287242710590363,
      0.1314135193824768,
      0.14395460486412048,
      0.16049569845199585,
      0.1810367852449417,
      0.20557788014411926,
      0.2341189682483673,
      0.26666006445884705,
      0.3032011389732361,
      0.3437422215938568,
      0.38028329610824585,
      0.4128243923187256,
      0.44136548042297363,
      0.46590656042099,
      0.48644763231277466,
      0.5029886960983276,
      0.5155298113822937,
      0.5240709185600281,
      0.5286120176315308,
      0.5291531085968018,
      0.5256941914558411,
      0.5182352662086487,
      0.514776349067688,
      0.515317440032959,
      0.5198585391044617,
      0.528399646282196,
      0.5409407615661621,
      0.5574818253517151,
      0.5780228972434998,
      0.6025639772415161,
      0.6311050653457642,
      0.6636461615562439,
      0.6921872496604919,
      0.7167283296585083,
      0.737269401550293,
      0.753810465335846,
      0.766351580619812,
      0.7748926877975464,
      0.7794337868690491,
      0.7799748778343201,
      0.7765159606933594,
      0.769057035446167,
      0.7655981183052063,
      0.7661392092704773,
      0.77068030834198,
      0.7792214155197144,
      0.7917625308036804,
      0.8083035945892334,
      0.8288446664810181,
      0.8533857464790344,
      0.8819268345832825,
      0.9064679145812988,
      0.9270089864730835,
      0.9435500502586365,
      0.9560911655426025,
      0.9646322727203369,
      0.9691733717918396,
      0.9697144627571106,
      0.9662555456161499,
      0.9587966203689575,
      0.9553377032279968,
      0.9558787941932678,
      0.9604198932647705,
      0.9689610004425049,
      0.981502115726471,
      0.9980431795120239,
      1.0185842514038086,
      1.0431253910064697,
      1.0716664791107178,
      1.096207618713379,
      1.1167486906051636,
      1.1332898139953613
    ],