{
  "run_name": "a2c_z_penalty_e_1p000_seed_2_alpha_0p010_ztol_0p000_wc_1p000_beta_0p000",
  "controller": "a2c",
  "controller_family": "rl",
  "seed": 2,
  "timesteps": 500000,
  "reward_variant": "z_penalty",
  "collision_restitution": 1.0,
  "collision_reward_weight": 1.0,
  "z_position_penalty_weight": 0.01,
  "z_position_tolerance": 0.0,
  "swing_growth_reward_weight": 0.05,
  "model_path": "/Users/ahmadataka/Documents/Bitbucket - Ataka/latto_latto_control/models/restitution_sweep/a2c_z_penalty_e_1p000_seed_2_alpha_0p010_ztol_0p000_wc_1p000_beta_0p000.zip",
  "evaluation": {
    "reward_sum": -56.055438467285114,
    "alternating_collisions": 1,
    "longest_alternating_streak": 1,
    "total_collisions": 2,
    "time_to_first_alternating_collision": 1.3000000000000007,
    "mean_abs_z": 5.463462704925332,
    "max_abs_z": 17.26072883605957,
    "mean_collision_energy_loss": 0.0,
    "time": [
      0.0,
      0.02,
      0.04,
      0.06,
      0.08,
      0.1,
      0.12000000000000001,
      0.14,
      0.16,
      0.18,
      0.19999999999999998,
      0.21999999999999997,
      0.23999999999999996,
      0.25999999999999995,
      0.27999999999999997,
      0.3,
      0.32,
      0.34,
      0.36000000000000004,
      0.38000000000000006,
      0.4000000000000001,
      0.4200000000000001,
      0.4400000000000001,
      0.46000000000000013,
      0.48000000000000015,
      0.5000000000000001,
      0.5200000000000001,
      0.5400000000000001,
      0.5600000000000002,
      0.5800000000000002,
      0.6000000000000002,
      0.6200000000000002,
      0.6400000000000002,
      0.6600000000000003,
      0.6800000000000003,
      0.7000000000000003,
      0.7200000000000003,
      0.7400000000000003,
      0.7600000000000003,
      0.7800000000000004,
      0.8000000000000004,
      0.8200000000000004,
      0.8400000000000004,
      0.8600000000000004,
      0.8800000000000004,
      0.9000000000000005,
      0.9200000000000005,
      0.9400000000000005,
      0.9600000000000005,
      0.9800000000000005,
      1.0000000000000004,
      1.0200000000000005,
      1.0400000000000005,
      1.0600000000000005,
      1.0800000000000005,
      1.1000000000000005,
      1.1200000000000006,
      1.1400000000000006,
      1.1600000000000006,
      1.1800000000000006,
      1.2000000000000006,
      1.2200000000000006,
      1.2400000000000007,
      1.2600000000000007,
      1.2800000000000007,
      1.3000000000000007,
      1.3200000000000007,
      1.3400000000000007,
      1.3600000000000008,
      1.3800000000000008,
      1.4000000000000008,
      1.4200000000000008,
      1.4400000000000008,
      1.4600000000000009,
      1.4800000000000009,
      1.5000000000000009,
      1.520000000000001,
      1.540000000000001,
      1.560000000000001,
      1.580000000000001,
      1.600000000000001,
      1.620000000000001,
      1.640000000000001,
      1.660000000000001,
      1.680000000000001,
      1.700000000000001,
      1.720000000000001,
      1.740000000000001,
      1.7600000000000011,
      1.7800000000000011,
      1.8000000000000012,
      1.8200000000000012,
      1.8400000000000012,
      1.8600000000000012,
      1.8800000000000012,
      1.9000000000000012,
      1.9200000000000013,
      1.9400000000000013,
      1.9600000000000013,
      1.9800000000000013
    ],
    "action": [
      8.218214988708496,
      5.130455017089844,
      0.35567495226860046,
      -4.238738059997559,
      -7.222968101501465,
      -8.948742866516113,
      -9.909207344055176,
      -10.0,
      -10.0,
      -10.0,
      -10.0,
      -10.0,
      -10.0,
      -10.0,
      -2.5576889514923096,
      -3.5804812908172607,
      -5.047408103942871,
      -6.712362289428711,
      -8.209626197814941,
      -9.299099922180176,
      -9.980574607849121,
      -10.0,
      -10.0,
      -10.0,
      -10.0,
      -10.0,
      -10.0,
      -10.0,
      -10.0,
      -10.0,
      -10.0,
      -10.0,
      -10.0,
      -10.0,
      -10.0,
      -10.0,
      -10.0,
      -10.0,
      -10.0,
      -10.0,
      -10.0,
      -10.0,
      -10.0,
      -10.0,
      -10.0,
      -10.0,
      -10.0,
      -10.0,
      -10.0,
      -10.0,
      -10.0,
      -10.0,
      -10.0,
      -10.0,
      -10.0,
      -10.0,
      -10.0,
      -10.0,
      -10.0,
      -10.0,
      -10.0,
      -10.0,
      -10.0,
      -10.0,
      -10.0,
      -10.0,
      -10.0,
      -10.0,
      -10.0,
      -10.0,
      -10.0,
      -10.0,
      -10.0,
      -10.0,
      -10.0,
      -10.0,
      -10.0,
      -10.0,
      -10.0,
      -10.0,
      -10.0,
      -10.0,
      -10.0,
      -10.0,
      -10.0,
      -10.0,
      -10.0,
      -10.0,
      -10.0,
      -10.0,
      -10.0,
      -10.0,
      -10.0,
      -10.0,
      -10.0,
      -10.0,
      -10.0,
      -10.0,
      -10.0,
      -10.0
    ],
    "z": [
      0.0032872857991605997,
      0.008626753464341164,
      0.014108490198850632,
      0.01789473183453083,
      0.018791787326335907,
      0.016109345480799675,
      0.009463220834732056,
      -0.0011829044669866562,
      -0.01582902856171131,
      -0.03447515517473221,
      -0.05712127685546875,
      -0.08376739919185638,
      -0.11441352218389511,
      -0.14905965328216553,
      -0.18472886085510254,
      -0.22183024883270264,
      -0.26095059514045715,
      -0.3027558922767639,
      -0.34784504771232605,
      -0.39665383100509644,
      -0.4494548439979553,
      -0.5062558650970459,
      -0.5670568943023682,
      -0.6318579316139221,
      -0.7006589770317078,
      -0.7734600305557251,
      -0.8502610325813293,
      -0.9310620427131653,
      -1.015863060951233,
      -1.1046640872955322,
      -1.1974650621414185,
      -1.2942661046981812,
      -1.3950670957565308,
      -1.4998680353164673,
      -1.6086690425872803,
      -1.7214699983596802,
      -1.8382710218429565,
      -1.9590719938278198,
      -2.0838730335235596,
      -2.2126739025115967,
      -2.3454749584198,
      -2.48227596282959,
      -2.623076915740967,
      -2.7678778171539307,
      -2.9166786670684814,
      -3.0694797039031982,
      -3.226280689239502,
      -3.3870816230773926,
      -3.55188250541687,
      -3.7206833362579346,
      -3.893484354019165,
      -4.070285320281982,
      -4.251086235046387,
      -4.435887336730957,
      -4.624688148498535,
      -4.817489147186279,
      -5.014289855957031,
      -5.215090751647949,
      -5.419891834259033,
      -5.628692626953125,
      -5.841493606567383,
      -6.058294296264648,
      -6.27909517288208,
      -6.503896236419678,
      -6.732697010040283,
      -6.965497970581055,
      -7.202298641204834,
      -7.443099498748779,
      -7.687900543212891,
      -7.93670129776001,
      -8.189501762390137,
      -8.44630241394043,
      -8.707103729248047,
      -8.971904754638672,
      -9.240705490112305,
      -9.513505935668945,
      -9.79030704498291,
      -10.071107864379883,
      -10.355908393859863,
      -10.644709587097168,
      -10.93751049041748,
      -11.2343111038208,
      -11.535112380981445,
      -11.839913368225098,
      -12.148714065551758,
      -12.461514472961426,
      -12.778315544128418,
      -13.099116325378418,
      -13.423916816711426,
      -13.752717971801758,
      -14.085518836975098,
      -14.422319412231445,
      -14.763120651245117,
      -15.107921600341797,
      -15.456722259521484,
      -15.809523582458496,
      -16.166324615478516,
      -16.52712631225586,
      -16.89192771911621,
      -17.26072883605957
    ],