{
  "run_name": "a2c_swing_growth_e_1p000_seed_0_alpha_0p010_ztol_0p000_wc_1p000_beta_0p050",
  "controller": "a2c",
  "controller_family": "rl",
  "seed": 0,
  "timesteps": 500000,
  "reward_variant": "swing_growth",
  "collision_restitution": 1.0,
  "collision_reward_weight": 1.0,
  "z_position_penalty_weight": 0.01,
  "z_position_tolerance": 0.0,
  "swing_growth_reward_weight": 0.05,
  "model_path": "/Users/ahmadataka/Documents/Bitbucket - Ataka/latto_latto_control/models/restitution_sweep/a2c_swing_growth_e_1p000_seed_0_alpha_0p010_ztol_0p000_wc_1p000_beta_0p050.zip",
  "evaluation": {
    "reward_sum": -14.910460620725644,
    "alternating_collisions": 0,
    "longest_alternating_streak": 0,
    "total_collisions": 5,
    "time_to_first_alternating_collision": null,
    "mean_abs_z": 2.9134592317440546,
    "max_abs_z": 8.561944007873535,
    "mean_collision_energy_loss": 0.0,
    "time": [
      0.0,
      0.02,
      0.04,
      0.06,
      0.08,
      0.1,
      0.12000000000000001,
      0.14,
      0.16,
      0.18,
      0.19999999999999998,
      0.21999999999999997,
      0.23999999999999996,
      0.25999999999999995,
      0.27999999999999997,
      0.3,
      0.32,
      0.34,
      0.36000000000000004,
      0.38000000000000006,
      0.4000000000000001,
      0.4200000000000001,
      0.4400000000000001,
      0.46000000000000013,
      0.48000000000000015,
      0.5000000000000001,
      0.5200000000000001,
      0.5400000000000001,
      0.5600000000000002,
      0.5800000000000002,
      0.6000000000000002,
      0.6200000000000002,
      0.6400000000000002,
      0.6600000000000003,
      0.6800000000000003,
      0.7000000000000003,
      0.7200000000000003,
      0.7400000000000003,
      0.7600000000000003,
      0.7800000000000004,
      0.8000000000000004,
      0.8200000000000004,
      0.8400000000000004,
      0.8600000000000004,
      0.8800000000000004,
      0.9000000000000005,
      0.9200000000000005,
      0.9400000000000005,
      0.9600000000000005,
      0.9800000000000005,
      1.0000000000000004,
      1.0200000000000005,
      1.0400000000000005,
      1.0600000000000005,
      1.0800000000000005,
      1.1000000000000005,
      1.1200000000000006,
      1.1400000000000006,
      1.1600000000000006,
      1.1800000000000006,
      1.2000000000000006,
      1.2200000000000006,
      1.2400000000000007,
      1.2600000000000007,
      1.2800000000000007,
      1.3000000000000007,
      1.3200000000000007,
      1.3400000000000007,
      1.3600000000000008,
      1.3800000000000008,
      1.4000000000000008,
      1.4200000000000008,
      1.4400000000000008,
      1.4600000000000009,
      1.4800000000000009,
      1.5000000000000009,
      1.520000000000001,
      1.540000000000001,
      1.560000000000001,
      1.580000000000001,
      1.600000000000001,
      1.620000000000001,
      1.640000000000001,
      1.660000000000001,
      1.680000000000001,
      1.700000000000001,
      1.720000000000001,
      1.740000000000001,
      1.7600000000000011,
      1.7800000000000011,
      1.8000000000000012,
      1.8200000000000012,
      1.8400000000000012,
      1.8600000000000012,
      1.8800000000000012,
      1.9000000000000012,
      1.9200000000000013,
      1.9400000000000013,
      1.9600000000000013,
      1.9800000000000013
    ],
    "action": [
      4.292852878570557,
      4.2236175537109375,
      4.191013336181641,
      4.178071975708008,
      4.171444416046143,
      4.167916297912598,
      4.166101455688477,
      4.164823532104492,
      4.163195610046387,
      4.160646438598633,
      4.180365085601807,
      4.348411560058594,
      4.446581840515137,
      4.4766645431518555,
      4.448851585388184,
      4.385555267333984,
      4.322936058044434,
      4.281421661376953,
      4.257164001464844,
      4.240966796875,
      4.229458808898926,
      4.223179817199707,
      4.220573425292969,
      4.219335079193115,
      4.218348503112793,
      4.217324256896973,
      4.216280460357666,
      4.215317726135254,
      4.214533805847168,
      4.310798168182373,
      4.2878570556640625,
      4.265749931335449,
      4.248552322387695,
      4.23732852935791,
      4.230925559997559,
      4.22760009765625,
      4.225856304168701,
      4.224590301513672,
      4.223273277282715,
      4.221994400024414,
      4.221047401428223,
      4.220494270324707,
      4.220182418823242,
      4.219964027404785,
      4.219759941101074,
      4.219552993774414,
      4.219356060028076,
      4.21920108795166,
      4.225518226623535,
      4.224465370178223,
      4.223489761352539,
      4.222735404968262,
      4.222250461578369,
      4.22200345993042,
      4.221901893615723,
      4.221813201904297,
      4.221626281738281,
      4.221310615539551,
      4.220938682556152,
      4.220617294311523,
      4.220392227172852,
      4.220242500305176,
      4.220138072967529,
      4.220056533813477,
      4.219987869262695,
      4.219930648803711,
      4.219891548156738,
      4.22120475769043,
      4.221126556396484,
      4.221069812774658,
      4.221053123474121,
      4.221076965332031,
      4.221125602722168,
      4.221161842346191,
      4.221139907836914,
      4.221031188964844,
      4.220848560333252,
      4.220650672912598,
      4.220484733581543,
      4.22036075592041,
      4.2202677726745605,
      4.220196723937988,
      4.220142364501953,
      4.220100402832031,
      4.220070838928223,
      4.220816135406494,
      4.220822334289551,
      4.22084903717041,
      4.220892429351807,
      4.220942497253418,
      4.220978260040283,
      4.220973014831543,
      4.220905303955078,
      4.220781326293945,
      4.220637321472168,
      4.220510959625244,
      4.220414638519287,
      4.220341682434082,
      4.220281600952148,
      4.220231533050537
    ],