{
  "run_name": "a2c_z_penalty_e_0p800_seed_1_alpha_0p010_ztol_0p000_wc_1p000_beta_0p000",
  "controller": "a2c",
  "controller_family": "rl",
  "seed": 1,
  "timesteps": 500000,
  "reward_variant": "z_penalty",
  "collision_restitution": 0.8,
  "collision_reward_weight": 1.0,
  "z_position_penalty_weight": 0.01,
  "z_position_tolerance": 0.0,
  "swing_growth_reward_weight": 0.05,
  "model_path": "/Users/ahmadataka/Documents/Bitbucket - Ataka/latto_latto_control/models/restitution_sweep/a2c_z_penalty_e_0p800_seed_1_alpha_0p010_ztol_0p000_wc_1p000_beta_0p000.zip",
  "evaluation": {
    "reward_sum": 4.928109682730479,
    "alternating_collisions": 6,
    "longest_alternating_streak": 6,
    "total_collisions": 8,
    "time_to_first_alternating_collision": 0.9200000000000005,
    "mean_abs_z": 0.8547095220349729,
    "max_abs_z": 2.0471110343933105,
    "mean_collision_energy_loss": 51.214043378829956,
    "time": [
      0.0,
      0.02,
      0.04,
      0.06,
      0.08,
      0.1,
      0.12000000000000001,
      0.14,
      0.16,
      0.18,
      0.19999999999999998,
      0.21999999999999997,
      0.23999999999999996,
      0.25999999999999995,
      0.27999999999999997,
      0.3,
      0.32,
      0.34,
      0.36000000000000004,
      0.38000000000000006,
      0.4000000000000001,
      0.4200000000000001,
      0.4400000000000001,
      0.46000000000000013,
      0.48000000000000015,
      0.5000000000000001,
      0.5200000000000001,
      0.5400000000000001,
      0.5600000000000002,
      0.5800000000000002,
      0.6000000000000002,
      0.6200000000000002,
      0.6400000000000002,
      0.6600000000000003,
      0.6800000000000003,
      0.7000000000000003,
      0.7200000000000003,
      0.7400000000000003,
      0.7600000000000003,
      0.7800000000000004,
      0.8000000000000004,
      0.8200000000000004,
      0.8400000000000004,
      0.8600000000000004,
      0.8800000000000004,
      0.9000000000000005,
      0.9200000000000005,
      0.9400000000000005,
      0.9600000000000005,
      0.9800000000000005,
      1.0000000000000004,
      1.0200000000000005,
      1.0400000000000005,
      1.0600000000000005,
      1.0800000000000005,
      1.1000000000000005,
      1.1200000000000006,
      1.1400000000000006,
      1.1600000000000006,
      1.1800000000000006,
      1.2000000000000006,
      1.2200000000000006,
      1.2400000000000007,
      1.2600000000000007,
      1.2800000000000007,
      1.3000000000000007,
      1.3200000000000007,
      1.3400000000000007,
      1.3600000000000008,
      1.3800000000000008,
      1.4000000000000008,
      1.4200000000000008,
      1.4400000000000008,
      1.4600000000000009,
      1.4800000000000009,
      1.5000000000000009,
      1.520000000000001,
      1.540000000000001,
      1.560000000000001,
      1.580000000000001,
      1.600000000000001,
      1.620000000000001,
      1.640000000000001,
      1.660000000000001,
      1.680000000000001,
      1.700000000000001,
      1.720000000000001,
      1.740000000000001,
      1.7600000000000011,
      1.7800000000000011,
      1.8000000000000012,
      1.8200000000000012,
      1.8400000000000012,
      1.8600000000000012,
      1.8800000000000012,
      1.9000000000000012,
      1.9200000000000013,
      1.9400000000000013,
      1.9600000000000013,
      1.9800000000000013
    ],
    "action": [
      10.0,
      10.0,
      10.0,
      10.0,
      10.0,
      10.0,
      10.0,
      10.0,
      -10.0,
      -10.0,
      -10.0,
      -10.0,
      -10.0,
      -10.0,
      -9.871431350708008,
      -8.614181518554688,
      -6.905839920043945,
      -4.976682662963867,
      -2.774238348007202,
      -0.19836604595184326,
      2.667275905609131,
      5.462812423706055,
      8.670356750488281,
      10.0,
      10.0,
      10.0,
      10.0,
      10.0,
      10.0,
      10.0,
      10.0,
      10.0,
      10.0,
      -10.0,
      -10.0,
      -10.0,
      -10.0,
      -10.0,
      -10.0,
      -10.0,
      -10.0,
      -9.791369438171387,
      -8.146324157714844,
      -6.017738342285156,
      -3.9490578174591064,
      -2.020204782485962,
      -0.3818594217300415,
      10.0,
      10.0,
      10.0,
      10.0,
      10.0,
      10.0,
      10.0,
      10.0,
      10.0,
      10.0,
      10.0,
      10.0,
      -10.0,
      -10.0,
      -10.0,
      -10.0,
      -10.0,
      -10.0,
      -10.0,
      -10.0,
      -10.0,
      -9.672728538513184,
      10.0,
      10.0,
      10.0,
      10.0,
      10.0,
      10.0,
      10.0,
      10.0,
      10.0,
      10.0,
      -10.0,
      -10.0,
      -10.0,
      -10.0,
      -10.0,
      -10.0,
      -10.0,
      -10.0,
      -10.0,
      10.0,
      10.0,
      10.0,
      10.0,
      10.0,
      10.0,
      10.0,
      10.0,
      10.0,
      -10.0,
      -10.0,
      -10.0
    ],
    "z": [
      0.003999999724328518,
      0.011999999172985554,
      0.023999998345971107,
      0.03999999910593033,
      0.059999994933605194,
      0.08399999141693115,
      0.1119999885559082,
      0.14399999380111694,
      0.171999990940094,
      0.19599997997283936,
      0.21599997580051422,
      0.2319999784231186,
      0.24399997293949127,
      0.25199997425079346,
      0.2560513913631439,
      0.2566571533679962,
      0.2545005679130554,
      0.25035330653190613,
      0.245096355676651,
      0.23976005613803864,
      0.23549066483974457,
      0.23340639472007751,
      0.23479028046131134,
      0.24017415940761566,
      0.24955803155899048,
      0.2629418969154358,
      0.2803257703781128,
      0.3017096519470215,
      0.32709354162216187,
      0.35647740960121155,
      0.3898612856864929,
      0.427245169878006,
      0.46862906217575073,
      0.5060129165649414,
      0.5393968224525452,
      0.5687807202339172,
      0.5941646099090576,
      0.6155484914779663,
      0.6329323649406433,
      0.6463162302970886,
      0.6557000875473022,
      0.6611674427986145,
      0.6633762717247009,
      0.6631779670715332,
      0.6614000201225281,
      0.658814013004303,
      0.6560752987861633,
      0.6573365330696106,
      0.6625977754592896,
      0.6718590259552002,
      0.6851202845573425,
      0.7023815512657166,
      0.7236428260803223,
      0.7489041090011597,
      0.778165340423584,
      0.81142657995224,
      0.8486878275871277,
      0.8899490833282471,
      0.9352103471755981,
      0.9764716029167175,
      1.01373291015625,
      1.0469942092895508,
      1.076255440711975,
      1.1015167236328125,
      1.1227779388427734,
      1.1400392055511475,
      1.153300404548645,
      1.1625616550445557,
      1.1679538488388062,
      1.1773459911346436,
      1.1907382011413574,
      1.2081303596496582,
      1.229522466659546,
      1.25491464138031,
      1.2843067646026611,
      1.3176989555358887,
      1.3550910949707031,
      1.396483302116394,
      1.4418754577636719,
      1.4832676649093628,
      1.5206598043441772,
      1.5540519952774048,
      1.5834441184997559,
      1.60883629322052,
      1.6302284002304077,
      1.6476205587387085,
      1.6610127687454224,
      1.6704049110412598,
      1.6837971210479736,
      1.7011892795562744,
      1.722581386566162,
      1.7479735612869263,
      1.7773656845092773,
      1.8107578754425049,
      1.8481500148773193,
      1.8895422220230103,
      1.934934377670288,
      1.976326584815979,
      2.013718843460083,
      2.0471110343933105
    ],