{
  "run_name": "a2c_z_penalty_e_1p000_seed_3_alpha_0p010_ztol_0p000_wc_1p000_beta_0p000",
  "controller": "a2c",
  "controller_family": "rl",
  "seed": 3,
  "timesteps": 500000,
  "reward_variant": "z_penalty",
  "collision_restitution": 1.0,
  "collision_reward_weight": 1.0,
  "z_position_penalty_weight": 0.01,
  "z_position_tolerance": 0.0,
  "swing_growth_reward_weight": 0.05,
  "model_path": "/Users/ahmadataka/Documents/Bitbucket - Ataka/latto_latto_control/models/restitution_sweep/a2c_z_penalty_e_1p000_seed_3_alpha_0p010_ztol_0p000_wc_1p000_beta_0p000.zip",
  "evaluation": {
    "reward_sum": 12.89425820597026,
    "alternating_collisions": 13,
    "longest_alternating_streak": 13,
    "total_collisions": 14,
    "time_to_first_alternating_collision": 0.48000000000000015,
    "mean_abs_z": 0.26864001104608176,
    "max_abs_z": 0.6639999747276306,
    "mean_collision_energy_loss": 0.0,
    "time": [
      0.0,
      0.02,
      0.04,
      0.06,
      0.08,
      0.1,
      0.12000000000000001,
      0.14,
      0.16,
      0.18,
      0.19999999999999998,
      0.21999999999999997,
      0.23999999999999996,
      0.25999999999999995,
      0.27999999999999997,
      0.3,
      0.32,
      0.34,
      0.36000000000000004,
      0.38000000000000006,
      0.4000000000000001,
      0.4200000000000001,
      0.4400000000000001,
      0.46000000000000013,
      0.48000000000000015,
      0.5000000000000001,
      0.5200000000000001,
      0.5400000000000001,
      0.5600000000000002,
      0.5800000000000002,
      0.6000000000000002,
      0.6200000000000002,
      0.6400000000000002,
      0.6600000000000003,
      0.6800000000000003,
      0.7000000000000003,
      0.7200000000000003,
      0.7400000000000003,
      0.7600000000000003,
      0.7800000000000004,
      0.8000000000000004,
      0.8200000000000004,
      0.8400000000000004,
      0.8600000000000004,
      0.8800000000000004,
      0.9000000000000005,
      0.9200000000000005,
      0.9400000000000005,
      0.9600000000000005,
      0.9800000000000005,
      1.0000000000000004,
      1.0200000000000005,
      1.0400000000000005,
      1.0600000000000005,
      1.0800000000000005,
      1.1000000000000005,
      1.1200000000000006,
      1.1400000000000006,
      1.1600000000000006,
      1.1800000000000006,
      1.2000000000000006,
      1.2200000000000006,
      1.2400000000000007,
      1.2600000000000007,
      1.2800000000000007,
      1.3000000000000007,
      1.3200000000000007,
      1.3400000000000007,
      1.3600000000000008,
      1.3800000000000008,
      1.4000000000000008,
      1.4200000000000008,
      1.4400000000000008,
      1.4600000000000009,
      1.4800000000000009,
      1.5000000000000009,
      1.520000000000001,
      1.540000000000001,
      1.560000000000001,
      1.580000000000001,
      1.600000000000001,
      1.620000000000001,
      1.640000000000001,
      1.660000000000001,
      1.680000000000001,
      1.700000000000001,
      1.720000000000001,
      1.740000000000001,
      1.7600000000000011,
      1.7800000000000011,
      1.8000000000000012,
      1.8200000000000012,
      1.8400000000000012,
      1.8600000000000012,
      1.8800000000000012,
      1.9000000000000012,
      1.9200000000000013,
      1.9400000000000013,
      1.9600000000000013,
      1.9800000000000013
    ],
    "action": [
      10.0,
      10.0,
      10.0,
      10.0,
      10.0,
      10.0,
      10.0,
      10.0,
      -10.0,
      -10.0,
      -10.0,
      -10.0,
      -10.0,
      -10.0,
      -10.0,
      -10.0,
      -10.0,
      -10.0,
      -10.0,
      -10.0,
      -10.0,
      -10.0,
      -10.0,
      -10.0,
      -10.0,
      10.0,
      10.0,
      10.0,
      10.0,
      10.0,
      10.0,
      10.0,
      10.0,
      10.0,
      10.0,
      10.0,
      -10.0,
      -10.0,
      -10.0,
      -10.0,
      -10.0,
      -10.0,
      -10.0,
      -10.0,
      10.0,
      10.0,
      10.0,
      10.0,
      10.0,
      10.0,
      10.0,
      -10.0,
      -10.0,
      -10.0,
      -10.0,
      -10.0,
      -10.0,
      10.0,
      10.0,
      10.0,
      10.0,
      10.0,
      10.0,
      -10.0,
      -10.0,
      -10.0,
      -10.0,
      -10.0,
      -10.0,
      10.0,
      10.0,
      10.0,
      10.0,
      10.0,
      -10.0,
      -10.0,
      -10.0,
      -10.0,
      -10.0,
      10.0,
      10.0,
      10.0,
      10.0,
      10.0,
      -10.0,
      -10.0,
      -10.0,
      -10.0,
      -10.0,
      10.0,
      10.0,
      10.0,
      10.0,
      10.0,
      -10.0,
      -10.0,
      -10.0,
      -10.0,
      -10.0,
      10.0
    ],
    "z": [
      0.003999999724328518,
      0.011999999172985554,
      0.023999998345971107,
      0.03999999910593033,
      0.059999994933605194,
      0.08399999141693115,
      0.1119999885559082,
      0.14399999380111694,
      0.171999990940094,
      0.19599997997283936,
      0.21599997580051422,
      0.2319999784231186,
      0.24399997293949127,
      0.25199997425079346,
      0.25599998235702515,
      0.25599998235702515,
      0.25199997425079346,
      0.24399997293949127,
      0.2319999784231186,
      0.21599997580051422,
      0.19599997997283936,
      0.1719999760389328,
      0.14399997889995575,
      0.11199997365474701,
      0.07599997520446777,
      0.04399997368454933,
      0.015999972820281982,
      -0.008000027388334274,
      -0.02800002694129944,
      -0.04400002956390381,
      -0.056000031530857086,
      -0.06400003284215927,
      -0.06800003349781036,
      -0.06800003349781036,
      -0.06400003284215927,
      -0.056000035256147385,
      -0.05200003832578659,
      -0.05200003832578659,
      -0.05600003898143768,
      -0.06400004029273987,
      -0.07600004225969315,
      -0.09200004488229752,
      -0.11200004816055298,
      -0.13600005209445953,
      -0.1560000479221344,
      -0.17200005054473877,
      -0.18400004506111145,
      -0.19200004637241364,
      -0.19600003957748413,
      -0.19600003957748413,
      -0.19200004637241364,
      -0.19200004637241364,
      -0.19600003957748413,
      -0.20400004088878632,
      -0.216000035405159,
      -0.23200003802776337,
      -0.25200003385543823,
      -0.2680000364780426,
      -0.2800000309944153,
      -0.2880000174045563,
      -0.29200002551078796,
      -0.29200002551078796,
      -0.2880000174045563,
      -0.2880000174045563,
      -0.29200002551078796,
      -0.30000001192092896,
      -0.31200000643730164,
      -0.328000009059906,
      -0.34800001978874207,
      -0.36400002241134644,
      -0.3760000169277191,
      -0.3840000033378601,
      -0.3880000114440918,
      -0.3880000114440918,
      -0.3920000195503235,
      -0.4000000059604645,
      -0.41200000047683716,
      -0.42800000309944153,
      -0.4480000138282776,
      -0.46400001645088196,
      -0.47600001096725464,
      -0.48399999737739563,
      -0.4880000054836273,
      -0.4880000054836273,
      -0.492000013589859,
      -0.5,
      -0.5120000243186951,
      -0.527999997138977,
      -0.5479999780654907,
      -0.5639999508857727,
      -0.5759999752044678,
      -0.5839999914169312,
      -0.5879999995231628,
      -0.5879999995231628,
      -0.5920000076293945,
      -0.6000000238418579,
      -0.612000048160553,
      -0.628000020980835,
      -0.6480000019073486,
      -0.6639999747276306
    ],