{
  "run_name": "a2c_z_penalty_e_0p950_seed_3_alpha_0p010_ztol_0p000_wc_1p000_beta_0p000",
  "controller": "a2c",
  "controller_family": "rl",
  "seed": 3,
  "timesteps": 500000,
  "reward_variant": "z_penalty",
  "collision_restitution": 0.95,
  "collision_reward_weight": 1.0,
  "z_position_penalty_weight": 0.01,
  "z_position_tolerance": 0.0,
  "swing_growth_reward_weight": 0.05,
  "model_path": "/Users/ahmadataka/Documents/Bitbucket - Ataka/latto_latto_control/models/restitution_sweep/a2c_z_penalty_e_0p950_seed_3_alpha_0p010_ztol_0p000_wc_1p000_beta_0p000.zip",
  "evaluation": {
    "reward_sum": 7.977292561014543,
    "alternating_collisions": 8,
    "longest_alternating_streak": 8,
    "total_collisions": 10,
    "time_to_first_alternating_collision": 0.9600000000000005,
    "mean_abs_z": 0.12891393056917877,
    "max_abs_z": 0.2963334619998932,
    "mean_collision_energy_loss": 24.481995010375975,
    "time": [
      0.0,
      0.02,
      0.04,
      0.06,
      0.08,
      0.1,
      0.12000000000000001,
      0.14,
      0.16,
      0.18,
      0.19999999999999998,
      0.21999999999999997,
      0.23999999999999996,
      0.25999999999999995,
      0.27999999999999997,
      0.3,
      0.32,
      0.34,
      0.36000000000000004,
      0.38000000000000006,
      0.4000000000000001,
      0.4200000000000001,
      0.4400000000000001,
      0.46000000000000013,
      0.48000000000000015,
      0.5000000000000001,
      0.5200000000000001,
      0.5400000000000001,
      0.5600000000000002,
      0.5800000000000002,
      0.6000000000000002,
      0.6200000000000002,
      0.6400000000000002,
      0.6600000000000003,
      0.6800000000000003,
      0.7000000000000003,
      0.7200000000000003,
      0.7400000000000003,
      0.7600000000000003,
      0.7800000000000004,
      0.8000000000000004,
      0.8200000000000004,
      0.8400000000000004,
      0.8600000000000004,
      0.8800000000000004,
      0.9000000000000005,
      0.9200000000000005,
      0.9400000000000005,
      0.9600000000000005,
      0.9800000000000005,
      1.0000000000000004,
      1.0200000000000005,
      1.0400000000000005,
      1.0600000000000005,
      1.0800000000000005,
      1.1000000000000005,
      1.1200000000000006,
      1.1400000000000006,
      1.1600000000000006,
      1.1800000000000006,
      1.2000000000000006,
      1.2200000000000006,
      1.2400000000000007,
      1.2600000000000007,
      1.2800000000000007,
      1.3000000000000007,
      1.3200000000000007,
      1.3400000000000007,
      1.3600000000000008,
      1.3800000000000008,
      1.4000000000000008,
      1.4200000000000008,
      1.4400000000000008,
      1.4600000000000009,
      1.4800000000000009,
      1.5000000000000009,
      1.520000000000001,
      1.540000000000001,
      1.560000000000001,
      1.580000000000001,
      1.600000000000001,
      1.620000000000001,
      1.640000000000001,
      1.660000000000001,
      1.680000000000001,
      1.700000000000001,
      1.720000000000001,
      1.740000000000001,
      1.7600000000000011,
      1.7800000000000011,
      1.8000000000000012,
      1.8200000000000012,
      1.8400000000000012,
      1.8600000000000012,
      1.8800000000000012,
      1.9000000000000012,
      1.9200000000000013,
      1.9400000000000013,
      1.9600000000000013,
      1.9800000000000013
    ],
    "action": [
      0.17784935235977173,
      2.5709991455078125,
      4.0951247215271,
      4.927911758422852,
      5.354945182800293,
      5.570807456970215,
      5.660521984100342,
      5.646809101104736,
      5.525572776794434,
      5.276388645172119,
      -10.0,
      -10.0,
      -10.0,
      -10.0,
      -10.0,
      -10.0,
      -10.0,
      -10.0,
      -10.0,
      -10.0,
      -9.98878288269043,
      -6.6493449211120605,
      -1.860060214996338,
      4.451384544372559,
      9.076276779174805,
      10.0,
      10.0,
      10.0,
      9.416226387023926,
      8.929032325744629,
      8.635628700256348,
      8.509600639343262,
      8.482243537902832,
      8.482769012451172,
      8.458736419677734,
      8.37409782409668,
      8.204743385314941,
      7.9373459815979,
      -10.0,
      -10.0,
      -10.0,
      -10.0,
      -10.0,
      -10.0,
      -10.0,
      -10.0,
      -10.0,
      -10.0,
      -10.0,
      10.0,
      10.0,
      10.0,
      10.0,
      10.0,
      10.0,
      10.0,
      10.0,
      10.0,
      -10.0,
      -10.0,
      -10.0,
      -10.0,
      -10.0,
      -10.0,
      -10.0,
      -10.0,
      10.0,
      10.0,
      10.0,
      10.0,
      10.0,
      10.0,
      10.0,
      -10.0,
      -10.0,
      -10.0,
      -10.0,
      -10.0,
      -10.0,
      -10.0,
      10.0,
      10.0,
      10.0,
      10.0,
      10.0,
      10.0,
      -10.0,
      -10.0,
      -10.0,
      -10.0,
      -10.0,
      -10.0,
      10.0,
      10.0,
      10.0,
      10.0,
      10.0,
      10.0,
      -10.0,
      -10.0
    ],
    "z": [
      7.113973697414622e-05,
      0.0011706791119650006,
      0.003908268176019192,
      0.008617022074759007,
      0.015467753633856773,
      0.024546807631850243,
      0.03589007258415222,
      0.049492061138153076,
      0.06530427932739258,
      0.08322705328464508,
      0.09714982658624649,
      0.10707259923219681,
      0.11299537122249603,
      0.11491814255714417,
      0.1128409132361412,
      0.10676368325948715,
      0.096686452627182,
      0.08260922878980637,
      0.06453200429677963,
      0.04245477914810181,
      0.016382038593292236,
      -0.01235044002532959,
      -0.041826941072940826,
      -0.06952288746833801,
      -0.09358832240104675,
      -0.1136537566781044,
      -0.12971919775009155,
      -0.1417846381664276,
      -0.15008358657360077,
      -0.15481092035770416,
      -0.15608400106430054,
      -0.15395323932170868,
      -0.14842958748340607,
      -0.1395128220319748,
      -0.12721256911754608,
      -0.11156266927719116,
      -0.09263087809085846,
      -0.07052414119243622,
      -0.05241740867495537,
      -0.03831067681312561,
      -0.028203941881656647,
      -0.022097207605838776,
      -0.019990473985671997,
      -0.021883739158511162,
      -0.02777700498700142,
      -0.03767026960849762,
      -0.05156353488564491,
      -0.0694568008184433,
      -0.09135006368160248,
      -0.10924332588911057,
      -0.12313658744096756,
      -0.13302984833717346,
      -0.13892310857772827,
      -0.14081637561321259,
      -0.1387096345424652,
      -0.13260290026664734,
      -0.12249616533517838,
      -0.10838942974805832,
      -0.09828269481658936,
      -0.09217596054077148,
      -0.0900692269206047,
      -0.09196249395608902,
      -0.09785575419664383,
      -0.10774901509284973,
      -0.12164227664470673,
      -0.1395355463027954,
      -0.1534288078546524,
      -0.1633220762014389,
      -0.1692153364419937,
      -0.17110860347747803,
      -0.16900186240673065,
      -0.16289512813091278,
      -0.15278840065002441,
      -0.14668166637420654,
      -0.14457492530345917,
      -0.14646819233894348,
      -0.1523614525794983,
      -0.1622547209262848,
      -0.17614798247814178,
      -0.19404125213623047,
      -0.20793451368808746,
      -0.21782778203487396,
      -0.22372104227542877,
      -0.22561430931091309,
      -0.2235075682401657,
      -0.21740083396434784,
      -0.21529409289360046,
      -0.21718735992908478,
      -0.2230806201696396,
      -0.2329738885164261,
      -0.24686715006828308,
      -0.26476040482521057,
      -0.27865368127822876,
      -0.28854694962501526,
      -0.29444020986557007,
      -0.2963334619998932,
      -0.294226735830307,
      -0.28812000155448914,
      -0.28601327538490295,
      -0.2879065275192261
    ],