{
  "run_name": "a2c_z_penalty_e_0p900_seed_3_alpha_0p010_ztol_0p000_wc_1p000_beta_0p000",
  "controller": "a2c",
  "controller_family": "rl",
  "seed": 3,
  "timesteps": 500000,
  "reward_variant": "z_penalty",
  "collision_restitution": 0.9,
  "collision_reward_weight": 1.0,
  "z_position_penalty_weight": 0.01,
  "z_position_tolerance": 0.0,
  "swing_growth_reward_weight": 0.05,
  "model_path": "/Users/ahmadataka/Documents/Bitbucket - Ataka/latto_latto_control/models/restitution_sweep/a2c_z_penalty_e_0p900_seed_3_alpha_0p010_ztol_0p000_wc_1p000_beta_0p000.zip",
  "evaluation": {
    "reward_sum": -0.0003495582609497084,
    "alternating_collisions": 0,
    "longest_alternating_streak": 0,
    "total_collisions": 5,
    "time_to_first_alternating_collision": null,
    "mean_abs_z": 0.016675986481131985,
    "max_abs_z": 0.028794117271900177,
    "mean_collision_energy_loss": 1.1991867542266845,
    "time": [
      0.0,
      0.02,
      0.04,
      0.06,
      0.08,
      0.1,
      0.12000000000000001,
      0.14,
      0.16,
      0.18,
      0.19999999999999998,
      0.21999999999999997,
      0.23999999999999996,
      0.25999999999999995,
      0.27999999999999997,
      0.3,
      0.32,
      0.34,
      0.36000000000000004,
      0.38000000000000006,
      0.4000000000000001,
      0.4200000000000001,
      0.4400000000000001,
      0.46000000000000013,
      0.48000000000000015,
      0.5000000000000001,
      0.5200000000000001,
      0.5400000000000001,
      0.5600000000000002,
      0.5800000000000002,
      0.6000000000000002,
      0.6200000000000002,
      0.6400000000000002,
      0.6600000000000003,
      0.6800000000000003,
      0.7000000000000003,
      0.7200000000000003,
      0.7400000000000003,
      0.7600000000000003,
      0.7800000000000004,
      0.8000000000000004,
      0.8200000000000004,
      0.8400000000000004,
      0.8600000000000004,
      0.8800000000000004,
      0.9000000000000005,
      0.9200000000000005,
      0.9400000000000005,
      0.9600000000000005,
      0.9800000000000005,
      1.0000000000000004,
      1.0200000000000005,
      1.0400000000000005,
      1.0600000000000005,
      1.0800000000000005,
      1.1000000000000005,
      1.1200000000000006,
      1.1400000000000006,
      1.1600000000000006,
      1.1800000000000006,
      1.2000000000000006,
      1.2200000000000006,
      1.2400000000000007,
      1.2600000000000007,
      1.2800000000000007,
      1.3000000000000007,
      1.3200000000000007,
      1.3400000000000007,
      1.3600000000000008,
      1.3800000000000008,
      1.4000000000000008,
      1.4200000000000008,
      1.4400000000000008,
      1.4600000000000009,
      1.4800000000000009,
      1.5000000000000009,
      1.520000000000001,
      1.540000000000001,
      1.560000000000001,
      1.580000000000001,
      1.600000000000001,
      1.620000000000001,
      1.640000000000001,
      1.660000000000001,
      1.680000000000001,
      1.700000000000001,
      1.720000000000001,
      1.740000000000001,
      1.7600000000000011,
      1.7800000000000011,
      1.8000000000000012,
      1.8200000000000012,
      1.8400000000000012,
      1.8600000000000012,
      1.8800000000000012,
      1.9000000000000012,
      1.9200000000000013,
      1.9400000000000013,
      1.9600000000000013,
      1.9800000000000013
    ],
    "action": [
      3.6122570037841797,
      1.6976326704025269,
      -0.1839805394411087,
      -1.2213985919952393,
      -1.916933536529541,
      -2.416268825531006,
      -2.769193172454834,
      -3.0030527114868164,
      -3.1371867656707764,
      -3.1844913959503174,
      -3.151149272918701,
      -3.0367891788482666,
      5.136585712432861,
      5.022728443145752,
      4.823587894439697,
      4.4548726081848145,
      3.7744967937469482,
      2.6562600135803223,
      1.2858737707138062,
      0.20832109451293945,
      -0.2740325927734375,
      -0.08078877627849579,
      0.5644465088844299,
      0.5679200887680054,
      -0.23061101138591766,
      -0.9572978615760803,
      -1.4575258493423462,
      -1.8121263980865479,
      -2.066257953643799,
      -2.2385735511779785,
      -2.337423801422119,
      -2.3669724464416504,
      -2.329026460647583,
      -2.2236225605010986,
      4.0402045249938965,
      3.5236616134643555,
      2.8177199363708496,
      1.9615775346755981,
      1.0860817432403564,
      0.3465765714645386,
      -0.16984154284000397,
      -0.42494791746139526,
      -0.3702624440193176,
      0.007953107357025146,
      0.45593732595443726,
      0.46345728635787964,
      -0.005342498421669006,
      -0.5407695174217224,
      -0.9490395188331604,
      -1.2347402572631836,
      -1.428553819656372,
      -1.5497963428497314,
      -1.6083462238311768,
      -1.6091177463531494,
      -1.5546480417251587,
      2.4492454528808594,
      1.871199369430542,
      1.2888154983520508,
      0.7583274245262146,
      0.3246087431907654,
      0.018037736415863037,
      -0.13186000287532806,
      -0.09025140106678009,
      0.15029887855052948,
      0.48087847232818604,
      0.6330881714820862,
      0.4453510046005249,
      0.0445999801158905,
      -0.3577806353569031,
      -0.6711795926094055,
      -0.8915577530860901,
      -1.0349833965301514,
      -1.1153268814086914,
      -1.141589641571045,
      -1.1193580627441406,
      1.1634619235992432,
      0.8304948210716248,
      0.5329647660255432,
      0.28920772671699524,
      0.118809275329113,
      0.04496365785598755,
      0.08988724648952484,
      0.25524890422821045,
      0.4845758080482483,
      0.6399328112602234,
      0.5964949727058411,
      0.35931283235549927,
      0.03777201473712921,
      -0.26437079906463623,
      -0.5024673342704773,
      -0.6713051795959473,
      -0.7785874009132385,
      -0.8331848382949829,
      -0.8421723246574402,
      0.2727014124393463,
      0.1884622573852539,
      0.11291490495204926,
      0.06554114073514938,
      0.06664884835481644,
      0.13280828297138214
    ],