{
  "run_name": "a2c_swing_growth_e_1p000_seed_3_alpha_0p010_ztol_0p000_wc_1p000_beta_0p050",
  "controller": "a2c",
  "controller_family": "rl",
  "seed": 3,
  "timesteps": 500000,
  "reward_variant": "swing_growth",
  "collision_restitution": 1.0,
  "collision_reward_weight": 1.0,
  "z_position_penalty_weight": 0.01,
  "z_position_tolerance": 0.0,
  "swing_growth_reward_weight": 0.05,
  "model_path": "/Users/ahmadataka/Documents/Bitbucket - Ataka/latto_latto_control/models/restitution_sweep/a2c_swing_growth_e_1p000_seed_3_alpha_0p010_ztol_0p000_wc_1p000_beta_0p050.zip",
  "evaluation": {
    "reward_sum": -22.01133281095099,
    "alternating_collisions": 0,
    "longest_alternating_streak": 0,
    "total_collisions": 2,
    "time_to_first_alternating_collision": null,
    "mean_abs_z": 3.249445544287446,
    "max_abs_z": 11.407959938049316,
    "mean_collision_energy_loss": 0.0,
    "time": [
      0.0,
      0.02,
      0.04,
      0.06,
      0.08,
      0.1,
      0.12000000000000001,
      0.14,
      0.16,
      0.18,
      0.19999999999999998,
      0.21999999999999997,
      0.23999999999999996,
      0.25999999999999995,
      0.27999999999999997,
      0.3,
      0.32,
      0.34,
      0.36000000000000004,
      0.38000000000000006,
      0.4000000000000001,
      0.4200000000000001,
      0.4400000000000001,
      0.46000000000000013,
      0.48000000000000015,
      0.5000000000000001,
      0.5200000000000001,
      0.5400000000000001,
      0.5600000000000002,
      0.5800000000000002,
      0.6000000000000002,
      0.6200000000000002,
      0.6400000000000002,
      0.6600000000000003,
      0.6800000000000003,
      0.7000000000000003,
      0.7200000000000003,
      0.7400000000000003,
      0.7600000000000003,
      0.7800000000000004,
      0.8000000000000004,
      0.8200000000000004,
      0.8400000000000004,
      0.8600000000000004,
      0.8800000000000004,
      0.9000000000000005,
      0.9200000000000005,
      0.9400000000000005,
      0.9600000000000005,
      0.9800000000000005,
      1.0000000000000004,
      1.0200000000000005,
      1.0400000000000005,
      1.0600000000000005,
      1.0800000000000005,
      1.1000000000000005,
      1.1200000000000006,
      1.1400000000000006,
      1.1600000000000006,
      1.1800000000000006,
      1.2000000000000006,
      1.2200000000000006,
      1.2400000000000007,
      1.2600000000000007,
      1.2800000000000007,
      1.3000000000000007,
      1.3200000000000007,
      1.3400000000000007,
      1.3600000000000008,
      1.3800000000000008,
      1.4000000000000008,
      1.4200000000000008,
      1.4400000000000008,
      1.4600000000000009,
      1.4800000000000009,
      1.5000000000000009,
      1.520000000000001,
      1.540000000000001,
      1.560000000000001,
      1.580000000000001,
      1.600000000000001,
      1.620000000000001,
      1.640000000000001,
      1.660000000000001,
      1.680000000000001,
      1.700000000000001,
      1.720000000000001,
      1.740000000000001,
      1.7600000000000011,
      1.7800000000000011,
      1.8000000000000012,
      1.8200000000000012,
      1.8400000000000012,
      1.8600000000000012,
      1.8800000000000012,
      1.9000000000000012,
      1.9200000000000013,
      1.9400000000000013,
      1.9600000000000013,
      1.9800000000000013
    ],
    "action": [
      2.2769830226898193,
      1.784003734588623,
      1.0293447971343994,
      -0.46259093284606934,
      -2.6708099842071533,
      -4.849362850189209,
      -6.327656269073486,
      -7.179566383361816,
      -7.661443710327148,
      -7.942661285400391,
      -8.115957260131836,
      -8.229942321777344,
      -8.309873580932617,
      1.7329895496368408,
      1.7445781230926514,
      1.7009007930755615,
      1.6012933254241943,
      1.4413262605667114,
      1.2163794040679932,
      0.9298562407493591,
      0.5922693610191345,
      0.19524961709976196,
      -0.3169803023338318,
      -1.0534660816192627,
      -2.1641924381256104,
      -3.7319061756134033,
      -5.459554672241211,
      -6.8310136795043945,
      -7.683046340942383,
      -8.1534423828125,
      -8.40321159362793,
      -8.53587818145752,
      -8.607551574707031,
      -8.646913528442383,
      -8.668586730957031,
      -8.680257797241211,
      -8.686151504516602,
      -8.688692092895508,
      -8.689318656921387,
      -8.68890380859375,
      -8.68797779083252,
      -8.686864852905273,
      -8.685765266418457,
      -8.810800552368164,
      -8.815197944641113,
      -8.817925453186035,
      -8.819501876831055,
      -8.820270538330078,
      -8.820454597473145,
      -8.820199966430664,
      -8.819602012634277,
      -8.8187255859375,
      -8.81761360168457,
      -8.816301345825195,
      -8.814809799194336,
      -8.813167572021484,
      -8.811391830444336,
      -8.809503555297852,
      -8.807522773742676,
      -8.805468559265137,
      -8.803359985351562,
      -8.801214218139648,
      -8.799049377441406,
      -8.796878814697266,
      -8.794719696044922,
      -8.792581558227539,
      -8.790475845336914,
      -8.788412094116211,
      -8.786397933959961,
      -8.784440040588379,
      -8.78254222869873,
      -8.78071117401123,
      -8.778949737548828,
      -8.77725887298584,
      -8.775644302368164,
      -8.774105072021484,
      -8.77264404296875,
      -8.771263122558594,
      -8.769964218139648,
      -8.768749237060547,
      -8.767618179321289,
      -8.766572952270508,
      -8.765616416931152,
      -8.76474666595459,
      -8.763968467712402,
      -8.763280868530273,
      -8.762685775756836,
      -8.76218318939209,
      -8.761775970458984,
      -8.761465072631836,
      -8.761249542236328,
      -8.761133193969727,
      -8.761114120483398,
      -8.761194229125977,
      -8.761374473571777,
      -8.761655807495117,
      -8.76203727722168,
      -8.762520790100098,
      -8.763107299804688,
      -8.763795852661133
    ],