{
  "run_name": "a2c_swing_growth_e_0p950_seed_4_alpha_0p010_ztol_0p000_wc_1p000_beta_0p050",
  "controller": "a2c",
  "controller_family": "rl",
  "seed": 4,
  "timesteps": 500000,
  "reward_variant": "swing_growth",
  "collision_restitution": 0.95,
  "collision_reward_weight": 1.0,
  "z_position_penalty_weight": 0.01,
  "z_position_tolerance": 0.0,
  "swing_growth_reward_weight": 0.05,
  "model_path": "/Users/ahmadataka/Documents/Bitbucket - Ataka/latto_latto_control/models/restitution_sweep/a2c_swing_growth_e_0p950_seed_4_alpha_0p010_ztol_0p000_wc_1p000_beta_0p050.zip",
  "evaluation": {
    "reward_sum": -3.758759180782363,
    "alternating_collisions": 0,
    "longest_alternating_streak": 0,
    "total_collisions": 5,
    "time_to_first_alternating_collision": null,
    "mean_abs_z": 1.6404463356966152,
    "max_abs_z": 3.0237090587615967,
    "mean_collision_energy_loss": 0.2830525875091553,
    "time": [
      0.0,
      0.02,
      0.04,
      0.06,
      0.08,
      0.1,
      0.12000000000000001,
      0.14,
      0.16,
      0.18,
      0.19999999999999998,
      0.21999999999999997,
      0.23999999999999996,
      0.25999999999999995,
      0.27999999999999997,
      0.3,
      0.32,
      0.34,
      0.36000000000000004,
      0.38000000000000006,
      0.4000000000000001,
      0.4200000000000001,
      0.4400000000000001,
      0.46000000000000013,
      0.48000000000000015,
      0.5000000000000001,
      0.5200000000000001,
      0.5400000000000001,
      0.5600000000000002,
      0.5800000000000002,
      0.6000000000000002,
      0.6200000000000002,
      0.6400000000000002,
      0.6600000000000003,
      0.6800000000000003,
      0.7000000000000003,
      0.7200000000000003,
      0.7400000000000003,
      0.7600000000000003,
      0.7800000000000004,
      0.8000000000000004,
      0.8200000000000004,
      0.8400000000000004,
      0.8600000000000004,
      0.8800000000000004,
      0.9000000000000005,
      0.9200000000000005,
      0.9400000000000005,
      0.9600000000000005,
      0.9800000000000005,
      1.0000000000000004,
      1.0200000000000005,
      1.0400000000000005,
      1.0600000000000005,
      1.0800000000000005,
      1.1000000000000005,
      1.1200000000000006,
      1.1400000000000006,
      1.1600000000000006,
      1.1800000000000006,
      1.2000000000000006,
      1.2200000000000006,
      1.2400000000000007,
      1.2600000000000007,
      1.2800000000000007,
      1.3000000000000007,
      1.3200000000000007,
      1.3400000000000007,
      1.3600000000000008,
      1.3800000000000008,
      1.4000000000000008,
      1.4200000000000008,
      1.4400000000000008,
      1.4600000000000009,
      1.4800000000000009,
      1.5000000000000009,
      1.520000000000001,
      1.540000000000001,
      1.560000000000001,
      1.580000000000001,
      1.600000000000001,
      1.620000000000001,
      1.640000000000001,
      1.660000000000001,
      1.680000000000001,
      1.700000000000001,
      1.720000000000001,
      1.740000000000001,
      1.7600000000000011,
      1.7800000000000011,
      1.8000000000000012,
      1.8200000000000012,
      1.8400000000000012,
      1.8600000000000012,
      1.8800000000000012,
      1.9000000000000012,
      1.9200000000000013,
      1.9400000000000013,
      1.9600000000000013,
      1.9800000000000013
    ],
    "action": [
      2.834472179412842,
      -10.0,
      -10.0,
      -10.0,
      -10.0,
      -10.0,
      -10.0,
      -10.0,
      -10.0,
      -10.0,
      -10.0,
      -10.0,
      -10.0,
      -10.0,
      -10.0,
      -6.681495189666748,
      -10.0,
      -5.458675861358643,
      -10.0,
      -5.972886085510254,
      -9.513620376586914,
      -4.837776184082031,
      -9.570636749267578,
      -4.468485355377197,
      -8.471641540527344,
      -4.920919418334961,
      -6.645208835601807,
      -5.141027450561523,
      -5.04826545715332,
      -4.305150032043457,
      -3.516993999481201,
      -2.483826160430908,
      -1.1234179735183716,
      10.0,
      10.0,
      10.0,
      10.0,
      10.0,
      10.0,
      10.0,
      10.0,
      10.0,
      10.0,
      10.0,
      10.0,
      10.0,
      10.0,
      10.0,
      10.0,
      10.0,
      10.0,
      10.0,
      10.0,
      10.0,
      10.0,
      10.0,
      10.0,
      10.0,
      10.0,
      10.0,
      10.0,
      10.0,
      10.0,
      10.0,
      10.0,
      10.0,
      10.0,
      10.0,
      10.0,
      10.0,
      10.0,
      10.0,
      10.0,
      10.0,
      10.0,
      10.0,
      10.0,
      10.0,
      10.0,
      10.0,
      10.0,
      10.0,
      10.0,
      10.0,
      10.0,
      10.0,
      10.0,
      10.0,
      10.0,
      10.0,
      10.0,
      10.0,
      0.4015732705593109,
      -6.4740214347839355,
      -9.155863761901855,
      -10.0,
      -10.0,
      -10.0,
      -10.0,
      -10.0
    ],
    "z": [
      0.0011337888427078724,
      -0.0017324220389127731,
      -0.008598633110523224,
      -0.019464842975139618,
      -0.034331053495407104,
      -0.053197264671325684,
      -0.07606347650289536,
      -0.10292968899011612,
      -0.13379590213298798,
      -0.16866211593151093,
      -0.20752832293510437,
      -0.2503945231437683,
      -0.29726073145866394,
      -0.34812694787979126,
      -0.40299317240715027,
      -0.46053197979927063,
      -0.5220707654953003,
      -0.5857930183410645,
      -0.6535152792930603,
      -0.7236267328262329,
      -0.7975436449050903,
      -0.8733956217765808,
      -0.9530758857727051,
      -1.034543514251709,
      -1.1193997859954834,
      -1.2062244415283203,
      -1.2957072257995605,
      -1.3872463703155518,
      -1.4808048009872437,
      -1.5760853290557861,
      -1.6727726459503174,
      -1.7704534530639648,
      -1.8685836791992188,
      -1.9627139568328857,
      -2.052844285964966,
      -2.13897442817688,
      -2.221104621887207,
      -2.2992348670959473,
      -2.3733651638031006,
      -2.443495273590088,
      -2.5096254348754883,
      -2.5717556476593018,
      -2.6298859119415283,
      -2.684016227722168,
      -2.7341463565826416,
      -2.7802765369415283,
      -2.822406768798828,
      -2.860537052154541,
      -2.894667387008667,
      -2.924797534942627,
      -2.950927734375,
      -2.973057985305786,
      -2.9911882877349854,
      -3.0053184032440186,
      -3.015448570251465,
      -3.021578788757324,
      -3.0237090587615967,
      -3.0218393802642822,
      -3.0159695148468018,
      -3.0060997009277344,
      -2.99222993850708,
      -2.974360227584839,
      -2.9524903297424316,
      -2.9266204833984375,
      -2.8967506885528564,
      -2.8628809452056885,
      -2.8250112533569336,
      -2.7831413745880127,
      -2.737271547317505,
      -2.68740177154541,
      -2.6335320472717285,
      -2.57566237449646,
      -2.5137925148010254,
      -2.447922706604004,
      -2.3780529499053955,
      -2.3041832447052,
      -2.226313352584839,
      -2.1444435119628906,
      -2.0585737228393555,
      -1.9687039852142334,
      -1.8748341798782349,
      -1.7769644260406494,
      -1.6750946044921875,
      -1.5692248344421387,
      -1.459355115890503,
      -1.3454853296279907,
      -1.2276155948638916,
      -1.105745792388916,
      -0.9798760414123535,
      -0.8500062823295593,
      -0.7161365747451782,
      -0.5782668590545654,
      -0.44023650884628296,
      -0.3047957420349121,
      -0.17301733791828156,
      -0.0452389270067215,
      0.07853949069976807,
      0.19831791520118713,
      0.3140963315963745,
      0.4258747696876526
    ],