{
  "run_name": "a2c_swing_growth_e_0p950_seed_0_alpha_0p010_ztol_0p000_wc_1p000_beta_0p050",
  "controller": "a2c",
  "controller_family": "rl",
  "seed": 0,
  "timesteps": 500000,
  "reward_variant": "swing_growth",
  "collision_restitution": 0.95,
  "collision_reward_weight": 1.0,
  "z_position_penalty_weight": 0.01,
  "z_position_tolerance": 0.0,
  "swing_growth_reward_weight": 0.05,
  "model_path": "/Users/ahmadataka/Documents/Bitbucket - Ataka/latto_latto_control/models/restitution_sweep/a2c_swing_growth_e_0p950_seed_0_alpha_0p010_ztol_0p000_wc_1p000_beta_0p050.zip",
  "evaluation": {
    "reward_sum": 9.708009887183252,
    "alternating_collisions": 10,
    "longest_alternating_streak": 10,
    "total_collisions": 11,
    "time_to_first_alternating_collision": 0.5600000000000002,
    "mean_abs_z": 0.8338632921036333,
    "max_abs_z": 1.8649218082427979,
    "mean_collision_energy_loss": 25.78956517306241,
    "time": [
      0.0,
      0.02,
      0.04,
      0.06,
      0.08,
      0.1,
      0.12000000000000001,
      0.14,
      0.16,
      0.18,
      0.19999999999999998,
      0.21999999999999997,
      0.23999999999999996,
      0.25999999999999995,
      0.27999999999999997,
      0.3,
      0.32,
      0.34,
      0.36000000000000004,
      0.38000000000000006,
      0.4000000000000001,
      0.4200000000000001,
      0.4400000000000001,
      0.46000000000000013,
      0.48000000000000015,
      0.5000000000000001,
      0.5200000000000001,
      0.5400000000000001,
      0.5600000000000002,
      0.5800000000000002,
      0.6000000000000002,
      0.6200000000000002,
      0.6400000000000002,
      0.6600000000000003,
      0.6800000000000003,
      0.7000000000000003,
      0.7200000000000003,
      0.7400000000000003,
      0.7600000000000003,
      0.7800000000000004,
      0.8000000000000004,
      0.8200000000000004,
      0.8400000000000004,
      0.8600000000000004,
      0.8800000000000004,
      0.9000000000000005,
      0.9200000000000005,
      0.9400000000000005,
      0.9600000000000005,
      0.9800000000000005,
      1.0000000000000004,
      1.0200000000000005,
      1.0400000000000005,
      1.0600000000000005,
      1.0800000000000005,
      1.1000000000000005,
      1.1200000000000006,
      1.1400000000000006,
      1.1600000000000006,
      1.1800000000000006,
      1.2000000000000006,
      1.2200000000000006,
      1.2400000000000007,
      1.2600000000000007,
      1.2800000000000007,
      1.3000000000000007,
      1.3200000000000007,
      1.3400000000000007,
      1.3600000000000008,
      1.3800000000000008,
      1.4000000000000008,
      1.4200000000000008,
      1.4400000000000008,
      1.4600000000000009,
      1.4800000000000009,
      1.5000000000000009,
      1.520000000000001,
      1.540000000000001,
      1.560000000000001,
      1.580000000000001,
      1.600000000000001,
      1.620000000000001,
      1.640000000000001,
      1.660000000000001,
      1.680000000000001,
      1.700000000000001,
      1.720000000000001,
      1.740000000000001,
      1.7600000000000011,
      1.7800000000000011,
      1.8000000000000012,
      1.8200000000000012,
      1.8400000000000012,
      1.8600000000000012,
      1.8800000000000012,
      1.9000000000000012,
      1.9200000000000013,
      1.9400000000000013,
      1.9600000000000013,
      1.9800000000000013
    ],
    "action": [
      -9.807821273803711,
      -8.868288040161133,
      -5.781918048858643,
      4.3615031242370605,
      10.0,
      10.0,
      10.0,
      10.0,
      10.0,
      10.0,
      10.0,
      -10.0,
      -10.0,
      -10.0,
      -10.0,
      -10.0,
      -10.0,
      -10.0,
      -10.0,
      -10.0,
      -10.0,
      -10.0,
      -10.0,
      -10.0,
      -10.0,
      -10.0,
      -10.0,
      -10.0,
      -10.0,
      10.0,
      10.0,
      10.0,
      10.0,
      10.0,
      10.0,
      10.0,
      10.0,
      10.0,
      10.0,
      10.0,
      10.0,
      -10.0,
      -10.0,
      -10.0,
      -10.0,
      -10.0,
      -10.0,
      -10.0,
      -10.0,
      -10.0,
      10.0,
      10.0,
      10.0,
      10.0,
      10.0,
      10.0,
      10.0,
      10.0,
      -10.0,
      -10.0,
      -10.0,
      -10.0,
      -10.0,
      -10.0,
      -10.0,
      10.0,
      10.0,
      10.0,
      10.0,
      10.0,
      10.0,
      10.0,
      -10.0,
      -10.0,
      -10.0,
      -10.0,
      -10.0,
      -10.0,
      10.0,
      10.0,
      10.0,
      10.0,
      10.0,
      10.0,
      -10.0,
      -10.0,
      -10.0,
      -10.0,
      -10.0,
      -10.0,
      10.0,
      10.0,
      10.0,
      10.0,
      10.0,
      10.0,
      -10.0,
      -10.0,
      -10.0,
      -10.0
    ],
    "z": [
      -0.003923128359019756,
      -0.011393571272492409,
      -0.021176781505346298,
      -0.029215391725301743,
      -0.033254001289606094,
      -0.033292610198259354,
      -0.02933122031390667,
      -0.021369829773902893,
      -0.009408441372215748,
      0.006552946753799915,
      0.026514332741498947,
      0.04247572273015976,
      0.05443711206316948,
      0.06239850074052811,
      0.06635989248752594,
      0.06632128357887268,
      0.06228267401456833,
      0.054244063794612885,
      0.04220545291900635,
      0.026166843250393867,
      0.006128234788775444,
      -0.017910374328494072,
      -0.04594898596405983,
      -0.07798759639263153,
      -0.11402620375156403,
      -0.1540648192167282,
      -0.1981034278869629,
      -0.24614204466342926,
      -0.2981806695461273,
      -0.3462193012237549,
      -0.39025792479515076,
      -0.43029654026031494,
      -0.46633514761924744,
      -0.49837374687194824,
      -0.5264123678207397,
      -0.5504509806632996,
      -0.5704895853996277,
      -0.5865281820297241,
      -0.5985667705535889,
      -0.6066054105758667,
      -0.6106440424919128,
      -0.6186826229095459,
      -0.6307212114334106,
      -0.6467598080635071,
      -0.6667984127998352,
      -0.690837025642395,
      -0.7188756465911865,
      -0.7509142756462097,
      -0.7869529128074646,
      -0.8269914984703064,
      -0.8630301356315613,
      -0.8950687646865845,
      -0.923107385635376,
      -0.9471459984779358,
      -0.9671846032142639,
      -0.9832231998443604,
      -0.9952617883682251,
      -1.003300428390503,
      -1.0153390169143677,
      -1.0313776731491089,
      -1.051416277885437,
      -1.075454831123352,
      -1.1034934520721436,
      -1.135532021522522,
      -1.1715706586837769,
      -1.2036092281341553,
      -1.2316478490829468,
      -1.2556864023208618,
      -1.27572500705719,
      -1.2917636632919312,
      -1.303802251815796,
      -1.3118408918380737,
      -1.3238794803619385,
      -1.3399181365966797,
      -1.3599567413330078,
      -1.3839952945709229,
      -1.4120339155197144,
      -1.4440724849700928,
      -1.4721111059188843,
      -1.4961496591567993,
      -1.5161882638931274,
      -1.5322269201278687,
      -1.5442655086517334,
      -1.5523041486740112,
      -1.564342737197876,
      -1.5803813934326172,
      -1.6004199981689453,
      -1.6244585514068604,
      -1.6524971723556519,
      -1.6845357418060303,
      -1.7125743627548218,
      -1.7366129159927368,
      -1.756651520729065,
      -1.7726901769638062,
      -1.784728765487671,
      -1.7927674055099487,
      -1.8048059940338135,
      -1.8208446502685547,
      -1.8408832550048828,
      -1.8649218082427979
    ],