{
  "run_name": "a2c_swing_growth_e_0p800_seed_1_alpha_0p010_ztol_0p000_wc_1p000_beta_0p050",
  "controller": "a2c",
  "controller_family": "rl",
  "seed": 1,
  "timesteps": 500000,
  "reward_variant": "swing_growth",
  "collision_restitution": 0.8,
  "collision_reward_weight": 1.0,
  "z_position_penalty_weight": 0.01,
  "z_position_tolerance": 0.0,
  "swing_growth_reward_weight": 0.05,
  "model_path": "/Users/ahmadataka/Documents/Bitbucket - Ataka/latto_latto_control/models/restitution_sweep/a2c_swing_growth_e_0p800_seed_1_alpha_0p010_ztol_0p000_wc_1p000_beta_0p050.zip",
  "evaluation": {
    "reward_sum": 6.192727902845945,
    "alternating_collisions": 7,
    "longest_alternating_streak": 7,
    "total_collisions": 8,
    "time_to_first_alternating_collision": 0.6000000000000002,
    "mean_abs_z": 0.928026384501718,
    "max_abs_z": 2.30232834815979,
    "mean_collision_energy_loss": 49.767094016075134,
    "time": [
      0.0,
      0.02,
      0.04,
      0.06,
      0.08,
      0.1,
      0.12000000000000001,
      0.14,
      0.16,
      0.18,
      0.19999999999999998,
      0.21999999999999997,
      0.23999999999999996,
      0.25999999999999995,
      0.27999999999999997,
      0.3,
      0.32,
      0.34,
      0.36000000000000004,
      0.38000000000000006,
      0.4000000000000001,
      0.4200000000000001,
      0.4400000000000001,
      0.46000000000000013,
      0.48000000000000015,
      0.5000000000000001,
      0.5200000000000001,
      0.5400000000000001,
      0.5600000000000002,
      0.5800000000000002,
      0.6000000000000002,
      0.6200000000000002,
      0.6400000000000002,
      0.6600000000000003,
      0.6800000000000003,
      0.7000000000000003,
      0.7200000000000003,
      0.7400000000000003,
      0.7600000000000003,
      0.7800000000000004,
      0.8000000000000004,
      0.8200000000000004,
      0.8400000000000004,
      0.8600000000000004,
      0.8800000000000004,
      0.9000000000000005,
      0.9200000000000005,
      0.9400000000000005,
      0.9600000000000005,
      0.9800000000000005,
      1.0000000000000004,
      1.0200000000000005,
      1.0400000000000005,
      1.0600000000000005,
      1.0800000000000005,
      1.1000000000000005,
      1.1200000000000006,
      1.1400000000000006,
      1.1600000000000006,
      1.1800000000000006,
      1.2000000000000006,
      1.2200000000000006,
      1.2400000000000007,
      1.2600000000000007,
      1.2800000000000007,
      1.3000000000000007,
      1.3200000000000007,
      1.3400000000000007,
      1.3600000000000008,
      1.3800000000000008,
      1.4000000000000008,
      1.4200000000000008,
      1.4400000000000008,
      1.4600000000000009,
      1.4800000000000009,
      1.5000000000000009,
      1.520000000000001,
      1.540000000000001,
      1.560000000000001,
      1.580000000000001,
      1.600000000000001,
      1.620000000000001,
      1.640000000000001,
      1.660000000000001,
      1.680000000000001,
      1.700000000000001,
      1.720000000000001,
      1.740000000000001,
      1.7600000000000011,
      1.7800000000000011,
      1.8000000000000012,
      1.8200000000000012,
      1.8400000000000012,
      1.8600000000000012,
      1.8800000000000012,
      1.9000000000000012,
      1.9200000000000013,
      1.9400000000000013,
      1.9600000000000013,
      1.9800000000000013
    ],
    "action": [
      -4.889055252075195,
      5.2836809158325195,
      10.0,
      10.0,
      10.0,
      10.0,
      10.0,
      10.0,
      10.0,
      -10.0,
      -10.0,
      -10.0,
      -10.0,
      -10.0,
      -10.0,
      -10.0,
      -10.0,
      -10.0,
      -10.0,
      -10.0,
      -10.0,
      -10.0,
      -10.0,
      -10.0,
      -10.0,
      -10.0,
      -10.0,
      -10.0,
      -10.0,
      -10.0,
      -10.0,
      10.0,
      10.0,
      10.0,
      10.0,
      10.0,
      10.0,
      10.0,
      10.0,
      10.0,
      10.0,
      10.0,
      10.0,
      10.0,
      10.0,
      -10.0,
      -10.0,
      -10.0,
      -10.0,
      -10.0,
      -10.0,
      -10.0,
      -10.0,
      -10.0,
      -10.0,
      -10.0,
      10.0,
      10.0,
      10.0,
      10.0,
      10.0,
      10.0,
      10.0,
      10.0,
      10.0,
      10.0,
      -10.0,
      -10.0,
      -10.0,
      -10.0,
      -10.0,
      -10.0,
      -10.0,
      -10.0,
      -10.0,
      -10.0,
      10.0,
      10.0,
      10.0,
      10.0,
      10.0,
      10.0,
      10.0,
      10.0,
      10.0,
      -10.0,
      -10.0,
      -10.0,
      -10.0,
      -10.0,
      -10.0,
      -10.0,
      -10.0,
      -10.0,
      10.0,
      10.0,
      10.0,
      10.0,
      10.0,
      10.0
    ],
    "z": [
      -0.001955621875822544,
      -0.0017977715469896793,
      0.0023600785061717033,
      0.010517927818000317,
      0.022675778716802597,
      0.0388336256146431,
      0.05899147689342499,
      0.08314932882785797,
      0.11130717396736145,
      0.13546502590179443,
      0.15562286972999573,
      0.17178072035312653,
      0.18393856287002563,
      0.19209641218185425,
      0.19625425338745117,
      0.1964121013879776,
      0.19256995618343353,
      0.18472780287265778,
      0.17288565635681152,
      0.15704350173473358,
      0.13720135390758514,
      0.11335920542478561,
      0.08551705628633499,
      0.053674906492233276,
      0.01783275604248047,
      -0.02200939506292343,
      -0.06585154682397842,
      -0.11369369924068451,
      -0.1655358523130417,
      -0.22137799859046936,
      -0.28122013807296753,
      -0.3370622992515564,
      -0.3889044523239136,
      -0.43674659729003906,
      -0.48058873414993286,
      -0.520430862903595,
      -0.5562729835510254,
      -0.5881151556968689,
      -0.6159573197364807,
      -0.6397994756698608,
      -0.6596416234970093,
      -0.675483763217926,
      -0.6873258948326111,
      -0.6951680183410645,
      -0.6990101933479309,
      -0.7068523168563843,
      -0.7186944484710693,
      -0.7345365881919861,
      -0.7543787360191345,
      -0.7782208919525146,
      -0.8060630559921265,
      -0.83790522813797,
      -0.8737473487854004,
      -0.9135894775390625,
      -0.9574316143989563,
      -1.0052738189697266,
      -1.0491160154342651,
      -1.0889581441879272,
      -1.1248003244400024,
      -1.1566424369812012,
      -1.184484601020813,
      -1.2083266973495483,
      -1.2281688451766968,
      -1.2440110445022583,
      -1.2558531761169434,
      -1.2636953592300415,
      -1.2755374908447266,
      -1.291379690170288,
      -1.3112218379974365,
      -1.3350639343261719,
      -1.3629060983657837,
      -1.3947482109069824,
      -1.4305903911590576,
      -1.4704325199127197,
      -1.5142747163772583,
      -1.5621168613433838,
      -1.6059590578079224,
      -1.6458011865615845,
      -1.6816433668136597,
      -1.7134854793548584,
      -1.7413276433944702,
      -1.7651697397232056,
      -1.785011887550354,
      -1.8008540868759155,
      -1.8126962184906006,
      -1.828538417816162,
      -1.8483805656433105,
      -1.872222661972046,
      -1.9000648260116577,
      -1.9319069385528564,
      -1.9677491188049316,
      -2.0075912475585938,
      -2.0514333248138428,
      -2.099275588989258,
      -2.143117666244507,
      -2.182959794998169,
      -2.218801975250244,
      -2.2506442070007324,
      -2.2784862518310547,
      -2.30232834815979
    ],