{
  "run_name": "a2c_z_penalty_e_0p950_seed_2_alpha_0p010_ztol_0p000_wc_1p000_beta_0p000",
  "controller": "a2c",
  "controller_family": "rl",
  "seed": 2,
  "timesteps": 500000,
  "reward_variant": "z_penalty",
  "collision_restitution": 0.95,
  "collision_reward_weight": 1.0,
  "z_position_penalty_weight": 0.01,
  "z_position_tolerance": 0.0,
  "swing_growth_reward_weight": 0.05,
  "model_path": "/Users/ahmadataka/Documents/Bitbucket - Ataka/latto_latto_control/models/restitution_sweep/a2c_z_penalty_e_0p950_seed_2_alpha_0p010_ztol_0p000_wc_1p000_beta_0p000.zip",
  "evaluation": {
    "reward_sum": 2.2807059857929346,
    "alternating_collisions": 4,
    "longest_alternating_streak": 4,
    "total_collisions": 6,
    "time_to_first_alternating_collision": 1.2800000000000007,
    "mean_abs_z": 1.1554834632389248,
    "max_abs_z": 1.8849663734436035,
    "mean_collision_energy_loss": 11.23546059926351,
    "time": [
      0.0,
      0.02,
      0.04,
      0.06,
      0.08,
      0.1,
      0.12000000000000001,
      0.14,
      0.16,
      0.18,
      0.19999999999999998,
      0.21999999999999997,
      0.23999999999999996,
      0.25999999999999995,
      0.27999999999999997,
      0.3,
      0.32,
      0.34,
      0.36000000000000004,
      0.38000000000000006,
      0.4000000000000001,
      0.4200000000000001,
      0.4400000000000001,
      0.46000000000000013,
      0.48000000000000015,
      0.5000000000000001,
      0.5200000000000001,
      0.5400000000000001,
      0.5600000000000002,
      0.5800000000000002,
      0.6000000000000002,
      0.6200000000000002,
      0.6400000000000002,
      0.6600000000000003,
      0.6800000000000003,
      0.7000000000000003,
      0.7200000000000003,
      0.7400000000000003,
      0.7600000000000003,
      0.7800000000000004,
      0.8000000000000004,
      0.8200000000000004,
      0.8400000000000004,
      0.8600000000000004,
      0.8800000000000004,
      0.9000000000000005,
      0.9200000000000005,
      0.9400000000000005,
      0.9600000000000005,
      0.9800000000000005,
      1.0000000000000004,
      1.0200000000000005,
      1.0400000000000005,
      1.0600000000000005,
      1.0800000000000005,
      1.1000000000000005,
      1.1200000000000006,
      1.1400000000000006,
      1.1600000000000006,
      1.1800000000000006,
      1.2000000000000006,
      1.2200000000000006,
      1.2400000000000007,
      1.2600000000000007,
      1.2800000000000007,
      1.3000000000000007,
      1.3200000000000007,
      1.3400000000000007,
      1.3600000000000008,
      1.3800000000000008,
      1.4000000000000008,
      1.4200000000000008,
      1.4400000000000008,
      1.4600000000000009,
      1.4800000000000009,
      1.5000000000000009,
      1.520000000000001,
      1.540000000000001,
      1.560000000000001,
      1.580000000000001,
      1.600000000000001,
      1.620000000000001,
      1.640000000000001,
      1.660000000000001,
      1.680000000000001,
      1.700000000000001,
      1.720000000000001,
      1.740000000000001,
      1.7600000000000011,
      1.7800000000000011,
      1.8000000000000012,
      1.8200000000000012,
      1.8400000000000012,
      1.8600000000000012,
      1.8800000000000012,
      1.9000000000000012,
      1.9200000000000013,
      1.9400000000000013,
      1.9600000000000013,
      1.9800000000000013
    ],
    "action": [
      -10.0,
      -10.0,
      -10.0,
      -10.0,
      -10.0,
      -9.716301918029785,
      -8.167757034301758,
      -6.935751914978027,
      -5.705828666687012,
      -4.065920352935791,
      -1.7144654989242554,
      0.7149844169616699,
      4.643665790557861,
      10.0,
      10.0,
      10.0,
      10.0,
      10.0,
      10.0,
      -8.070279121398926,
      -6.350654602050781,
      -5.262803077697754,
      -4.762499809265137,
      -4.578361511230469,
      -4.516407012939453,
      -4.503110885620117,
      -4.52736234664917,
      -4.586008071899414,
      -4.668052673339844,
      -4.756728172302246,
      -4.83610725402832,
      -4.893429756164551,
      -4.9203996658325195,
      -4.909063339233398,
      -4.839662551879883,
      -4.667191982269287,
      -4.295310020446777,
      -3.4999747276306152,
      -1.842152714729309,
      0.586872398853302,
      2.645989179611206,
      8.78853702545166,
      10.0,
      10.0,
      10.0,
      10.0,
      10.0,
      10.0,
      10.0,
      -2.470900774002075,
      -2.5655457973480225,
      -2.6893677711486816,
      -2.839653730392456,
      -3.0177788734436035,
      -3.229351043701172,
      -3.4663777351379395,
      -3.694589376449585,
      -3.88570237159729,
      -4.047024250030518,
      -4.197216033935547,
      -4.340407848358154,
      -4.468732833862305,
      -4.575294494628906,
      -4.659045696258545,
      -4.722586154937744,
      10.0,
      10.0,
      10.0,
      10.0,
      10.0,
      10.0,
      10.0,
      10.0,
      10.0,
      10.0,
      10.0,
      10.0,
      10.0,
      -3.1349940299987793,
      -3.0120131969451904,
      -2.9503183364868164,
      -2.9241855144500732,
      -2.9370923042297363,
      -2.9972519874572754,
      -3.103351354598999,
      -3.2437286376953125,
      -3.4022934436798096,
      -3.5608608722686768,
      10.0,
      10.0,
      10.0,
      10.0,
      10.0,
      10.0,
      10.0,
      10.0,
      10.0,
      -10.0,
      -10.0,
      -9.940402030944824
    ],