{
  "run_name": "a2c_swing_growth_e_0p900_seed_0_alpha_0p010_ztol_0p000_wc_1p000_beta_0p050",
  "controller": "a2c",
  "controller_family": "rl",
  "seed": 0,
  "timesteps": 500000,
  "reward_variant": "swing_growth",
  "collision_restitution": 0.9,
  "collision_reward_weight": 1.0,
  "z_position_penalty_weight": 0.01,
  "z_position_tolerance": 0.0,
  "swing_growth_reward_weight": 0.05,
  "model_path": "/Users/ahmadataka/Documents/Bitbucket - Ataka/latto_latto_control/models/restitution_sweep/a2c_swing_growth_e_0p900_seed_0_alpha_0p010_ztol_0p000_wc_1p000_beta_0p050.zip",
  "evaluation": {
    "reward_sum": 4.181733034898258,
    "alternating_collisions": 9,
    "longest_alternating_streak": 9,
    "total_collisions": 10,
    "time_to_first_alternating_collision": 0.6800000000000003,
    "mean_abs_z": 1.905251786839217,
    "max_abs_z": 4.363613128662109,
    "mean_collision_energy_loss": 38.457877731323244,
    "time": [
      0.0,
      0.02,
      0.04,
      0.06,
      0.08,
      0.1,
      0.12000000000000001,
      0.14,
      0.16,
      0.18,
      0.19999999999999998,
      0.21999999999999997,
      0.23999999999999996,
      0.25999999999999995,
      0.27999999999999997,
      0.3,
      0.32,
      0.34,
      0.36000000000000004,
      0.38000000000000006,
      0.4000000000000001,
      0.4200000000000001,
      0.4400000000000001,
      0.46000000000000013,
      0.48000000000000015,
      0.5000000000000001,
      0.5200000000000001,
      0.5400000000000001,
      0.5600000000000002,
      0.5800000000000002,
      0.6000000000000002,
      0.6200000000000002,
      0.6400000000000002,
      0.6600000000000003,
      0.6800000000000003,
      0.7000000000000003,
      0.7200000000000003,
      0.7400000000000003,
      0.7600000000000003,
      0.7800000000000004,
      0.8000000000000004,
      0.8200000000000004,
      0.8400000000000004,
      0.8600000000000004,
      0.8800000000000004,
      0.9000000000000005,
      0.9200000000000005,
      0.9400000000000005,
      0.9600000000000005,
      0.9800000000000005,
      1.0000000000000004,
      1.0200000000000005,
      1.0400000000000005,
      1.0600000000000005,
      1.0800000000000005,
      1.1000000000000005,
      1.1200000000000006,
      1.1400000000000006,
      1.1600000000000006,
      1.1800000000000006,
      1.2000000000000006,
      1.2200000000000006,
      1.2400000000000007,
      1.2600000000000007,
      1.2800000000000007,
      1.3000000000000007,
      1.3200000000000007,
      1.3400000000000007,
      1.3600000000000008,
      1.3800000000000008,
      1.4000000000000008,
      1.4200000000000008,
      1.4400000000000008,
      1.4600000000000009,
      1.4800000000000009,
      1.5000000000000009,
      1.520000000000001,
      1.540000000000001,
      1.560000000000001,
      1.580000000000001,
      1.600000000000001,
      1.620000000000001,
      1.640000000000001,
      1.660000000000001,
      1.680000000000001,
      1.700000000000001,
      1.720000000000001,
      1.740000000000001,
      1.7600000000000011,
      1.7800000000000011,
      1.8000000000000012,
      1.8200000000000012,
      1.8400000000000012,
      1.8600000000000012,
      1.8800000000000012,
      1.9000000000000012,
      1.9200000000000013,
      1.9400000000000013,
      1.9600000000000013,
      1.9800000000000013
    ],
    "action": [
      -10.0,
      -10.0,
      -10.0,
      -10.0,
      -10.0,
      -10.0,
      -9.665414810180664,
      -6.653873443603516,
      2.26444149017334,
      10.0,
      10.0,
      10.0,
      10.0,
      10.0,
      10.0,
      10.0,
      -10.0,
      -10.0,
      -10.0,
      -10.0,
      -10.0,
      -10.0,
      -10.0,
      -10.0,
      -10.0,
      -10.0,
      -10.0,
      -10.0,
      -10.0,
      -10.0,
      -10.0,
      -10.0,
      -10.0,
      -10.0,
      -10.0,
      10.0,
      10.0,
      10.0,
      10.0,
      10.0,
      10.0,
      10.0,
      10.0,
      10.0,
      10.0,
      10.0,
      10.0,
      -10.0,
      -10.0,
      -10.0,
      -10.0,
      -10.0,
      -10.0,
      -10.0,
      -10.0,
      -10.0,
      10.0,
      10.0,
      10.0,
      10.0,
      10.0,
      10.0,
      10.0,
      10.0,
      -10.0,
      -10.0,
      -10.0,
      -10.0,
      -10.0,
      -10.0,
      -10.0,
      -10.0,
      10.0,
      10.0,
      10.0,
      10.0,
      10.0,
      10.0,
      10.0,
      -10.0,
      -10.0,
      -10.0,
      -10.0,
      -10.0,
      -10.0,
      -10.0,
      10.0,
      10.0,
      10.0,
      10.0,
      10.0,
      10.0,
      10.0,
      -10.0,
      -10.0,
      -10.0,
      -10.0,
      -10.0,
      -10.0,
      -10.0
    ],
    "z": [
      -0.003999999724328518,
      -0.011999999172985554,
      -0.023999998345971107,
      -0.03999999910593033,
      -0.059999994933605194,
      -0.08399999141693115,
      -0.11186615377664566,
      -0.14239387214183807,
      -0.17201581597328186,
      -0.19763775169849396,
      -0.21925969421863556,
      -0.23688162863254547,
      -0.2505035698413849,
      -0.2601255178451538,
      -0.26574745774269104,
      -0.2673693895339966,
      -0.2729913294315338,
      -0.28261327743530273,
      -0.29623520374298096,
      -0.31385713815689087,
      -0.33547908067703247,
      -0.36110103130340576,
      -0.39072296023368835,
      -0.42434489727020264,
      -0.4619668424129486,
      -0.5035887956619263,
      -0.5492107272148132,
      -0.5988326668739319,
      -0.6524546146392822,
      -0.7100765705108643,
      -0.771698534488678,
      -0.8373205065727234,
      -0.9069424867630005,
      -0.9805644154548645,
      -1.058186411857605,
      -1.1318084001541138,
      -1.201430320739746,
      -1.2670522928237915,
      -1.3286741971969604,
      -1.3862961530685425,
      -1.439918041229248,
      -1.4895399808883667,
      -1.5351619720458984,
      -1.5767838954925537,
      -1.614405870437622,
      -1.648027777671814,
      -1.677649736404419,
      -1.7112716436386108,
      -1.7488936185836792,
      -1.7905155420303345,
      -1.8361375331878662,
      -1.8857594728469849,
      -1.9393813610076904,
      -1.9970033168792725,
      -2.0586252212524414,
      -2.1242470741271973,
      -2.185868978500366,
      -2.2434909343719482,
      -2.2971129417419434,
      -2.3467350006103516,
      -2.3923568725585938,
      -2.433978796005249,
      -2.4716007709503174,
      -2.505222797393799,
      -2.542844772338867,
      -2.5844666957855225,
      -2.6300885677337646,
      -2.679710626602173,
      -2.733332633972168,
      -2.79095458984375,
      -2.852576494216919,
      -2.918198347091675,
      -2.9798202514648438,
      -3.037442207336426,
      -3.091064214706421,
      -3.140686273574829,
      -3.1863081455230713,
      -3.2279300689697266,
      -3.265552043914795,
      -3.30717396736145,
      -3.3527958393096924,
      -3.4024178981781006,
      -3.4560399055480957,
      -3.5136618614196777,
      -3.5752837657928467,
      -3.6409056186676025,
      -3.7025275230407715,
      -3.7601494789123535,
      -3.8137714862823486,
      -3.863393545150757,
      -3.909015417098999,
      -3.9506373405456543,
      -3.9882593154907227,
      -4.029881477355957,
      -4.075503349304199,
      -4.125125408172607,
      -4.178747177124023,
      -4.2363691329956055,
      -4.2979912757873535,
      -4.363613128662109
    ],