{
  "run_name": "a2c_swing_growth_e_0p900_seed_3_alpha_0p010_ztol_0p000_wc_1p000_beta_0p050",
  "controller": "a2c",
  "controller_family": "rl",
  "seed": 3,
  "timesteps": 500000,
  "reward_variant": "swing_growth",
  "collision_restitution": 0.9,
  "collision_reward_weight": 1.0,
  "z_position_penalty_weight": 0.01,
  "z_position_tolerance": 0.0,
  "swing_growth_reward_weight": 0.05,
  "model_path": "/Users/ahmadataka/Documents/Bitbucket - Ataka/latto_latto_control/models/restitution_sweep/a2c_swing_growth_e_0p900_seed_3_alpha_0p010_ztol_0p000_wc_1p000_beta_0p050.zip",
  "evaluation": {
    "reward_sum": -83.87347645682166,
    "alternating_collisions": 0,
    "longest_alternating_streak": 0,
    "total_collisions": 7,
    "time_to_first_alternating_collision": null,
    "mean_abs_z": 6.86799775948748,
    "max_abs_z": 20.199993133544922,
    "mean_collision_energy_loss": 3.705423559461321,
    "time": [
      0.0,
      0.02,
      0.04,
      0.06,
      0.08,
      0.1,
      0.12000000000000001,
      0.14,
      0.16,
      0.18,
      0.19999999999999998,
      0.21999999999999997,
      0.23999999999999996,
      0.25999999999999995,
      0.27999999999999997,
      0.3,
      0.32,
      0.34,
      0.36000000000000004,
      0.38000000000000006,
      0.4000000000000001,
      0.4200000000000001,
      0.4400000000000001,
      0.46000000000000013,
      0.48000000000000015,
      0.5000000000000001,
      0.5200000000000001,
      0.5400000000000001,
      0.5600000000000002,
      0.5800000000000002,
      0.6000000000000002,
      0.6200000000000002,
      0.6400000000000002,
      0.6600000000000003,
      0.6800000000000003,
      0.7000000000000003,
      0.7200000000000003,
      0.7400000000000003,
      0.7600000000000003,
      0.7800000000000004,
      0.8000000000000004,
      0.8200000000000004,
      0.8400000000000004,
      0.8600000000000004,
      0.8800000000000004,
      0.9000000000000005,
      0.9200000000000005,
      0.9400000000000005,
      0.9600000000000005,
      0.9800000000000005,
      1.0000000000000004,
      1.0200000000000005,
      1.0400000000000005,
      1.0600000000000005,
      1.0800000000000005,
      1.1000000000000005,
      1.1200000000000006,
      1.1400000000000006,
      1.1600000000000006,
      1.1800000000000006,
      1.2000000000000006,
      1.2200000000000006,
      1.2400000000000007,
      1.2600000000000007,
      1.2800000000000007,
      1.3000000000000007,
      1.3200000000000007,
      1.3400000000000007,
      1.3600000000000008,
      1.3800000000000008,
      1.4000000000000008,
      1.4200000000000008,
      1.4400000000000008,
      1.4600000000000009,
      1.4800000000000009,
      1.5000000000000009,
      1.520000000000001,
      1.540000000000001,
      1.560000000000001,
      1.580000000000001,
      1.600000000000001,
      1.620000000000001,
      1.640000000000001,
      1.660000000000001,
      1.680000000000001,
      1.700000000000001,
      1.720000000000001,
      1.740000000000001,
      1.7600000000000011,
      1.7800000000000011,
      1.8000000000000012,
      1.8200000000000012,
      1.8400000000000012,
      1.8600000000000012,
      1.8800000000000012,
      1.9000000000000012,
      1.9200000000000013,
      1.9400000000000013,
      1.9600000000000013,
      1.9800000000000013
    ],
    "action": [
      10.0,
      10.0,
      10.0,
      10.0,
      10.0,
      10.0,
      10.0,
      10.0,
      10.0,
      10.0,
      10.0,
      10.0,
      10.0,
      10.0,
      10.0,
      10.0,
      10.0,
      10.0,
      10.0,
      10.0,
      10.0,
      10.0,
      10.0,
      10.0,
      10.0,
      10.0,
      10.0,
      10.0,
      10.0,
      10.0,
      10.0,
      10.0,
      10.0,
      10.0,
      10.0,
      10.0,
      10.0,
      10.0,
      10.0,
      10.0,
      10.0,
      10.0,
      10.0,
      10.0,
      10.0,
      10.0,
      10.0,
      10.0,
      10.0,
      10.0,
      10.0,
      10.0,
      10.0,
      10.0,
      10.0,
      10.0,
      10.0,
      10.0,
      10.0,
      10.0,
      10.0,
      10.0,
      10.0,
      10.0,
      10.0,
      10.0,
      10.0,
      10.0,
      10.0,
      10.0,
      10.0,
      10.0,
      10.0,
      10.0,
      10.0,
      10.0,
      10.0,
      10.0,
      10.0,
      10.0,
      10.0,
      10.0,
      10.0,
      10.0,
      10.0,
      10.0,
      10.0,
      10.0,
      10.0,
      10.0,
      10.0,
      10.0,
      10.0,
      10.0,
      10.0,
      10.0,
      10.0,
      10.0,
      10.0,
      10.0
    ],
    "z": [
      0.003999999724328518,
      0.011999999172985554,
      0.023999998345971107,
      0.03999999910593033,
      0.059999994933605194,
      0.08399999141693115,
      0.1119999885559082,
      0.14399999380111694,
      0.17999999225139618,
      0.2199999988079071,
      0.2639999985694885,
      0.31200000643730164,
      0.36400002241134644,
      0.42000001668930054,
      0.48000001907348633,
      0.5440000295639038,
      0.612000048160553,
      0.6840000748634338,
      0.7600001096725464,
      0.8400000929832458,
      0.924000084400177,
      1.0120000839233398,
      1.1040000915527344,
      1.2000000476837158,
      1.3000000715255737,
      1.4040000438690186,
      1.5120000839233398,
      1.624000072479248,
      1.7400000095367432,
      1.8600000143051147,
      1.9839999675750732,
      2.111999988555908,
      2.24399995803833,
      2.379999876022339,
      2.5199997425079346,
      2.6639997959136963,
      2.811999797821045,
      2.9639997482299805,
      3.119999647140503,
      3.2799994945526123,
      3.4439995288848877,
      3.61199951171875,
      3.783999443054199,
      3.9599993228912354,
      4.1399993896484375,
      4.323999404907227,
      4.511999130249023,
      4.703999042510986,
      4.899999141693115,
      5.099998950958252,
      5.303998947143555,
      5.511998653411865,
      5.723998546600342,
      5.939998626708984,
      6.159998416900635,
      6.383998394012451,
      6.611998081207275,
      6.843997955322266,
      7.079998016357422,
      7.319997787475586,
      7.563997745513916,
      7.811997413635254,
      8.063997268676758,
      8.31999683380127,
      8.579997062683105,
      8.84399700164795,
      9.1119966506958,
      9.383996963500977,
      9.65999698638916,
      9.939996719360352,
      10.22399616241455,
      10.511996269226074,
      10.803996086120605,
      11.099995613098145,
      11.399995803833008,
      11.703995704650879,
      12.011995315551758,
      12.323995590209961,
      12.639995574951172,
      12.95999526977539,
      13.283994674682617,
      13.611994743347168,
      13.943994522094727,
      14.279994010925293,
      14.619994163513184,
      14.963994026184082,
      15.311993598937988,
      15.663993835449219,
      16.01999282836914,
      16.379993438720703,
      16.743993759155273,
      17.11199378967285,
      17.483993530273438,
      17.85999298095703,
      18.239992141723633,
      18.623992919921875,
      19.011993408203125,
      19.403993606567383,
      19.79999351501465,
      20.199993133544922
    ],