{
  "run_name": "a2c_swing_growth_e_0p900_seed_2_alpha_0p010_ztol_0p000_wc_1p000_beta_0p050",
  "controller": "a2c",
  "controller_family": "rl",
  "seed": 2,
  "timesteps": 500000,
  "reward_variant": "swing_growth",
  "collision_restitution": 0.9,
  "collision_reward_weight": 1.0,
  "z_position_penalty_weight": 0.01,
  "z_position_tolerance": 0.0,
  "swing_growth_reward_weight": 0.05,
  "model_path": "/Users/ahmadataka/Documents/Bitbucket - Ataka/latto_latto_control/models/restitution_sweep/a2c_swing_growth_e_0p900_seed_2_alpha_0p010_ztol_0p000_wc_1p000_beta_0p050.zip",
  "evaluation": {
    "reward_sum": -0.46677579949573555,
    "alternating_collisions": 0,
    "longest_alternating_streak": 0,
    "total_collisions": 4,
    "time_to_first_alternating_collision": null,
    "mean_abs_z": 0.5856806023430545,
    "max_abs_z": 1.9317137002944946,
    "mean_collision_energy_loss": 8.792977809906006,
    "time": [
      0.0,
      0.02,
      0.04,
      0.06,
      0.08,
      0.1,
      0.12000000000000001,
      0.14,
      0.16,
      0.18,
      0.19999999999999998,
      0.21999999999999997,
      0.23999999999999996,
      0.25999999999999995,
      0.27999999999999997,
      0.3,
      0.32,
      0.34,
      0.36000000000000004,
      0.38000000000000006,
      0.4000000000000001,
      0.4200000000000001,
      0.4400000000000001,
      0.46000000000000013,
      0.48000000000000015,
      0.5000000000000001,
      0.5200000000000001,
      0.5400000000000001,
      0.5600000000000002,
      0.5800000000000002,
      0.6000000000000002,
      0.6200000000000002,
      0.6400000000000002,
      0.6600000000000003,
      0.6800000000000003,
      0.7000000000000003,
      0.7200000000000003,
      0.7400000000000003,
      0.7600000000000003,
      0.7800000000000004,
      0.8000000000000004,
      0.8200000000000004,
      0.8400000000000004,
      0.8600000000000004,
      0.8800000000000004,
      0.9000000000000005,
      0.9200000000000005,
      0.9400000000000005,
      0.9600000000000005,
      0.9800000000000005,
      1.0000000000000004,
      1.0200000000000005,
      1.0400000000000005,
      1.0600000000000005,
      1.0800000000000005,
      1.1000000000000005,
      1.1200000000000006,
      1.1400000000000006,
      1.1600000000000006,
      1.1800000000000006,
      1.2000000000000006,
      1.2200000000000006,
      1.2400000000000007,
      1.2600000000000007,
      1.2800000000000007,
      1.3000000000000007,
      1.3200000000000007,
      1.3400000000000007,
      1.3600000000000008,
      1.3800000000000008,
      1.4000000000000008,
      1.4200000000000008,
      1.4400000000000008,
      1.4600000000000009,
      1.4800000000000009,
      1.5000000000000009,
      1.520000000000001,
      1.540000000000001,
      1.560000000000001,
      1.580000000000001,
      1.600000000000001,
      1.620000000000001,
      1.640000000000001,
      1.660000000000001,
      1.680000000000001,
      1.700000000000001,
      1.720000000000001,
      1.740000000000001,
      1.7600000000000011,
      1.7800000000000011,
      1.8000000000000012,
      1.8200000000000012,
      1.8400000000000012,
      1.8600000000000012,
      1.8800000000000012,
      1.9000000000000012,
      1.9200000000000013,
      1.9400000000000013,
      1.9600000000000013,
      1.9800000000000013
    ],
    "action": [
      1.6946687698364258,
      3.0287740230560303,
      2.8953962326049805,
      2.7271854877471924,
      2.636864185333252,
      2.590043067932129,
      2.5641677379608154,
      2.5499374866485596,
      2.5438344478607178,
      2.544867992401123,
      -2.6524691581726074,
      -2.7004714012145996,
      -2.7604873180389404,
      -2.838507890701294,
      -2.9429214000701904,
      -3.085771083831787,
      -3.284994602203369,
      -3.5687780380249023,
      -3.978567123413086,
      -4.535759449005127,
      -5.1328864097595215,
      -5.5701069831848145,
      -5.739489555358887,
      -5.626664161682129,
      -5.186288833618164,
      -4.180647850036621,
      -2.0121688842773438,
      1.0198032855987549,
      2.212711811065674,
      2.219810724258423,
      2.1820695400238037,
      2.2217254638671875,
      2.2828257083892822,
      2.338702440261841,
      2.3833272457122803,
      2.418346643447876,
      2.4476613998413086,
      2.4754979610443115,
      -2.672488212585449,
      -2.7040810585021973,
      -2.747386932373047,
      -2.8073055744171143,
      -2.890933036804199,
      -3.00897216796875,
      -3.1801598072052,
      -3.4428162574768066,
      -3.8522393703460693,
      -4.383772850036621,
      -4.902121067047119,
      -5.29395055770874,
      -5.48560094833374,
      -5.505941390991211,
      -5.394216537475586,
      -5.106335639953613,
      -4.459730625152588,
      -3.069589138031006,
      -0.45743709802627563,
      2.051267385482788,
      2.8155429363250732,
      2.9113762378692627,
      2.9530484676361084,
      3.049374580383301,
      3.1702871322631836,
      3.2861452102661133,
      3.390066623687744,
      3.490401268005371,
      3.6023294925689697,
      -2.5630688667297363,
      -2.583280324935913,
      -2.612274169921875,
      -2.6540958881378174,
      -2.7148184776306152,
      -2.803738594055176,
      -2.936281681060791,
      -3.1372926235198975,
      -3.41102933883667,
      -3.6822869777679443,
      -3.912686824798584,
      -4.137567043304443,
      -4.317764759063721,
      -4.4035162925720215,
      -4.42512845993042,
      -4.326905250549316,
      -3.937180519104004,
      -2.9144744873046875,
      -0.7327730059623718,
      2.2199058532714844,
      3.8769991397857666,
      4.4992804527282715,
      4.951979160308838,
      5.4819159507751465,
      6.001778602600098,
      6.377655506134033,
      6.598412990570068,
      6.727382659912109,
      6.822668552398682,
      -2.4643852710723877,
      -2.4773480892181396,
      -2.4954311847686768,
      -2.5214061737060547
    ],