{
  "run_name": "a2c_z_penalty_e_0p950_seed_4_alpha_0p010_ztol_0p000_wc_1p000_beta_0p000",
  "controller": "a2c",
  "controller_family": "rl",
  "seed": 4,
  "timesteps": 500000,
  "reward_variant": "z_penalty",
  "collision_restitution": 0.95,
  "collision_reward_weight": 1.0,
  "z_position_penalty_weight": 0.01,
  "z_position_tolerance": 0.0,
  "swing_growth_reward_weight": 0.05,
  "model_path": "/Users/ahmadataka/Documents/Bitbucket - Ataka/latto_latto_control/models/restitution_sweep/a2c_z_penalty_e_0p950_seed_4_alpha_0p010_ztol_0p000_wc_1p000_beta_0p000.zip",
  "evaluation": {
    "reward_sum": 10.846827824258668,
    "alternating_collisions": 11,
    "longest_alternating_streak": 11,
    "total_collisions": 12,
    "time_to_first_alternating_collision": 0.5000000000000001,
    "mean_abs_z": 0.33144000863656403,
    "max_abs_z": 0.7279999852180481,
    "mean_collision_energy_loss": 26.715096791585285,
    "time": [
      0.0,
      0.02,
      0.04,
      0.06,
      0.08,
      0.1,
      0.12000000000000001,
      0.14,
      0.16,
      0.18,
      0.19999999999999998,
      0.21999999999999997,
      0.23999999999999996,
      0.25999999999999995,
      0.27999999999999997,
      0.3,
      0.32,
      0.34,
      0.36000000000000004,
      0.38000000000000006,
      0.4000000000000001,
      0.4200000000000001,
      0.4400000000000001,
      0.46000000000000013,
      0.48000000000000015,
      0.5000000000000001,
      0.5200000000000001,
      0.5400000000000001,
      0.5600000000000002,
      0.5800000000000002,
      0.6000000000000002,
      0.6200000000000002,
      0.6400000000000002,
      0.6600000000000003,
      0.6800000000000003,
      0.7000000000000003,
      0.7200000000000003,
      0.7400000000000003,
      0.7600000000000003,
      0.7800000000000004,
      0.8000000000000004,
      0.8200000000000004,
      0.8400000000000004,
      0.8600000000000004,
      0.8800000000000004,
      0.9000000000000005,
      0.9200000000000005,
      0.9400000000000005,
      0.9600000000000005,
      0.9800000000000005,
      1.0000000000000004,
      1.0200000000000005,
      1.0400000000000005,
      1.0600000000000005,
      1.0800000000000005,
      1.1000000000000005,
      1.1200000000000006,
      1.1400000000000006,
      1.1600000000000006,
      1.1800000000000006,
      1.2000000000000006,
      1.2200000000000006,
      1.2400000000000007,
      1.2600000000000007,
      1.2800000000000007,
      1.3000000000000007,
      1.3200000000000007,
      1.3400000000000007,
      1.3600000000000008,
      1.3800000000000008,
      1.4000000000000008,
      1.4200000000000008,
      1.4400000000000008,
      1.4600000000000009,
      1.4800000000000009,
      1.5000000000000009,
      1.520000000000001,
      1.540000000000001,
      1.560000000000001,
      1.580000000000001,
      1.600000000000001,
      1.620000000000001,
      1.640000000000001,
      1.660000000000001,
      1.680000000000001,
      1.700000000000001,
      1.720000000000001,
      1.740000000000001,
      1.7600000000000011,
      1.7800000000000011,
      1.8000000000000012,
      1.8200000000000012,
      1.8400000000000012,
      1.8600000000000012,
      1.8800000000000012,
      1.9000000000000012,
      1.9200000000000013,
      1.9400000000000013,
      1.9600000000000013,
      1.9800000000000013
    ],
    "action": [
      10.0,
      10.0,
      10.0,
      10.0,
      10.0,
      10.0,
      10.0,
      10.0,
      -10.0,
      -10.0,
      -10.0,
      -10.0,
      -10.0,
      -10.0,
      -10.0,
      -10.0,
      -10.0,
      -10.0,
      -10.0,
      -10.0,
      -10.0,
      -10.0,
      -10.0,
      -10.0,
      -10.0,
      -10.0,
      10.0,
      10.0,
      10.0,
      10.0,
      10.0,
      10.0,
      10.0,
      10.0,
      10.0,
      10.0,
      10.0,
      10.0,
      -10.0,
      -10.0,
      -10.0,
      -10.0,
      -10.0,
      -10.0,
      -10.0,
      -10.0,
      -10.0,
      10.0,
      10.0,
      10.0,
      10.0,
      10.0,
      10.0,
      10.0,
      10.0,
      -10.0,
      -10.0,
      -10.0,
      -10.0,
      -10.0,
      -10.0,
      -10.0,
      10.0,
      10.0,
      10.0,
      10.0,
      10.0,
      10.0,
      10.0,
      -10.0,
      -10.0,
      -10.0,
      -10.0,
      -10.0,
      -10.0,
      10.0,
      10.0,
      10.0,
      10.0,
      10.0,
      10.0,
      -10.0,
      -10.0,
      -10.0,
      -10.0,
      -10.0,
      -10.0,
      10.0,
      10.0,
      10.0,
      10.0,
      10.0,
      10.0,
      -10.0,
      -10.0,
      -10.0,
      -10.0,
      -10.0,
      -10.0,
      10.0
    ],
    "z": [
      0.003999999724328518,
      0.011999999172985554,
      0.023999998345971107,
      0.03999999910593033,
      0.059999994933605194,
      0.08399999141693115,
      0.1119999885559082,
      0.14399999380111694,
      0.171999990940094,
      0.19599997997283936,
      0.21599997580051422,
      0.2319999784231186,
      0.24399997293949127,
      0.25199997425079346,
      0.25599998235702515,
      0.25599998235702515,
      0.25199997425079346,
      0.24399997293949127,
      0.2319999784231186,
      0.21599997580051422,
      0.19599997997283936,
      0.1719999760389328,
      0.14399997889995575,
      0.11199997365474701,
      0.07599997520446777,
      0.03599997237324715,
      -2.9802322387695312e-08,
      -0.03200003132224083,
      -0.06000003218650818,
      -0.08400003612041473,
      -0.1040000319480896,
      -0.12000003457069397,
      -0.13200002908706665,
      -0.14000003039836884,
      -0.14400002360343933,
      -0.14400002360343933,
      -0.14000003039836884,
      -0.13200002908706665,
      -0.12800003588199615,
      -0.12800003588199615,
      -0.13200002908706665,
      -0.14000003039836884,
      -0.15200002491474152,
      -0.1680000275373459,
      -0.18800002336502075,
      -0.2120000272989273,
      -0.24000002443790436,
      -0.2640000283718109,
      -0.284000039100647,
      -0.30000004172325134,
      -0.312000036239624,
      -0.320000022649765,
      -0.3240000307559967,
      -0.3240000307559967,
      -0.320000022649765,
      -0.320000022649765,
      -0.3240000307559967,
      -0.3320000171661377,
      -0.3440000116825104,
      -0.36000001430511475,
      -0.3800000250339508,
      -0.40400001406669617,
      -0.4240000247955322,
      -0.4400000274181366,
      -0.4520000219345093,
      -0.46000000834465027,
      -0.46400001645088196,
      -0.46400001645088196,
      -0.46000000834465027,
      -0.46000000834465027,
      -0.46400001645088196,
      -0.47200000286102295,
      -0.48399999737739563,
      -0.5,
      -0.5199999809265137,
      -0.5359999537467957,
      -0.5479999780654907,
      -0.5559999942779541,
      -0.5600000023841858,
      -0.5600000023841858,
      -0.5559999942779541,
      -0.5559999942779541,
      -0.5600000023841858,
      -0.5680000185966492,
      -0.5800000429153442,
      -0.5960000157356262,
      -0.6159999966621399,
      -0.6319999694824219,
      -0.6439999938011169,
      -0.6520000100135803,
      -0.656000018119812,
      -0.656000018119812,
      -0.6520000100135803,
      -0.6520000100135803,
      -0.656000018119812,
      -0.6640000343322754,
      -0.6760000586509705,
      -0.6920000314712524,
      -0.7120000123977661,
      -0.7279999852180481
    ],