{
  "run_name": "a2c_z_penalty_e_0p900_seed_1_alpha_0p010_ztol_0p000_wc_1p000_beta_0p000",
  "controller": "a2c",
  "controller_family": "rl",
  "seed": 1,
  "timesteps": 500000,
  "reward_variant": "z_penalty",
  "collision_restitution": 0.9,
  "collision_reward_weight": 1.0,
  "z_position_penalty_weight": 0.01,
  "z_position_tolerance": 0.0,
  "swing_growth_reward_weight": 0.05,
  "model_path": "/Users/ahmadataka/Documents/Bitbucket - Ataka/latto_latto_control/models/restitution_sweep/a2c_z_penalty_e_0p900_seed_1_alpha_0p010_ztol_0p000_wc_1p000_beta_0p000.zip",
  "evaluation": {
    "reward_sum": 6.86947051311828,
    "alternating_collisions": 7,
    "longest_alternating_streak": 7,
    "total_collisions": 9,
    "time_to_first_alternating_collision": 0.9600000000000005,
    "mean_abs_z": 0.3194429747154936,
    "max_abs_z": 0.5263949036598206,
    "mean_collision_energy_loss": 32.5459304385715,
    "time": [
      0.0,
      0.02,
      0.04,
      0.06,
      0.08,
      0.1,
      0.12000000000000001,
      0.14,
      0.16,
      0.18,
      0.19999999999999998,
      0.21999999999999997,
      0.23999999999999996,
      0.25999999999999995,
      0.27999999999999997,
      0.3,
      0.32,
      0.34,
      0.36000000000000004,
      0.38000000000000006,
      0.4000000000000001,
      0.4200000000000001,
      0.4400000000000001,
      0.46000000000000013,
      0.48000000000000015,
      0.5000000000000001,
      0.5200000000000001,
      0.5400000000000001,
      0.5600000000000002,
      0.5800000000000002,
      0.6000000000000002,
      0.6200000000000002,
      0.6400000000000002,
      0.6600000000000003,
      0.6800000000000003,
      0.7000000000000003,
      0.7200000000000003,
      0.7400000000000003,
      0.7600000000000003,
      0.7800000000000004,
      0.8000000000000004,
      0.8200000000000004,
      0.8400000000000004,
      0.8600000000000004,
      0.8800000000000004,
      0.9000000000000005,
      0.9200000000000005,
      0.9400000000000005,
      0.9600000000000005,
      0.9800000000000005,
      1.0000000000000004,
      1.0200000000000005,
      1.0400000000000005,
      1.0600000000000005,
      1.0800000000000005,
      1.1000000000000005,
      1.1200000000000006,
      1.1400000000000006,
      1.1600000000000006,
      1.1800000000000006,
      1.2000000000000006,
      1.2200000000000006,
      1.2400000000000007,
      1.2600000000000007,
      1.2800000000000007,
      1.3000000000000007,
      1.3200000000000007,
      1.3400000000000007,
      1.3600000000000008,
      1.3800000000000008,
      1.4000000000000008,
      1.4200000000000008,
      1.4400000000000008,
      1.4600000000000009,
      1.4800000000000009,
      1.5000000000000009,
      1.520000000000001,
      1.540000000000001,
      1.560000000000001,
      1.580000000000001,
      1.600000000000001,
      1.620000000000001,
      1.640000000000001,
      1.660000000000001,
      1.680000000000001,
      1.700000000000001,
      1.720000000000001,
      1.740000000000001,
      1.7600000000000011,
      1.7800000000000011,
      1.8000000000000012,
      1.8200000000000012,
      1.8400000000000012,
      1.8600000000000012,
      1.8800000000000012,
      1.9000000000000012,
      1.9200000000000013,
      1.9400000000000013,
      1.9600000000000013,
      1.9800000000000013
    ],
    "action": [
      6.171539783477783,
      6.42850399017334,
      3.8410394191741943,
      3.040079116821289,
      2.625776767730713,
      2.3925347328186035,
      2.245573043823242,
      2.129950761795044,
      2.0162875652313232,
      1.8911306858062744,
      -10.0,
      -10.0,
      -10.0,
      -10.0,
      -10.0,
      -10.0,
      -10.0,
      -9.356390953063965,
      -8.376993179321289,
      -7.145998954772949,
      -5.8260064125061035,
      -4.553435325622559,
      -3.411665916442871,
      -2.397507667541504,
      -1.2491523027420044,
      1.5471017360687256,
      9.618424415588379,
      10.0,
      10.0,
      10.0,
      10.0,
      10.0,
      10.0,
      10.0,
      10.0,
      10.0,
      -10.0,
      -10.0,
      -10.0,
      -9.597428321838379,
      -8.942748069763184,
      -8.047276496887207,
      -6.972799301147461,
      -5.857344150543213,
      -4.826730728149414,
      -3.933809757232666,
      -3.182809829711914,
      -2.571955680847168,
      -2.0977115631103516,
      10.0,
      10.0,
      10.0,
      10.0,
      10.0,
      10.0,
      10.0,
      10.0,
      10.0,
      10.0,
      10.0,
      -10.0,
      -10.0,
      -10.0,
      -10.0,
      -9.61408519744873,
      -9.050971031188965,
      -8.282853126525879,
      -7.35480260848999,
      -6.388543128967285,
      10.0,
      10.0,
      10.0,
      10.0,
      10.0,
      10.0,
      10.0,
      10.0,
      -10.0,
      -10.0,
      -10.0,
      -10.0,
      -10.0,
      -9.63277530670166,
      -9.023857116699219,
      -8.199864387512207,
      10.0,
      10.0,
      10.0,
      10.0,
      10.0,
      10.0,
      10.0,
      10.0,
      -10.0,
      -10.0,
      -10.0,
      -10.0,
      -10.0,
      -10.0,
      -9.719303131103516
    ],
    "z": [
      0.002468615770339966,
      0.007508633192628622,
      0.014085065573453903,
      0.021877530962228775,
      0.030720304697752,
      0.04052009433507919,
      0.05121811106801033,
      0.0627681091427803,
      0.07512462139129639,
      0.08823758363723755,
      0.09735055267810822,
      0.10246352106332779,
      0.10357648879289627,
      0.10068945586681366,
      0.09380242228507996,
      0.08291538804769516,
      0.06802835315465927,
      0.049398764967918396,
      0.027418380603194237,
      0.0025795958936214447,
      -0.024589592590928078,
      -0.053580157458782196,
      -0.08393538743257523,
      -0.1152496188879013,
      -0.1470635086297989,
      -0.17825856804847717,
      -0.20560625195503235,
      -0.22895392775535583,
      -0.24830161035060883,
      -0.2636492848396301,
      -0.27499696612358093,
      -0.28234463930130005,
      -0.28569233417510986,
      -0.285040020942688,
      -0.2803876996040344,
      -0.27173537015914917,
      -0.2670830488204956,
      -0.26643073558807373,
      -0.26977843046188354,
      -0.27696508169174194,
      -0.28772884607315063,
      -0.3017114996910095,
      -0.31848329305648804,
      -0.3375980257987976,
      -0.35864344239234924,
      -0.3812623918056488,
      -0.4051544666290283,
      -0.4300753176212311,
      -0.4558352530002594,
      -0.47759518027305603,
      -0.49535512924194336,
      -0.5091150403022766,
      -0.518875002861023,
      -0.5246349573135376,
      -0.5263949036598206,
      -0.5241548418998718,
      -0.5179147720336914,
      -0.5076746940612793,
      -0.4934346377849579,
      -0.4751945734024048,
      -0.4609545171260834,
      -0.45071446895599365,
      -0.44447439908981323,
      -0.4422343373298645,
      -0.4438399076461792,
      -0.4490658640861511,
      -0.4576049745082855,
      -0.4690859913825989,
      -0.48312243819236755,
      -0.49315887689590454,
      -0.49919530749320984,
      -0.5012317299842834,
      -0.49926817417144775,
      -0.49330461025238037,
      -0.4833410382270813,
      -0.4693774878978729,
      -0.45141392946243286,
      -0.4374503791332245,
      -0.4274868071079254,
      -0.42152324318885803,
      -0.41955968737602234,
      -0.42159610986709595,
      -0.4274856448173523,
      -0.43698474764823914,
      -0.44976377487182617,
      -0.4585428237915039,
      -0.46332186460494995,
      -0.4641008973121643,
      -0.460879921913147,
      -0.45365896821022034,
      -0.442438006401062,
      -0.427217036485672,
      -0.4079960882663727,
      -0.39277511835098267,
      -0.38155415654182434,
      -0.3743332028388977,
      -0.37111222743988037,
      -0.3718912601470947,
      -0.37667030096054077,
      -0.38533705472946167
    ],