{
  "run_name": "a2c_swing_growth_e_0p800_seed_0_alpha_0p010_ztol_0p000_wc_1p000_beta_0p050",
  "controller": "a2c",
  "controller_family": "rl",
  "seed": 0,
  "timesteps": 500000,
  "reward_variant": "swing_growth",
  "collision_restitution": 0.8,
  "collision_reward_weight": 1.0,
  "z_position_penalty_weight": 0.01,
  "z_position_tolerance": 0.0,
  "swing_growth_reward_weight": 0.05,
  "model_path": "/Users/ahmadataka/Documents/Bitbucket - Ataka/latto_latto_control/models/restitution_sweep/a2c_swing_growth_e_0p800_seed_0_alpha_0p010_ztol_0p000_wc_1p000_beta_0p050.zip",
  "evaluation": {
    "reward_sum": -9.35011791480278,
    "alternating_collisions": 4,
    "longest_alternating_streak": 4,
    "total_collisions": 5,
    "time_to_first_alternating_collision": 0.9200000000000005,
    "mean_abs_z": 3.059882251825184,
    "max_abs_z": 6.157042503356934,
    "mean_collision_energy_loss": 40.63158626556397,
    "time": [
      0.0,
      0.02,
      0.04,
      0.06,
      0.08,
      0.1,
      0.12000000000000001,
      0.14,
      0.16,
      0.18,
      0.19999999999999998,
      0.21999999999999997,
      0.23999999999999996,
      0.25999999999999995,
      0.27999999999999997,
      0.3,
      0.32,
      0.34,
      0.36000000000000004,
      0.38000000000000006,
      0.4000000000000001,
      0.4200000000000001,
      0.4400000000000001,
      0.46000000000000013,
      0.48000000000000015,
      0.5000000000000001,
      0.5200000000000001,
      0.5400000000000001,
      0.5600000000000002,
      0.5800000000000002,
      0.6000000000000002,
      0.6200000000000002,
      0.6400000000000002,
      0.6600000000000003,
      0.6800000000000003,
      0.7000000000000003,
      0.7200000000000003,
      0.7400000000000003,
      0.7600000000000003,
      0.7800000000000004,
      0.8000000000000004,
      0.8200000000000004,
      0.8400000000000004,
      0.8600000000000004,
      0.8800000000000004,
      0.9000000000000005,
      0.9200000000000005,
      0.9400000000000005,
      0.9600000000000005,
      0.9800000000000005,
      1.0000000000000004,
      1.0200000000000005,
      1.0400000000000005,
      1.0600000000000005,
      1.0800000000000005,
      1.1000000000000005,
      1.1200000000000006,
      1.1400000000000006,
      1.1600000000000006,
      1.1800000000000006,
      1.2000000000000006,
      1.2200000000000006,
      1.2400000000000007,
      1.2600000000000007,
      1.2800000000000007,
      1.3000000000000007,
      1.3200000000000007,
      1.3400000000000007,
      1.3600000000000008,
      1.3800000000000008,
      1.4000000000000008,
      1.4200000000000008,
      1.4400000000000008,
      1.4600000000000009,
      1.4800000000000009,
      1.5000000000000009,
      1.520000000000001,
      1.540000000000001,
      1.560000000000001,
      1.580000000000001,
      1.600000000000001,
      1.620000000000001,
      1.640000000000001,
      1.660000000000001,
      1.680000000000001,
      1.700000000000001,
      1.720000000000001,
      1.740000000000001,
      1.7600000000000011,
      1.7800000000000011,
      1.8000000000000012,
      1.8200000000000012,
      1.8400000000000012,
      1.8600000000000012,
      1.8800000000000012,
      1.9000000000000012,
      1.9200000000000013,
      1.9400000000000013,
      1.9600000000000013,
      1.9800000000000013
    ],
    "action": [
      -10.0,
      -10.0,
      -10.0,
      -10.0,
      -10.0,
      -10.0,
      -10.0,
      -10.0,
      -10.0,
      -10.0,
      -10.0,
      -10.0,
      -10.0,
      -9.994976043701172,
      -9.086631774902344,
      -7.581488132476807,
      -4.9118828773498535,
      0.7619732022285461,
      10.0,
      10.0,
      10.0,
      10.0,
      10.0,
      10.0,
      10.0,
      -10.0,
      -10.0,
      -10.0,
      -10.0,
      -10.0,
      -10.0,
      -10.0,
      -10.0,
      -10.0,
      -10.0,
      -10.0,
      -10.0,
      -10.0,
      -10.0,
      -10.0,
      -9.34684944152832,
      -8.259702682495117,
      -7.088372707366943,
      -5.886099338531494,
      -4.687983989715576,
      -3.5016372203826904,
      -2.337641716003418,
      10.0,
      10.0,
      10.0,
      10.0,
      10.0,
      10.0,
      10.0,
      10.0,
      10.0,
      10.0,
      10.0,
      10.0,
      10.0,
      10.0,
      -10.0,
      -10.0,
      -10.0,
      -10.0,
      -10.0,
      -10.0,
      -8.646676063537598,
      -6.865119934082031,
      -4.89166784286499,
      -2.9863901138305664,
      -1.384404182434082,
      10.0,
      10.0,
      10.0,
      10.0,
      10.0,
      10.0,
      10.0,
      10.0,
      10.0,
      10.0,
      -5.6779069900512695,
      -4.147737503051758,
      -2.188365936279297,
      0.0920289158821106,
      2.458806037902832,
      4.919826984405518,
      7.332088947296143,
      9.517428398132324,
      10.0,
      10.0,
      10.0,
      10.0,
      10.0,
      10.0,
      10.0,
      10.0,
      10.0,
      10.0
    ],
    "z": [
      -0.003999999724328518,
      -0.011999999172985554,
      -0.023999998345971107,
      -0.03999999910593033,
      -0.059999994933605194,
      -0.08399999141693115,
      -0.1119999885559082,
      -0.14399999380111694,
      -0.17999999225139618,
      -0.2199999988079071,
      -0.2639999985694885,
      -0.31200000643730164,
      -0.36400002241134644,
      -0.41999801993370056,
      -0.47963064908981323,
      -0.5422958731651306,
      -0.6069258451461792,
      -0.6712510585784912,
      -0.7315762639045715,
      -0.7879014611244202,
      -0.8402266502380371,
      -0.8885518312454224,
      -0.9328770041465759,
      -0.9732022285461426,
      -1.0095274448394775,
      -1.0498526096343994,
      -1.0941778421401978,
      -1.142503023147583,
      -1.1948282718658447,
      -1.2511534690856934,
      -1.311478614807129,
      -1.375803828239441,
      -1.4441289901733398,
      -1.5164542198181152,
      -1.5927793979644775,
      -1.6731046438217163,
      -1.757429838180542,
      -1.8457549810409546,
      -1.9380801916122437,
      -2.034405469894409,
      -2.134469509124756,
      -2.237837314605713,
      -2.3440403938293457,
      -2.4525980949401855,
      -2.563030958175659,
      -2.6748642921447754,
      -2.787632703781128,
      -2.8964011669158936,
      -3.0011696815490723,
      -3.101938247680664,
      -3.198706865310669,
      -3.291475296020508,
      -3.3802437782287598,
      -3.465012311935425,
      -3.545780897140503,
      -3.622549533843994,
      -3.6953179836273193,
      -3.7640864849090576,
      -3.828855037689209,
      -3.8896236419677734,
      -3.946392059326172,
      -4.007160663604736,
      -4.071928977966309,
      -4.140697479248047,
      -4.213466167449951,
      -4.290234565734863,
      -4.371003150939941,
      -4.455230236053467,
      -4.542203426361084,
      -4.631133556365967,
      -4.721258163452148,
      -4.811936378479004,
      -4.898614406585693,
      -4.981292724609375,
      -5.059970855712891,
      -5.134649276733398,
      -5.20532751083374,
      -5.272005558013916,
      -5.334683895111084,
      -5.393362045288086,
      -5.44804048538208,
      -5.498718738555908,
      -5.551668167114258,
      -5.606276512145996,
      -5.661760330200195,
      -5.717207431793213,
      -5.771670818328857,
      -5.824166297912598,
      -5.873729228973389,
      -5.919485092163086,
      -5.961240768432617,
      -5.998996734619141,
      -6.032752513885498,
      -6.0625081062316895,
      -6.088263988494873,
      -6.110019683837891,
      -6.127775192260742,
      -6.141530990600586,
      -6.151286602020264,
      -6.157042503356934
    ],