{
  "run_name": "a2c_swing_growth_e_0p900_seed_4_alpha_0p010_ztol_0p000_wc_1p000_beta_0p050",
  "controller": "a2c",
  "controller_family": "rl",
  "seed": 4,
  "timesteps": 500000,
  "reward_variant": "swing_growth",
  "collision_restitution": 0.9,
  "collision_reward_weight": 1.0,
  "z_position_penalty_weight": 0.01,
  "z_position_tolerance": 0.0,
  "swing_growth_reward_weight": 0.05,
  "model_path": "/Users/ahmadataka/Documents/Bitbucket - Ataka/latto_latto_control/models/restitution_sweep/a2c_swing_growth_e_0p900_seed_4_alpha_0p010_ztol_0p000_wc_1p000_beta_0p050.zip",
  "evaluation": {
    "reward_sum": 10.223190452190465,
    "alternating_collisions": 10,
    "longest_alternating_streak": 10,
    "total_collisions": 11,
    "time_to_first_alternating_collision": 0.5200000000000001,
    "mean_abs_z": 0.5744955893442966,
    "max_abs_z": 1.4011262655258179,
    "mean_collision_energy_loss": 41.20492293617942,
    "time": [
      0.0,
      0.02,
      0.04,
      0.06,
      0.08,
      0.1,
      0.12000000000000001,
      0.14,
      0.16,
      0.18,
      0.19999999999999998,
      0.21999999999999997,
      0.23999999999999996,
      0.25999999999999995,
      0.27999999999999997,
      0.3,
      0.32,
      0.34,
      0.36000000000000004,
      0.38000000000000006,
      0.4000000000000001,
      0.4200000000000001,
      0.4400000000000001,
      0.46000000000000013,
      0.48000000000000015,
      0.5000000000000001,
      0.5200000000000001,
      0.5400000000000001,
      0.5600000000000002,
      0.5800000000000002,
      0.6000000000000002,
      0.6200000000000002,
      0.6400000000000002,
      0.6600000000000003,
      0.6800000000000003,
      0.7000000000000003,
      0.7200000000000003,
      0.7400000000000003,
      0.7600000000000003,
      0.7800000000000004,
      0.8000000000000004,
      0.8200000000000004,
      0.8400000000000004,
      0.8600000000000004,
      0.8800000000000004,
      0.9000000000000005,
      0.9200000000000005,
      0.9400000000000005,
      0.9600000000000005,
      0.9800000000000005,
      1.0000000000000004,
      1.0200000000000005,
      1.0400000000000005,
      1.0600000000000005,
      1.0800000000000005,
      1.1000000000000005,
      1.1200000000000006,
      1.1400000000000006,
      1.1600000000000006,
      1.1800000000000006,
      1.2000000000000006,
      1.2200000000000006,
      1.2400000000000007,
      1.2600000000000007,
      1.2800000000000007,
      1.3000000000000007,
      1.3200000000000007,
      1.3400000000000007,
      1.3600000000000008,
      1.3800000000000008,
      1.4000000000000008,
      1.4200000000000008,
      1.4400000000000008,
      1.4600000000000009,
      1.4800000000000009,
      1.5000000000000009,
      1.520000000000001,
      1.540000000000001,
      1.560000000000001,
      1.580000000000001,
      1.600000000000001,
      1.620000000000001,
      1.640000000000001,
      1.660000000000001,
      1.680000000000001,
      1.700000000000001,
      1.720000000000001,
      1.740000000000001,
      1.7600000000000011,
      1.7800000000000011,
      1.8000000000000012,
      1.8200000000000012,
      1.8400000000000012,
      1.8600000000000012,
      1.8800000000000012,
      1.9000000000000012,
      1.9200000000000013,
      1.9400000000000013,
      1.9600000000000013,
      1.9800000000000013
    ],
    "action": [
      6.1718430519104,
      10.0,
      10.0,
      10.0,
      10.0,
      10.0,
      10.0,
      10.0,
      -10.0,
      -10.0,
      -10.0,
      -10.0,
      -10.0,
      -10.0,
      -10.0,
      -10.0,
      -10.0,
      -10.0,
      -10.0,
      -10.0,
      -10.0,
      -10.0,
      -10.0,
      -10.0,
      -10.0,
      -10.0,
      -10.0,
      10.0,
      10.0,
      10.0,
      10.0,
      10.0,
      10.0,
      10.0,
      10.0,
      10.0,
      10.0,
      10.0,
      10.0,
      -10.0,
      -10.0,
      -10.0,
      -10.0,
      -10.0,
      -10.0,
      -10.0,
      -10.0,
      -10.0,
      10.0,
      10.0,
      10.0,
      10.0,
      10.0,
      10.0,
      10.0,
      10.0,
      -10.0,
      -10.0,
      -10.0,
      -10.0,
      -10.0,
      -10.0,
      -10.0,
      -10.0,
      10.0,
      10.0,
      10.0,
      10.0,
      10.0,
      10.0,
      10.0,
      -10.0,
      -10.0,
      -10.0,
      -10.0,
      -10.0,
      -10.0,
      -10.0,
      10.0,
      10.0,
      10.0,
      10.0,
      10.0,
      10.0,
      10.0,
      -10.0,
      -10.0,
      -10.0,
      -10.0,
      -10.0,
      -10.0,
      -10.0,
      10.0,
      10.0,
      10.0,
      10.0,
      10.0,
      10.0,
      10.0,
      -10.0
    ],
    "z": [
      0.0024687370751053095,
      0.008937474340200424,
      0.019406210631132126,
      0.03387494757771492,
      0.05234368145465851,
      0.07481241971254349,
      0.10128115117549896,
      0.13174988329410553,
      0.1582186222076416,
      0.18068735301494598,
      0.19915609061717987,
      0.21362482011318207,
      0.22409355640411377,
      0.23056228458881378,
      0.2330310195684433,
      0.23149976134300232,
      0.22596849501132965,
      0.2164372354745865,
      0.20290596783161163,
      0.18537470698356628,
      0.16384345293045044,
      0.1383121907711029,
      0.10878092795610428,
      0.07524966448545456,
      0.03771840035915375,
      -0.0038128644227981567,
      -0.049344129860401154,
      -0.09087539464235306,
      -0.12840665876865387,
      -0.1619379222393036,
      -0.1914691925048828,
      -0.21700045466423035,
      -0.2385317087173462,
      -0.25606298446655273,
      -0.2695942521095276,
      -0.27912551164627075,
      -0.2846567630767822,
      -0.2861880362033844,
      -0.2837193012237549,
      -0.28525057435035706,
      -0.29078182578086853,
      -0.3003130853176117,
      -0.31384435296058655,
      -0.3313756287097931,
      -0.35290688276290894,
      -0.37843814492225647,
      -0.4079694151878357,
      -0.4415006637573242,
      -0.47103193402290344,
      -0.496563196182251,
      -0.5180944800376892,
      -0.5356257557868958,
      -0.5491570234298706,
      -0.5586882829666138,
      -0.5642195343971252,
      -0.565750777721405,
      -0.5712820291519165,
      -0.5808132886886597,
      -0.5943445563316345,
      -0.6118758320808411,
      -0.6334071159362793,
      -0.6589384078979492,
      -0.688469648361206,
      -0.7220008969306946,
      -0.7515321373939514,
      -0.7770633697509766,
      -0.7985946536064148,
      -0.8161259293556213,
      -0.8296571969985962,
      -0.8391884565353394,
      -0.8447197079658508,
      -0.854250967502594,
      -0.8677822351455688,
      -0.8853135108947754,
      -0.9068447947502136,
      -0.9323760271072388,
      -0.9619072675704956,
      -0.9954385161399841,
      -1.0249698162078857,
      -1.0505011081695557,
      -1.0720323324203491,
      -1.0895636081695557,
      -1.1030948162078857,
      -1.112626075744629,
      -1.1181573867797852,
      -1.1276886463165283,
      -1.1412198543548584,
      -1.158751130104065,
      -1.1802823543548584,
      -1.2058136463165283,
      -1.2353448867797852,
      -1.2688761949539185,
      -1.2984074354171753,
      -1.3239387273788452,
      -1.3454699516296387,
      -1.3630012273788452,
      -1.3765324354171753,
      -1.3860636949539185,
      -1.3915950059890747,
      -1.4011262655258179
    ],