{
  "run_name": "a2c_swing_growth_e_1p000_seed_1_alpha_0p010_ztol_0p000_wc_1p000_beta_0p050",
  "controller": "a2c",
  "controller_family": "rl",
  "seed": 1,
  "timesteps": 500000,
  "reward_variant": "swing_growth",
  "collision_restitution": 1.0,
  "collision_reward_weight": 1.0,
  "z_position_penalty_weight": 0.01,
  "z_position_tolerance": 0.0,
  "swing_growth_reward_weight": 0.05,
  "model_path": "/Users/ahmadataka/Documents/Bitbucket - Ataka/latto_latto_control/models/restitution_sweep/a2c_swing_growth_e_1p000_seed_1_alpha_0p010_ztol_0p000_wc_1p000_beta_0p050.zip",
  "evaluation": {
    "reward_sum": 13.761725429119622,
    "alternating_collisions": 13,
    "longest_alternating_streak": 13,
    "total_collisions": 14,
    "time_to_first_alternating_collision": 0.5000000000000001,
    "mean_abs_z": 0.34754172815475615,
    "max_abs_z": 0.8474977016448975,
    "mean_collision_energy_loss": 0.0,
    "time": [
      0.0,
      0.02,
      0.04,
      0.06,
      0.08,
      0.1,
      0.12000000000000001,
      0.14,
      0.16,
      0.18,
      0.19999999999999998,
      0.21999999999999997,
      0.23999999999999996,
      0.25999999999999995,
      0.27999999999999997,
      0.3,
      0.32,
      0.34,
      0.36000000000000004,
      0.38000000000000006,
      0.4000000000000001,
      0.4200000000000001,
      0.4400000000000001,
      0.46000000000000013,
      0.48000000000000015,
      0.5000000000000001,
      0.5200000000000001,
      0.5400000000000001,
      0.5600000000000002,
      0.5800000000000002,
      0.6000000000000002,
      0.6200000000000002,
      0.6400000000000002,
      0.6600000000000003,
      0.6800000000000003,
      0.7000000000000003,
      0.7200000000000003,
      0.7400000000000003,
      0.7600000000000003,
      0.7800000000000004,
      0.8000000000000004,
      0.8200000000000004,
      0.8400000000000004,
      0.8600000000000004,
      0.8800000000000004,
      0.9000000000000005,
      0.9200000000000005,
      0.9400000000000005,
      0.9600000000000005,
      0.9800000000000005,
      1.0000000000000004,
      1.0200000000000005,
      1.0400000000000005,
      1.0600000000000005,
      1.0800000000000005,
      1.1000000000000005,
      1.1200000000000006,
      1.1400000000000006,
      1.1600000000000006,
      1.1800000000000006,
      1.2000000000000006,
      1.2200000000000006,
      1.2400000000000007,
      1.2600000000000007,
      1.2800000000000007,
      1.3000000000000007,
      1.3200000000000007,
      1.3400000000000007,
      1.3600000000000008,
      1.3800000000000008,
      1.4000000000000008,
      1.4200000000000008,
      1.4400000000000008,
      1.4600000000000009,
      1.4800000000000009,
      1.5000000000000009,
      1.520000000000001,
      1.540000000000001,
      1.560000000000001,
      1.580000000000001,
      1.600000000000001,
      1.620000000000001,
      1.640000000000001,
      1.660000000000001,
      1.680000000000001,
      1.700000000000001,
      1.720000000000001,
      1.740000000000001,
      1.7600000000000011,
      1.7800000000000011,
      1.8000000000000012,
      1.8200000000000012,
      1.8400000000000012,
      1.8600000000000012,
      1.8800000000000012,
      1.9000000000000012,
      1.9200000000000013,
      1.9400000000000013,
      1.9600000000000013,
      1.9800000000000013
    ],
    "action": [
      -3.4718236923217773,
      8.469075202941895,
      10.0,
      10.0,
      10.0,
      10.0,
      10.0,
      10.0,
      10.0,
      -10.0,
      -10.0,
      -10.0,
      -10.0,
      -10.0,
      -10.0,
      -10.0,
      -10.0,
      -10.0,
      -10.0,
      -10.0,
      -10.0,
      -10.0,
      -10.0,
      -10.0,
      -10.0,
      -10.0,
      10.0,
      10.0,
      10.0,
      10.0,
      10.0,
      10.0,
      10.0,
      10.0,
      10.0,
      10.0,
      10.0,
      -10.0,
      -10.0,
      -10.0,
      -10.0,
      -10.0,
      -10.0,
      -10.0,
      -10.0,
      10.0,
      10.0,
      10.0,
      10.0,
      10.0,
      10.0,
      10.0,
      -10.0,
      -10.0,
      -10.0,
      -10.0,
      -10.0,
      -10.0,
      10.0,
      10.0,
      10.0,
      10.0,
      10.0,
      10.0,
      -10.0,
      -10.0,
      -10.0,
      -10.0,
      -10.0,
      -10.0,
      10.0,
      10.0,
      10.0,
      10.0,
      10.0,
      -10.0,
      -10.0,
      -10.0,
      -10.0,
      -10.0,
      10.0,
      10.0,
      10.0,
      10.0,
      10.0,
      -10.0,
      -10.0,
      -10.0,
      -10.0,
      -10.0,
      10.0,
      10.0,
      10.0,
      10.0,
      10.0,
      -10.0,
      -10.0,
      -10.0,
      -10.0,
      -10.0
    ],
    "z": [
      -0.001388729433529079,
      0.0006101710023358464,
      0.006609070580452681,
      0.016607969999313354,
      0.030606869608163834,
      0.048605769872665405,
      0.07060466706752777,
      0.09660356491804123,
      0.12660247087478638,
      0.15260136127471924,
      0.1746002584695816,
      0.19259914755821228,
      0.20659804344177246,
      0.21659694612026215,
      0.22259584069252014,
      0.22459474205970764,
      0.22259363532066345,
      0.21659253537654877,
      0.2065914273262024,
      0.19259032607078552,
      0.17458923161029816,
      0.1525881290435791,
      0.12658703327178955,
      0.09658592939376831,
      0.06258483231067657,
      0.024583730846643448,
      -0.009417369961738586,
      -0.03941847011446953,
      -0.06541956961154938,
      -0.08742067217826843,
      -0.1054217740893364,
      -0.11942287534475327,
      -0.12942397594451904,
      -0.13542507588863373,
      -0.13742618262767792,
      -0.13542728126049042,
      -0.12942838668823242,
      -0.12742948532104492,
      -0.1294305920600891,
      -0.1354316920042038,
      -0.14543278515338898,
      -0.15943388640880585,
      -0.1774349808692932,
      -0.19943608343601227,
      -0.22543717920780182,
      -0.24743828177452087,
      -0.26543939113616943,
      -0.2794404923915863,
      -0.2894415855407715,
      -0.29544270038604736,
      -0.29744380712509155,
      -0.29544490575790405,
      -0.29744601249694824,
      -0.3034471273422241,
      -0.3134482204914093,
      -0.32744932174682617,
      -0.34545043110847473,
      -0.3674515187740326,
      -0.38545262813568115,
      -0.399453729391098,
      -0.4094548225402832,
      -0.4154559373855591,
      -0.41745704412460327,
      -0.41545814275741577,
      -0.41745924949645996,
      -0.42346036434173584,
      -0.433461457490921,
      -0.4474625587463379,
      -0.46546366810798645,
      -0.4874647557735443,
      -0.5054658651351929,
      -0.5194669365882874,
      -0.5294680595397949,
      -0.5354691743850708,
      -0.537470281124115,
      -0.5434713959693909,
      -0.5534725189208984,
      -0.5674735903739929,
      -0.5854746699333191,
      -0.607475757598877,
      -0.6254768371582031,
      -0.6394779086112976,
      -0.6494790315628052,
      -0.655480146408081,
      -0.6574812531471252,
      -0.6634823679924011,
      -0.6734834909439087,
      -0.6874845623970032,
      -0.7054856419563293,
      -0.7274867296218872,
      -0.7454878091812134,
      -0.7594888806343079,
      -0.7694900035858154,
      -0.7754911184310913,
      -0.7774922251701355,
      -0.7834933400154114,
      -0.793494462966919,
      -0.8074955344200134,
      -0.8254966139793396,
      -0.8474977016448975
    ],