{
  "run_name": "a2c_swing_growth_e_0p800_seed_4_alpha_0p010_ztol_0p000_wc_1p000_beta_0p050",
  "controller": "a2c",
  "controller_family": "rl",
  "seed": 4,
  "timesteps": 500000,
  "reward_variant": "swing_growth",
  "collision_restitution": 0.8,
  "collision_reward_weight": 1.0,
  "z_position_penalty_weight": 0.01,
  "z_position_tolerance": 0.0,
  "swing_growth_reward_weight": 0.05,
  "model_path": "/Users/ahmadataka/Documents/Bitbucket - Ataka/latto_latto_control/models/restitution_sweep/a2c_swing_growth_e_0p800_seed_4_alpha_0p010_ztol_0p000_wc_1p000_beta_0p050.zip",
  "evaluation": {
    "reward_sum": 6.634135311964201,
    "alternating_collisions": 7,
    "longest_alternating_streak": 7,
    "total_collisions": 8,
    "time_to_first_alternating_collision": 0.5800000000000002,
    "mean_abs_z": 0.781440049316734,
    "max_abs_z": 1.9359999895095825,
    "mean_collision_energy_loss": 49.802799701690674,
    "time": [
      0.0,
      0.02,
      0.04,
      0.06,
      0.08,
      0.1,
      0.12000000000000001,
      0.14,
      0.16,
      0.18,
      0.19999999999999998,
      0.21999999999999997,
      0.23999999999999996,
      0.25999999999999995,
      0.27999999999999997,
      0.3,
      0.32,
      0.34,
      0.36000000000000004,
      0.38000000000000006,
      0.4000000000000001,
      0.4200000000000001,
      0.4400000000000001,
      0.46000000000000013,
      0.48000000000000015,
      0.5000000000000001,
      0.5200000000000001,
      0.5400000000000001,
      0.5600000000000002,
      0.5800000000000002,
      0.6000000000000002,
      0.6200000000000002,
      0.6400000000000002,
      0.6600000000000003,
      0.6800000000000003,
      0.7000000000000003,
      0.7200000000000003,
      0.7400000000000003,
      0.7600000000000003,
      0.7800000000000004,
      0.8000000000000004,
      0.8200000000000004,
      0.8400000000000004,
      0.8600000000000004,
      0.8800000000000004,
      0.9000000000000005,
      0.9200000000000005,
      0.9400000000000005,
      0.9600000000000005,
      0.9800000000000005,
      1.0000000000000004,
      1.0200000000000005,
      1.0400000000000005,
      1.0600000000000005,
      1.0800000000000005,
      1.1000000000000005,
      1.1200000000000006,
      1.1400000000000006,
      1.1600000000000006,
      1.1800000000000006,
      1.2000000000000006,
      1.2200000000000006,
      1.2400000000000007,
      1.2600000000000007,
      1.2800000000000007,
      1.3000000000000007,
      1.3200000000000007,
      1.3400000000000007,
      1.3600000000000008,
      1.3800000000000008,
      1.4000000000000008,
      1.4200000000000008,
      1.4400000000000008,
      1.4600000000000009,
      1.4800000000000009,
      1.5000000000000009,
      1.520000000000001,
      1.540000000000001,
      1.560000000000001,
      1.580000000000001,
      1.600000000000001,
      1.620000000000001,
      1.640000000000001,
      1.660000000000001,
      1.680000000000001,
      1.700000000000001,
      1.720000000000001,
      1.740000000000001,
      1.7600000000000011,
      1.7800000000000011,
      1.8000000000000012,
      1.8200000000000012,
      1.8400000000000012,
      1.8600000000000012,
      1.8800000000000012,
      1.9000000000000012,
      1.9200000000000013,
      1.9400000000000013,
      1.9600000000000013,
      1.9800000000000013
    ],
    "action": [
      10.0,
      10.0,
      10.0,
      10.0,
      10.0,
      10.0,
      10.0,
      10.0,
      -10.0,
      -10.0,
      -10.0,
      -10.0,
      -10.0,
      -10.0,
      -10.0,
      -10.0,
      -10.0,
      -10.0,
      -10.0,
      -10.0,
      -10.0,
      -10.0,
      -10.0,
      -10.0,
      -10.0,
      -10.0,
      -10.0,
      -10.0,
      -10.0,
      -10.0,
      10.0,
      10.0,
      10.0,
      10.0,
      10.0,
      10.0,
      10.0,
      10.0,
      10.0,
      10.0,
      10.0,
      10.0,
      10.0,
      10.0,
      -10.0,
      -10.0,
      -10.0,
      -10.0,
      -10.0,
      -10.0,
      -10.0,
      -10.0,
      -10.0,
      -10.0,
      -10.0,
      10.0,
      10.0,
      10.0,
      10.0,
      10.0,
      10.0,
      10.0,
      10.0,
      10.0,
      10.0,
      -10.0,
      -10.0,
      -10.0,
      -10.0,
      -10.0,
      -10.0,
      -10.0,
      -10.0,
      -10.0,
      -10.0,
      10.0,
      10.0,
      10.0,
      10.0,
      10.0,
      10.0,
      10.0,
      10.0,
      10.0,
      -10.0,
      -10.0,
      -10.0,
      -10.0,
      -10.0,
      -10.0,
      -10.0,
      -10.0,
      -10.0,
      10.0,
      10.0,
      10.0,
      10.0,
      10.0,
      10.0,
      10.0
    ],
    "z": [
      0.003999999724328518,
      0.011999999172985554,
      0.023999998345971107,
      0.03999999910593033,
      0.059999994933605194,
      0.08399999141693115,
      0.1119999885559082,
      0.14399999380111694,
      0.171999990940094,
      0.19599997997283936,
      0.21599997580051422,
      0.2319999784231186,
      0.24399997293949127,
      0.25199997425079346,
      0.25599998235702515,
      0.25599998235702515,
      0.25199997425079346,
      0.24399997293949127,
      0.2319999784231186,
      0.21599997580051422,
      0.19599997997283936,
      0.1719999760389328,
      0.14399997889995575,
      0.11199997365474701,
      0.07599997520446777,
      0.03599997237324715,
      -0.008000031113624573,
      -0.056000035256147385,
      -0.10800004005432129,
      -0.16400004923343658,
      -0.2160000503063202,
      -0.2640000581741333,
      -0.3080000579357147,
      -0.34800004959106445,
      -0.3840000629425049,
      -0.4160000681877136,
      -0.4440000653266907,
      -0.46800005435943604,
      -0.4880000650882721,
      -0.5040000677108765,
      -0.5160000920295715,
      -0.5240001082420349,
      -0.5280001163482666,
      -0.5280001163482666,
      -0.5320001244544983,
      -0.5400001406669617,
      -0.5520001649856567,
      -0.5680001378059387,
      -0.5880001187324524,
      -0.6120001077651978,
      -0.6400001049041748,
      -0.6720001101493835,
      -0.708000123500824,
      -0.7480001449584961,
      -0.7920001745223999,
      -0.832000195980072,
      -0.8680002093315125,
      -0.9000002145767212,
      -0.9280002117156982,
      -0.9520002007484436,
      -0.9720001816749573,
      -0.9880001544952393,
      -1.0000001192092896,
      -1.008000135421753,
      -1.0120000839233398,
      -1.0200001001358032,
      -1.0320000648498535,
      -1.0480000972747803,
      -1.068000078201294,
      -1.092000126838684,
      -1.1200001239776611,
      -1.152000069618225,
      -1.1880000829696655,
      -1.2280000448226929,
      -1.2720000743865967,
      -1.312000036239624,
      -1.3480000495910645,
      -1.3799999952316284,
      -1.4079999923706055,
      -1.4320000410079956,
      -1.4520000219345093,
      -1.468000054359436,
      -1.4800000190734863,
      -1.4880000352859497,
      -1.5,
      -1.5160000324249268,
      -1.5360000133514404,
      -1.5600000619888306,
      -1.5880000591278076,
      -1.6200000047683716,
      -1.656000018119812,
      -1.6959999799728394,
      -1.7400000095367432,
      -1.7799999713897705,
      -1.815999984741211,
      -1.847999930381775,
      -1.875999927520752,
      -1.899999976158142,
      -1.9199999570846558,
      -1.9359999895095825
    ],