{
  "run_name": "a2c_z_penalty_e_0p900_seed_0_alpha_0p010_ztol_0p000_wc_1p000_beta_0p000",
  "controller": "a2c",
  "controller_family": "rl",
  "seed": 0,
  "timesteps": 500000,
  "reward_variant": "z_penalty",
  "collision_restitution": 0.9,
  "collision_reward_weight": 1.0,
  "z_position_penalty_weight": 0.01,
  "z_position_tolerance": 0.0,
  "swing_growth_reward_weight": 0.05,
  "model_path": "/Users/ahmadataka/Documents/Bitbucket - Ataka/latto_latto_control/models/restitution_sweep/a2c_z_penalty_e_0p900_seed_0_alpha_0p010_ztol_0p000_wc_1p000_beta_0p000.zip",
  "evaluation": {
    "reward_sum": 9.57339797736428,
    "alternating_collisions": 10,
    "longest_alternating_streak": 10,
    "total_collisions": 11,
    "time_to_first_alternating_collision": 0.5200000000000001,
    "mean_abs_z": 0.525300247578416,
    "max_abs_z": 1.2881567478179932,
    "mean_collision_energy_loss": 41.23111274025657,
    "time": [
      0.0,
      0.02,
      0.04,
      0.06,
      0.08,
      0.1,
      0.12000000000000001,
      0.14,
      0.16,
      0.18,
      0.19999999999999998,
      0.21999999999999997,
      0.23999999999999996,
      0.25999999999999995,
      0.27999999999999997,
      0.3,
      0.32,
      0.34,
      0.36000000000000004,
      0.38000000000000006,
      0.4000000000000001,
      0.4200000000000001,
      0.4400000000000001,
      0.46000000000000013,
      0.48000000000000015,
      0.5000000000000001,
      0.5200000000000001,
      0.5400000000000001,
      0.5600000000000002,
      0.5800000000000002,
      0.6000000000000002,
      0.6200000000000002,
      0.6400000000000002,
      0.6600000000000003,
      0.6800000000000003,
      0.7000000000000003,
      0.7200000000000003,
      0.7400000000000003,
      0.7600000000000003,
      0.7800000000000004,
      0.8000000000000004,
      0.8200000000000004,
      0.8400000000000004,
      0.8600000000000004,
      0.8800000000000004,
      0.9000000000000005,
      0.9200000000000005,
      0.9400000000000005,
      0.9600000000000005,
      0.9800000000000005,
      1.0000000000000004,
      1.0200000000000005,
      1.0400000000000005,
      1.0600000000000005,
      1.0800000000000005,
      1.1000000000000005,
      1.1200000000000006,
      1.1400000000000006,
      1.1600000000000006,
      1.1800000000000006,
      1.2000000000000006,
      1.2200000000000006,
      1.2400000000000007,
      1.2600000000000007,
      1.2800000000000007,
      1.3000000000000007,
      1.3200000000000007,
      1.3400000000000007,
      1.3600000000000008,
      1.3800000000000008,
      1.4000000000000008,
      1.4200000000000008,
      1.4400000000000008,
      1.4600000000000009,
      1.4800000000000009,
      1.5000000000000009,
      1.520000000000001,
      1.540000000000001,
      1.560000000000001,
      1.580000000000001,
      1.600000000000001,
      1.620000000000001,
      1.640000000000001,
      1.660000000000001,
      1.680000000000001,
      1.700000000000001,
      1.720000000000001,
      1.740000000000001,
      1.7600000000000011,
      1.7800000000000011,
      1.8000000000000012,
      1.8200000000000012,
      1.8400000000000012,
      1.8600000000000012,
      1.8800000000000012,
      1.9000000000000012,
      1.9200000000000013,
      1.9400000000000013,
      1.9600000000000013,
      1.9800000000000013
    ],
    "action": [
      8.996076583862305,
      10.0,
      10.0,
      10.0,
      10.0,
      10.0,
      10.0,
      10.0,
      -10.0,
      -10.0,
      -10.0,
      -10.0,
      -10.0,
      -10.0,
      -10.0,
      -10.0,
      -10.0,
      -10.0,
      -10.0,
      -10.0,
      -10.0,
      -10.0,
      -10.0,
      -10.0,
      -10.0,
      -10.0,
      -10.0,
      10.0,
      10.0,
      10.0,
      10.0,
      10.0,
      10.0,
      10.0,
      10.0,
      10.0,
      10.0,
      10.0,
      10.0,
      -10.0,
      -10.0,
      -10.0,
      -10.0,
      -10.0,
      -10.0,
      -10.0,
      -10.0,
      -10.0,
      10.0,
      10.0,
      10.0,
      10.0,
      10.0,
      10.0,
      10.0,
      10.0,
      -10.0,
      -10.0,
      -10.0,
      -10.0,
      -10.0,
      -10.0,
      -10.0,
      -10.0,
      10.0,
      10.0,
      10.0,
      10.0,
      10.0,
      10.0,
      10.0,
      -10.0,
      -10.0,
      -10.0,
      -10.0,
      -10.0,
      -10.0,
      -10.0,
      10.0,
      10.0,
      10.0,
      10.0,
      10.0,
      10.0,
      10.0,
      -10.0,
      -10.0,
      -10.0,
      -10.0,
      -10.0,
      -10.0,
      -10.0,
      10.0,
      10.0,
      10.0,
      10.0,
      10.0,
      10.0,
      10.0,
      -10.0
    ],
    "z": [
      0.0035984304267913103,
      0.011196860112249851,
      0.022795289754867554,
      0.03839372098445892,
      0.05799214914441109,
      0.08159057796001434,
      0.1091890037059784,
      0.14078743755817413,
      0.16838586330413818,
      0.19198429584503174,
      0.2115827202796936,
      0.22718115150928497,
      0.23877957463264465,
      0.24637800455093384,
      0.24997642636299133,
      0.24957485496997833,
      0.24517329037189484,
      0.23677171766757965,
      0.22437015175819397,
      0.2079685777425766,
      0.18756701052188873,
      0.16316543519496918,
      0.13476386666297913,
      0.10236229747533798,
      0.06596072763204575,
      0.025559157133102417,
      -0.018842417746782303,
      -0.05924398824572563,
      -0.09564556181430817,
      -0.1280471384525299,
      -0.15644870698451996,
      -0.18085028231143951,
      -0.20125184953212738,
      -0.21765342354774475,
      -0.23005498945713043,
      -0.23845656216144562,
      -0.2428581267595291,
      -0.24325969815254211,
      -0.23966126143932343,
      -0.24006283283233643,
      -0.24446439743041992,
      -0.2528659701347351,
      -0.265267550945282,
      -0.28166911005973816,
      -0.302070677280426,
      -0.3264722526073456,
      -0.3548738360404968,
      -0.3872753977775574,
      -0.4156769812107086,
      -0.4400785565376282,
      -0.46048012375831604,
      -0.4768816828727722,
      -0.4892832636833191,
      -0.4976848363876343,
      -0.5020864009857178,
      -0.5024879574775696,
      -0.5068895220756531,
      -0.5152910947799683,
      -0.5276926755905151,
      -0.5440942645072937,
      -0.5644958019256592,
      -0.5888973474502563,
      -0.6172989010810852,
      -0.6497004628181458,
      -0.6781020164489746,
      -0.7025035619735718,
      -0.722905158996582,
      -0.7393067479133606,
      -0.7517083287239075,
      -0.7601099014282227,
      -0.7645114660263062,
      -0.7729130387306213,
      -0.7853146195411682,
      -0.8017162084579468,
      -0.822117805480957,
      -0.8465193510055542,
      -0.8749209046363831,
      -0.9073224663734436,
      -0.9357240200042725,
      -0.9601255655288696,
      -0.9805271625518799,
      -0.9969287514686584,
      -1.0093302726745605,
      -1.017731785774231,
      -1.0221333503723145,
      -1.0305348634719849,
      -1.0429364442825317,
      -1.0593379735946655,
      -1.0797395706176758,
      -1.104141116142273,
      -1.1325427293777466,
      -1.1649442911148071,
      -1.1933459043502808,
      -1.217747449874878,
      -1.2381490468978882,
      -1.254550576210022,
      -1.2669521570205688,
      -1.2753536701202393,
      -1.2797552347183228,
      -1.2881567478179932
    ],