{
  "run_name": "a2c_z_penalty_e_1p000_seed_1_alpha_0p010_ztol_0p000_wc_1p000_beta_0p000",
  "controller": "a2c",
  "controller_family": "rl",
  "seed": 1,
  "timesteps": 500000,
  "reward_variant": "z_penalty",
  "collision_restitution": 1.0,
  "collision_reward_weight": 1.0,
  "z_position_penalty_weight": 0.01,
  "z_position_tolerance": 0.0,
  "swing_growth_reward_weight": 0.05,
  "model_path": "/Users/ahmadataka/Documents/Bitbucket - Ataka/latto_latto_control/models/restitution_sweep/a2c_z_penalty_e_1p000_seed_1_alpha_0p010_ztol_0p000_wc_1p000_beta_0p000.zip",
  "evaluation": {
    "reward_sum": 12.791744369267157,
    "alternating_collisions": 13,
    "longest_alternating_streak": 13,
    "total_collisions": 14,
    "time_to_first_alternating_collision": 0.48000000000000015,
    "mean_abs_z": 0.37464577114908026,
    "max_abs_z": 0.9076492786407471,
    "mean_collision_energy_loss": 0.0,
    "time": [
      0.0,
      0.02,
      0.04,
      0.06,
      0.08,
      0.1,
      0.12000000000000001,
      0.14,
      0.16,
      0.18,
      0.19999999999999998,
      0.21999999999999997,
      0.23999999999999996,
      0.25999999999999995,
      0.27999999999999997,
      0.3,
      0.32,
      0.34,
      0.36000000000000004,
      0.38000000000000006,
      0.4000000000000001,
      0.4200000000000001,
      0.4400000000000001,
      0.46000000000000013,
      0.48000000000000015,
      0.5000000000000001,
      0.5200000000000001,
      0.5400000000000001,
      0.5600000000000002,
      0.5800000000000002,
      0.6000000000000002,
      0.6200000000000002,
      0.6400000000000002,
      0.6600000000000003,
      0.6800000000000003,
      0.7000000000000003,
      0.7200000000000003,
      0.7400000000000003,
      0.7600000000000003,
      0.7800000000000004,
      0.8000000000000004,
      0.8200000000000004,
      0.8400000000000004,
      0.8600000000000004,
      0.8800000000000004,
      0.9000000000000005,
      0.9200000000000005,
      0.9400000000000005,
      0.9600000000000005,
      0.9800000000000005,
      1.0000000000000004,
      1.0200000000000005,
      1.0400000000000005,
      1.0600000000000005,
      1.0800000000000005,
      1.1000000000000005,
      1.1200000000000006,
      1.1400000000000006,
      1.1600000000000006,
      1.1800000000000006,
      1.2000000000000006,
      1.2200000000000006,
      1.2400000000000007,
      1.2600000000000007,
      1.2800000000000007,
      1.3000000000000007,
      1.3200000000000007,
      1.3400000000000007,
      1.3600000000000008,
      1.3800000000000008,
      1.4000000000000008,
      1.4200000000000008,
      1.4400000000000008,
      1.4600000000000009,
      1.4800000000000009,
      1.5000000000000009,
      1.520000000000001,
      1.540000000000001,
      1.560000000000001,
      1.580000000000001,
      1.600000000000001,
      1.620000000000001,
      1.640000000000001,
      1.660000000000001,
      1.680000000000001,
      1.700000000000001,
      1.720000000000001,
      1.740000000000001,
      1.7600000000000011,
      1.7800000000000011,
      1.8000000000000012,
      1.8200000000000012,
      1.8400000000000012,
      1.8600000000000012,
      1.8800000000000012,
      1.9000000000000012,
      1.9200000000000013,
      1.9400000000000013,
      1.9600000000000013,
      1.9800000000000013
    ],
    "action": [
      3.9087533950805664,
      10.0,
      10.0,
      10.0,
      10.0,
      10.0,
      10.0,
      10.0,
      -10.0,
      -10.0,
      -10.0,
      -10.0,
      -10.0,
      -10.0,
      -10.0,
      -10.0,
      -10.0,
      -10.0,
      -10.0,
      -10.0,
      -10.0,
      -10.0,
      -10.0,
      -10.0,
      -10.0,
      10.0,
      10.0,
      10.0,
      10.0,
      10.0,
      10.0,
      10.0,
      10.0,
      10.0,
      10.0,
      10.0,
      -10.0,
      -10.0,
      -10.0,
      -10.0,
      -10.0,
      -10.0,
      -10.0,
      -10.0,
      10.0,
      10.0,
      10.0,
      10.0,
      10.0,
      10.0,
      10.0,
      -10.0,
      -10.0,
      -10.0,
      -10.0,
      -10.0,
      -10.0,
      10.0,
      10.0,
      10.0,
      10.0,
      10.0,
      10.0,
      -10.0,
      -10.0,
      -10.0,
      -10.0,
      -10.0,
      -10.0,
      10.0,
      10.0,
      10.0,
      10.0,
      10.0,
      -10.0,
      -10.0,
      -10.0,
      -10.0,
      -10.0,
      10.0,
      10.0,
      10.0,
      10.0,
      10.0,
      -10.0,
      -10.0,
      -10.0,
      -10.0,
      -10.0,
      10.0,
      10.0,
      10.0,
      10.0,
      10.0,
      -10.0,
      -10.0,
      -10.0,
      -10.0,
      -10.0,
      10.0
    ],
    "z": [
      0.0015635013114660978,
      0.007127001881599426,
      0.016690503805875778,
      0.030254004523158073,
      0.04781750589609146,
      0.06938100606203079,
      0.09494450688362122,
      0.12450800836086273,
      0.15007150173187256,
      0.1716350018978119,
      0.18919850885868073,
      0.20276200771331787,
      0.21232551336288452,
      0.21788901090621948,
      0.21945251524448395,
      0.21701601147651672,
      0.210579514503479,
      0.2001430243253708,
      0.18570652604103088,
      0.16727003455162048,
      0.1448335349559784,
      0.11839704215526581,
      0.08796054869890213,
      0.05352405086159706,
      0.0150875523686409,
      -0.01934894546866417,
      -0.049785442650318146,
      -0.07622193545103073,
      -0.09865842759609222,
      -0.11709491908550262,
      -0.13153141736984253,
      -0.14196790754795074,
      -0.14840440452098846,
      -0.1508408933877945,
      -0.14927738904953003,
      -0.14371389150619507,
      -0.1421503871679306,
      -0.14458687603473663,
      -0.15102337300777435,
      -0.16145986318588257,
      -0.17589636147022247,
      -0.19433285295963287,
      -0.21676935255527496,
      -0.24320584535598755,
      -0.26564234495162964,
      -0.28407883644104004,
      -0.29851531982421875,
      -0.30895182490348816,
      -0.3153883218765259,
      -0.3178248107433319,
      -0.31626132130622864,
      -0.31869781017303467,
      -0.3251343071460724,
      -0.3355708122253418,
      -0.3500072956085205,
      -0.3684437870979309,
      -0.390880286693573,
      -0.4093167781829834,
      -0.4237532615661621,
      -0.4341897666454315,
      -0.44062626361846924,
      -0.44306275248527527,
      -0.441499263048172,
      -0.443935751914978,
      -0.45037224888801575,
      -0.46080875396728516,
      -0.47524523735046387,
      -0.49368172883987427,
      -0.5161182284355164,
      -0.5345547199249268,
      -0.5489912033081055,
      -0.5594276785850525,
      -0.5658641457557678,
      -0.5683006644248962,
      -0.5747371315956116,
      -0.5851736068725586,
      -0.5996100902557373,
      -0.6180465817451477,
      -0.6404830813407898,
      -0.6589195728302002,
      -0.6733560562133789,
      -0.6837925314903259,
      -0.6902289986610413,
      -0.6926655173301697,
      -0.699101984500885,
      -0.709538459777832,
      -0.7239749431610107,
      -0.7424114346504211,
      -0.7648479342460632,
      -0.7832844257354736,
      -0.7977209091186523,
      -0.8081573843955994,
      -0.8145938515663147,
      -0.8170303702354431,
      -0.8234668374061584,
      -0.8339033126831055,
      -0.8483397960662842,
      -0.8667762875556946,
      -0.8892127871513367,
      -0.9076492786407471
    ],