{
  "run_name": "a2c_z_penalty_e_0p800_seed_3_alpha_0p010_ztol_0p000_wc_1p000_beta_0p000",
  "controller": "a2c",
  "controller_family": "rl",
  "seed": 3,
  "timesteps": 500000,
  "reward_variant": "z_penalty",
  "collision_restitution": 0.8,
  "collision_reward_weight": 1.0,
  "z_position_penalty_weight": 0.01,
  "z_position_tolerance": 0.0,
  "swing_growth_reward_weight": 0.05,
  "model_path": "/Users/ahmadataka/Documents/Bitbucket - Ataka/latto_latto_control/models/restitution_sweep/a2c_z_penalty_e_0p800_seed_3_alpha_0p010_ztol_0p000_wc_1p000_beta_0p000.zip",
  "evaluation": {
    "reward_sum": -79.76932314829477,
    "alternating_collisions": 0,
    "longest_alternating_streak": 0,
    "total_collisions": 0,
    "time_to_first_alternating_collision": null,
    "mean_abs_z": 6.656326611756813,
    "max_abs_z": 19.77715492248535,
    "mean_collision_energy_loss": 0.0,
    "time": [
      0.0,
      0.02,
      0.04,
      0.06,
      0.08,
      0.1,
      0.12000000000000001,
      0.14,
      0.16,
      0.18,
      0.19999999999999998,
      0.21999999999999997,
      0.23999999999999996,
      0.25999999999999995,
      0.27999999999999997,
      0.3,
      0.32,
      0.34,
      0.36000000000000004,
      0.38000000000000006,
      0.4000000000000001,
      0.4200000000000001,
      0.4400000000000001,
      0.46000000000000013,
      0.48000000000000015,
      0.5000000000000001,
      0.5200000000000001,
      0.5400000000000001,
      0.5600000000000002,
      0.5800000000000002,
      0.6000000000000002,
      0.6200000000000002,
      0.6400000000000002,
      0.6600000000000003,
      0.6800000000000003,
      0.7000000000000003,
      0.7200000000000003,
      0.7400000000000003,
      0.7600000000000003,
      0.7800000000000004,
      0.8000000000000004,
      0.8200000000000004,
      0.8400000000000004,
      0.8600000000000004,
      0.8800000000000004,
      0.9000000000000005,
      0.9200000000000005,
      0.9400000000000005,
      0.9600000000000005,
      0.9800000000000005,
      1.0000000000000004,
      1.0200000000000005,
      1.0400000000000005,
      1.0600000000000005,
      1.0800000000000005,
      1.1000000000000005,
      1.1200000000000006,
      1.1400000000000006,
      1.1600000000000006,
      1.1800000000000006,
      1.2000000000000006,
      1.2200000000000006,
      1.2400000000000007,
      1.2600000000000007,
      1.2800000000000007,
      1.3000000000000007,
      1.3200000000000007,
      1.3400000000000007,
      1.3600000000000008,
      1.3800000000000008,
      1.4000000000000008,
      1.4200000000000008,
      1.4400000000000008,
      1.4600000000000009,
      1.4800000000000009,
      1.5000000000000009,
      1.520000000000001,
      1.540000000000001,
      1.560000000000001,
      1.580000000000001,
      1.600000000000001,
      1.620000000000001,
      1.640000000000001,
      1.660000000000001,
      1.680000000000001,
      1.700000000000001,
      1.720000000000001,
      1.740000000000001,
      1.7600000000000011,
      1.7800000000000011,
      1.8000000000000012,
      1.8200000000000012,
      1.8400000000000012,
      1.8600000000000012,
      1.8800000000000012,
      1.9000000000000012,
      1.9200000000000013,
      1.9400000000000013,
      1.9600000000000013,
      1.9800000000000013
    ],
    "action": [
      -4.912176609039307,
      -7.056396961212158,
      -8.397013664245605,
      -9.232076644897461,
      -9.736400604248047,
      -10.0,
      -10.0,
      -10.0,
      -10.0,
      -10.0,
      -10.0,
      -10.0,
      -10.0,
      -10.0,
      -10.0,
      -10.0,
      -10.0,
      -10.0,
      -10.0,
      -10.0,
      -10.0,
      -10.0,
      -10.0,
      -10.0,
      -10.0,
      -10.0,
      -10.0,
      -10.0,
      -10.0,
      -10.0,
      -10.0,
      -10.0,
      -10.0,
      -10.0,
      -10.0,
      -10.0,
      -10.0,
      -10.0,
      -10.0,
      -10.0,
      -10.0,
      -10.0,
      -10.0,
      -10.0,
      -10.0,
      -10.0,
      -10.0,
      -10.0,
      -10.0,
      -10.0,
      -10.0,
      -10.0,
      -10.0,
      -10.0,
      -10.0,
      -10.0,
      -10.0,
      -10.0,
      -10.0,
      -10.0,
      -10.0,
      -10.0,
      -10.0,
      -10.0,
      -10.0,
      -10.0,
      -10.0,
      -10.0,
      -10.0,
      -10.0,
      -10.0,
      -10.0,
      -10.0,
      -10.0,
      -10.0,
      -10.0,
      -10.0,
      -10.0,
      -10.0,
      -10.0,
      -10.0,
      -10.0,
      -10.0,
      -10.0,
      -10.0,
      -10.0,
      -10.0,
      -10.0,
      -10.0,
      -10.0,
      -10.0,
      -10.0,
      -10.0,
      -10.0,
      -10.0,
      -10.0,
      -10.0,
      -10.0,
      -10.0,
      -10.0
    ],
    "z": [
      -0.0019648706074804068,
      -0.006752299144864082,
      -0.014898533932864666,
      -0.026737600564956665,
      -0.042471226304769516,
      -0.06220485270023346,
      -0.0859384760260582,
      -0.11367210000753403,
      -0.14540572464466095,
      -0.18113934993743896,
      -0.22087298333644867,
      -0.26460662484169006,
      -0.31234025955200195,
      -0.36407390236854553,
      -0.4198075234889984,
      -0.479541152715683,
      -0.5432747602462769,
      -0.6110084056854248,
      -0.6827420592308044,
      -0.7584757208824158,
      -0.8382093906402588,
      -0.9219430088996887,
      -1.0096766948699951,
      -1.1014102697372437,
      -1.1971439123153687,
      -1.2968775033950806,
      -1.400611162185669,
      -1.5083447694778442,
      -1.6200783252716064,
      -1.7358119487762451,
      -1.8555455207824707,
      -1.9792791604995728,
      -2.1070127487182617,
      -2.238746404647827,
      -2.3744800090789795,
      -2.5142135620117188,
      -2.657947063446045,
      -2.805680751800537,
      -2.957414388656616,
      -3.1131479740142822,
      -3.272881507873535,
      -3.436614990234375,
      -3.604348659515381,
      -3.7760822772979736,
      -3.9518158435821533,
      -4.13154935836792,
      -4.315282821655273,
      -4.503016471862793,
      -4.69474983215332,
      -4.890483379364014,
      -5.090217113494873,
      -5.29395055770874,
      -5.501684188842773,
      -5.7134175300598145,
      -5.9291510581970215,
      -6.1488847732543945,
      -6.372618198394775,
      -6.600351810455322,
      -6.832085132598877,
      -7.067818641662598,
      -7.307552337646484,
      -7.551285743713379,
      -7.7990193367004395,
      -8.050752639770508,
      -8.306486129760742,
      -8.566219329833984,
      -8.82995319366455,
      -9.097686767578125,
      -9.369420051574707,
      -9.645153045654297,
      -9.924886703491211,
      -10.208620071411133,
      -10.496353149414062,
      -10.788086891174316,
      -11.083820343017578,
      -11.383553504943848,
      -11.687287330627441,
      -11.995020866394043,
      -12.306754112243652,
      -12.62248706817627,
      -12.942220687866211,
      -13.26595401763916,
      -13.593687057495117,
      -13.925420761108398,
      -14.261154174804688,
      -14.600887298583984,
      -14.944621086120605,
      -15.292354583740234,
      -15.644087791442871,
      -15.999821662902832,
      -16.359554290771484,
      -16.72328758239746,
      -17.091020584106445,
      -17.462753295898438,
      -17.83848762512207,
      -18.21822166442871,
      -18.60195541381836,
      -18.989688873291016,
      -19.38142204284668,
      -19.77715492248535
    ],