{
  "run_name": "a2c_swing_growth_e_0p800_seed_2_alpha_0p010_ztol_0p000_wc_1p000_beta_0p050",
  "controller": "a2c",
  "controller_family": "rl",
  "seed": 2,
  "timesteps": 500000,
  "reward_variant": "swing_growth",
  "collision_restitution": 0.8,
  "collision_reward_weight": 1.0,
  "z_position_penalty_weight": 0.01,
  "z_position_tolerance": 0.0,
  "swing_growth_reward_weight": 0.05,
  "model_path": "/Users/ahmadataka/Documents/Bitbucket - Ataka/latto_latto_control/models/restitution_sweep/a2c_swing_growth_e_0p800_seed_2_alpha_0p010_ztol_0p000_wc_1p000_beta_0p050.zip",
  "evaluation": {
    "reward_sum": -77.37637650952092,
    "alternating_collisions": 0,
    "longest_alternating_streak": 0,
    "total_collisions": 0,
    "time_to_first_alternating_collision": null,
    "mean_abs_z": 6.557038864707574,
    "max_abs_z": 19.495521545410156,
    "mean_collision_energy_loss": 0.0,
    "time": [
      0.0,
      0.02,
      0.04,
      0.06,
      0.08,
      0.1,
      0.12000000000000001,
      0.14,
      0.16,
      0.18,
      0.19999999999999998,
      0.21999999999999997,
      0.23999999999999996,
      0.25999999999999995,
      0.27999999999999997,
      0.3,
      0.32,
      0.34,
      0.36000000000000004,
      0.38000000000000006,
      0.4000000000000001,
      0.4200000000000001,
      0.4400000000000001,
      0.46000000000000013,
      0.48000000000000015,
      0.5000000000000001,
      0.5200000000000001,
      0.5400000000000001,
      0.5600000000000002,
      0.5800000000000002,
      0.6000000000000002,
      0.6200000000000002,
      0.6400000000000002,
      0.6600000000000003,
      0.6800000000000003,
      0.7000000000000003,
      0.7200000000000003,
      0.7400000000000003,
      0.7600000000000003,
      0.7800000000000004,
      0.8000000000000004,
      0.8200000000000004,
      0.8400000000000004,
      0.8600000000000004,
      0.8800000000000004,
      0.9000000000000005,
      0.9200000000000005,
      0.9400000000000005,
      0.9600000000000005,
      0.9800000000000005,
      1.0000000000000004,
      1.0200000000000005,
      1.0400000000000005,
      1.0600000000000005,
      1.0800000000000005,
      1.1000000000000005,
      1.1200000000000006,
      1.1400000000000006,
      1.1600000000000006,
      1.1800000000000006,
      1.2000000000000006,
      1.2200000000000006,
      1.2400000000000007,
      1.2600000000000007,
      1.2800000000000007,
      1.3000000000000007,
      1.3200000000000007,
      1.3400000000000007,
      1.3600000000000008,
      1.3800000000000008,
      1.4000000000000008,
      1.4200000000000008,
      1.4400000000000008,
      1.4600000000000009,
      1.4800000000000009,
      1.5000000000000009,
      1.520000000000001,
      1.540000000000001,
      1.560000000000001,
      1.580000000000001,
      1.600000000000001,
      1.620000000000001,
      1.640000000000001,
      1.660000000000001,
      1.680000000000001,
      1.700000000000001,
      1.720000000000001,
      1.740000000000001,
      1.7600000000000011,
      1.7800000000000011,
      1.8000000000000012,
      1.8200000000000012,
      1.8400000000000012,
      1.8600000000000012,
      1.8800000000000012,
      1.9000000000000012,
      1.9200000000000013,
      1.9400000000000013,
      1.9600000000000013,
      1.9800000000000013
    ],
    "action": [
      -6.707339286804199,
      -7.690855026245117,
      -8.363631248474121,
      -8.810641288757324,
      -9.103363990783691,
      -9.294947624206543,
      -9.422124862670898,
      -9.508929252624512,
      -9.570494651794434,
      -9.616143226623535,
      -9.6515531539917,
      -9.680184364318848,
      -9.704144477844238,
      -9.724740028381348,
      -9.742788314819336,
      -9.758813858032227,
      -9.773164749145508,
      -9.78608226776123,
      -9.79773998260498,
      -9.808270454406738,
      -9.817784309387207,
      -9.826373100280762,
      -9.834118843078613,
      -9.841093063354492,
      -9.847363471984863,
      -9.852993965148926,
      -9.858040809631348,
      -9.862558364868164,
      -9.866597175598145,
      -9.870203971862793,
      -9.87342357635498,
      -9.87629222869873,
      -9.878849983215332,
      -9.88112735748291,
      -9.883156776428223,
      -9.884963989257812,
      -9.886574745178223,
      -9.888010025024414,
      -9.889288902282715,
      -9.89043140411377,
      -9.891451835632324,
      -9.892361640930176,
      -9.893176078796387,
      -9.893906593322754,
      -9.894559860229492,
      -9.89514446258545,
      -9.895670890808105,
      -9.896143913269043,
      -9.89656925201416,
      -9.896952629089355,
      -9.897297859191895,
      -9.897608757019043,
      -9.897890090942383,
      -9.898146629333496,
      -9.898375511169434,
      -9.89858627319336,
      -9.898776054382324,
      -9.898948669433594,
      -9.8991060256958,
      -9.899249076843262,
      -9.899378776550293,
      -9.899497032165527,
      -9.899606704711914,
      -9.89970588684082,
      -9.899796485900879,
      -9.899879455566406,
      -9.899954795837402,
      -9.900025367736816,
      -9.900089263916016,
      -9.900147438049316,
      -9.900200843811035,
      -9.900250434875488,
      -9.900296211242676,
      -9.900338172912598,
      -9.90037727355957,
      -9.900412559509277,
      -9.900444984436035,
      -9.90047550201416,
      -9.900503158569336,
      -9.900528907775879,
      -9.900551795959473,
      -9.900574684143066,
      -9.900594711303711,
      -9.900614738464355,
      -9.90063190460205,
      -9.90064811706543,
      -9.900663375854492,
      -9.900677680969238,
      -9.900691032409668,
      -9.900703430175781,
      -9.900714874267578,
      -9.900725364685059,
      -9.900735855102539,
      -9.90074634552002,
      -9.90075397491455,
      -9.900763511657715,
      -9.90077018737793,
      -9.900777816772461,
      -9.900785446166992,
      -9.900792121887207
    ],