{
  "run_name": "a2c_z_penalty_e_0p800_seed_0_alpha_0p010_ztol_0p000_wc_1p000_beta_0p000",
  "controller": "a2c",
  "controller_family": "rl",
  "seed": 0,
  "timesteps": 500000,
  "reward_variant": "z_penalty",
  "collision_restitution": 0.8,
  "collision_reward_weight": 1.0,
  "z_position_penalty_weight": 0.01,
  "z_position_tolerance": 0.0,
  "swing_growth_reward_weight": 0.05,
  "model_path": "/Users/ahmadataka/Documents/Bitbucket - Ataka/latto_latto_control/models/restitution_sweep/a2c_z_penalty_e_0p800_seed_0_alpha_0p010_ztol_0p000_wc_1p000_beta_0p000.zip",
  "evaluation": {
    "reward_sum": 4.98496379854218,
    "alternating_collisions": 5,
    "longest_alternating_streak": 5,
    "total_collisions": 7,
    "time_to_first_alternating_collision": 1.0800000000000005,
    "mean_abs_z": 0.09398276071500732,
    "max_abs_z": 0.23177503049373627,
    "mean_collision_energy_loss": 44.75634520394461,
    "time": [
      0.0,
      0.02,
      0.04,
      0.06,
      0.08,
      0.1,
      0.12000000000000001,
      0.14,
      0.16,
      0.18,
      0.19999999999999998,
      0.21999999999999997,
      0.23999999999999996,
      0.25999999999999995,
      0.27999999999999997,
      0.3,
      0.32,
      0.34,
      0.36000000000000004,
      0.38000000000000006,
      0.4000000000000001,
      0.4200000000000001,
      0.4400000000000001,
      0.46000000000000013,
      0.48000000000000015,
      0.5000000000000001,
      0.5200000000000001,
      0.5400000000000001,
      0.5600000000000002,
      0.5800000000000002,
      0.6000000000000002,
      0.6200000000000002,
      0.6400000000000002,
      0.6600000000000003,
      0.6800000000000003,
      0.7000000000000003,
      0.7200000000000003,
      0.7400000000000003,
      0.7600000000000003,
      0.7800000000000004,
      0.8000000000000004,
      0.8200000000000004,
      0.8400000000000004,
      0.8600000000000004,
      0.8800000000000004,
      0.9000000000000005,
      0.9200000000000005,
      0.9400000000000005,
      0.9600000000000005,
      0.9800000000000005,
      1.0000000000000004,
      1.0200000000000005,
      1.0400000000000005,
      1.0600000000000005,
      1.0800000000000005,
      1.1000000000000005,
      1.1200000000000006,
      1.1400000000000006,
      1.1600000000000006,
      1.1800000000000006,
      1.2000000000000006,
      1.2200000000000006,
      1.2400000000000007,
      1.2600000000000007,
      1.2800000000000007,
      1.3000000000000007,
      1.3200000000000007,
      1.3400000000000007,
      1.3600000000000008,
      1.3800000000000008,
      1.4000000000000008,
      1.4200000000000008,
      1.4400000000000008,
      1.4600000000000009,
      1.4800000000000009,
      1.5000000000000009,
      1.520000000000001,
      1.540000000000001,
      1.560000000000001,
      1.580000000000001,
      1.600000000000001,
      1.620000000000001,
      1.640000000000001,
      1.660000000000001,
      1.680000000000001,
      1.700000000000001,
      1.720000000000001,
      1.740000000000001,
      1.7600000000000011,
      1.7800000000000011,
      1.8000000000000012,
      1.8200000000000012,
      1.8400000000000012,
      1.8600000000000012,
      1.8800000000000012,
      1.9000000000000012,
      1.9200000000000013,
      1.9400000000000013,
      1.9600000000000013,
      1.9800000000000013
    ],
    "action": [
      -0.817878782749176,
      6.834915637969971,
      10.0,
      10.0,
      10.0,
      10.0,
      10.0,
      10.0,
      10.0,
      -10.0,
      -10.0,
      -10.0,
      -10.0,
      -10.0,
      -10.0,
      -10.0,
      -9.24587631225586,
      -6.27586555480957,
      -4.656553268432617,
      -3.949169397354126,
      -3.696641206741333,
      -3.6112191677093506,
      -3.5791642665863037,
      -3.5639569759368896,
      -3.552079439163208,
      -3.5333611965179443,
      -3.489128589630127,
      -3.379315137863159,
      -3.1195080280303955,
      -2.4590041637420654,
      -0.911371648311615,
      2.218928337097168,
      10.0,
      10.0,
      10.0,
      10.0,
      10.0,
      10.0,
      10.0,
      10.0,
      10.0,
      -10.0,
      -10.0,
      -10.0,
      -10.0,
      -10.0,
      -10.0,
      -6.976245403289795,
      -4.967101097106934,
      -4.079815864562988,
      -3.7418782711029053,
      -3.6295578479766846,
      -3.5902984142303467,
      -3.574608087539673,
      -3.567439079284668,
      10.0,
      10.0,
      10.0,
      10.0,
      10.0,
      10.0,
      10.0,
      10.0,
      10.0,
      10.0,
      10.0,
      10.0,
      -10.0,
      -10.0,
      -10.0,
      -10.0,
      -10.0,
      -10.0,
      -10.0,
      -8.851775169372559,
      -6.154257297515869,
      -4.755076885223389,
      10.0,
      10.0,
      10.0,
      10.0,
      10.0,
      10.0,
      10.0,
      10.0,
      10.0,
      10.0,
      -10.0,
      -10.0,
      -10.0,
      -10.0,
      -10.0,
      -10.0,
      -10.0,
      -10.0,
      -7.448422908782959,
      -5.460984706878662,
      10.0,
      10.0,
      10.0
    ],
    "z": [
      -0.00032715147244744003,
      0.002079663099721074,
      0.00848647765815258,
      0.0188932903110981,
      0.03330010175704956,
      0.051706913858652115,
      0.07411372661590576,
      0.1005205363035202,
      0.13092735409736633,
      0.15733416378498077,
      0.17974098026752472,
      0.19814778864383698,
      0.21255460381507874,
      0.2229614108800888,
      0.22936822474002838,
      0.23177503049373627,
      0.23048348724842072,
      0.22668160498142242,
      0.22101710736751556,
      0.2137729376554489,
      0.20505011081695557,
      0.19488279521465302,
      0.18328380584716797,
      0.1702592372894287,
      0.15581384301185608,
      0.13995510339736938,
      0.12270070612430573,
      0.10409458726644516,
      0.08424066752195358,
      0.06340314447879791,
      0.042201071977615356,
      0.021886570379137993,
      0.005572067573666573,
      -0.00674243550747633,
      -0.015056938864290714,
      -0.01937144249677658,
      -0.01968594640493393,
      -0.016000449657440186,
      -0.008314954116940498,
      0.0033705411478877068,
      0.019056037068367004,
      0.030741531401872635,
      0.03842702507972717,
      0.04211252182722092,
      0.04179801791906357,
      0.03748351335525513,
      0.029169009998440742,
      0.01806400902569294,
      0.004972168244421482,
      -0.009751598350703716,
      -0.025972116738557816,
      -0.043644458055496216,
      -0.06275291740894318,
      -0.08329121768474579,
      -0.10525649785995483,
      -0.12322177737951279,
      -0.13718706369400024,
      -0.1471523493528366,
      -0.15311762690544128,
      -0.15508291125297546,
      -0.15304818749427795,
      -0.14701347053050995,
      -0.13697874546051025,
      -0.12294402718544006,
      -0.10490930825471878,
      -0.082874596118927,
      -0.05683987960219383,
      -0.034805163741111755,
      -0.01677044667303562,
      -0.0027357302606105804,
      0.007298986427485943,
      0.013333704322576523,
      0.015368422493338585,
      0.013403140008449554,
      0.0078971479088068,
      -7.054675370454788e-05,
      -0.009940272197127342,
      -0.01580999791622162,
      -0.017679724842309952,
      -0.015549451112747192,
      -0.00941917859017849,
      0.0007110945880413055,
      0.014841367490589619,
      0.032971639186143875,
      0.0551019087433815,
      0.08123217523097992,
      0.11136244237422943,
      0.13749271631240845,
      0.15962298214435577,
      0.1777532547712326,
      0.19188351929187775,
      0.2020137906074524,
      0.20814406871795654,
      0.210274338722229,
      0.20840461552143097,
      0.20355552434921265,
      0.19652202725410461,
      0.19348853826522827,
      0.19445504248142242,
      0.19942155480384827
    ],