{
  "run_name": "a2c_z_penalty_e_1p000_seed_0_alpha_0p010_ztol_0p000_wc_1p000_beta_0p000",
  "controller": "a2c",
  "controller_family": "rl",
  "seed": 0,
  "timesteps": 500000,
  "reward_variant": "z_penalty",
  "collision_restitution": 1.0,
  "collision_reward_weight": 1.0,
  "z_position_penalty_weight": 0.01,
  "z_position_tolerance": 0.0,
  "swing_growth_reward_weight": 0.05,
  "model_path": "/Users/ahmadataka/Documents/Bitbucket - Ataka/latto_latto_control/models/restitution_sweep/a2c_z_penalty_e_1p000_seed_0_alpha_0p010_ztol_0p000_wc_1p000_beta_0p000.zip",
  "evaluation": {
    "reward_sum": 11.528041671016666,
    "alternating_collisions": 12,
    "longest_alternating_streak": 12,
    "total_collisions": 13,
    "time_to_first_alternating_collision": 0.5400000000000001,
    "mean_abs_z": 0.5492401463491842,
    "max_abs_z": 1.3081084489822388,
    "mean_collision_energy_loss": 0.0,
    "time": [
      0.0,
      0.02,
      0.04,
      0.06,
      0.08,
      0.1,
      0.12000000000000001,
      0.14,
      0.16,
      0.18,
      0.19999999999999998,
      0.21999999999999997,
      0.23999999999999996,
      0.25999999999999995,
      0.27999999999999997,
      0.3,
      0.32,
      0.34,
      0.36000000000000004,
      0.38000000000000006,
      0.4000000000000001,
      0.4200000000000001,
      0.4400000000000001,
      0.46000000000000013,
      0.48000000000000015,
      0.5000000000000001,
      0.5200000000000001,
      0.5400000000000001,
      0.5600000000000002,
      0.5800000000000002,
      0.6000000000000002,
      0.6200000000000002,
      0.6400000000000002,
      0.6600000000000003,
      0.6800000000000003,
      0.7000000000000003,
      0.7200000000000003,
      0.7400000000000003,
      0.7600000000000003,
      0.7800000000000004,
      0.8000000000000004,
      0.8200000000000004,
      0.8400000000000004,
      0.8600000000000004,
      0.8800000000000004,
      0.9000000000000005,
      0.9200000000000005,
      0.9400000000000005,
      0.9600000000000005,
      0.9800000000000005,
      1.0000000000000004,
      1.0200000000000005,
      1.0400000000000005,
      1.0600000000000005,
      1.0800000000000005,
      1.1000000000000005,
      1.1200000000000006,
      1.1400000000000006,
      1.1600000000000006,
      1.1800000000000006,
      1.2000000000000006,
      1.2200000000000006,
      1.2400000000000007,
      1.2600000000000007,
      1.2800000000000007,
      1.3000000000000007,
      1.3200000000000007,
      1.3400000000000007,
      1.3600000000000008,
      1.3800000000000008,
      1.4000000000000008,
      1.4200000000000008,
      1.4400000000000008,
      1.4600000000000009,
      1.4800000000000009,
      1.5000000000000009,
      1.520000000000001,
      1.540000000000001,
      1.560000000000001,
      1.580000000000001,
      1.600000000000001,
      1.620000000000001,
      1.640000000000001,
      1.660000000000001,
      1.680000000000001,
      1.700000000000001,
      1.720000000000001,
      1.740000000000001,
      1.7600000000000011,
      1.7800000000000011,
      1.8000000000000012,
      1.8200000000000012,
      1.8400000000000012,
      1.8600000000000012,
      1.8800000000000012,
      1.9000000000000012,
      1.9200000000000013,
      1.9400000000000013,
      1.9600000000000013,
      1.9800000000000013
    ],
    "action": [
      -9.067151069641113,
      -7.210226535797119,
      -1.2218759059906006,
      10.0,
      10.0,
      10.0,
      10.0,
      10.0,
      10.0,
      10.0,
      10.0,
      -10.0,
      -10.0,
      -10.0,
      -10.0,
      -10.0,
      -10.0,
      -10.0,
      -10.0,
      -10.0,
      -10.0,
      -10.0,
      -10.0,
      -10.0,
      -10.0,
      -10.0,
      -10.0,
      -10.0,
      10.0,
      10.0,
      10.0,
      10.0,
      10.0,
      10.0,
      10.0,
      10.0,
      10.0,
      10.0,
      10.0,
      -10.0,
      -10.0,
      -10.0,
      -10.0,
      -10.0,
      -10.0,
      -10.0,
      -10.0,
      10.0,
      10.0,
      10.0,
      10.0,
      10.0,
      10.0,
      10.0,
      -10.0,
      -10.0,
      -10.0,
      -10.0,
      -10.0,
      -10.0,
      10.0,
      10.0,
      10.0,
      10.0,
      10.0,
      10.0,
      -10.0,
      -10.0,
      -10.0,
      -10.0,
      -10.0,
      -10.0,
      10.0,
      10.0,
      10.0,
      10.0,
      10.0,
      -10.0,
      -10.0,
      -10.0,
      -10.0,
      -10.0,
      10.0,
      10.0,
      10.0,
      10.0,
      10.0,
      -10.0,
      -10.0,
      -10.0,
      -10.0,
      -10.0,
      10.0,
      10.0,
      10.0,
      10.0,
      10.0,
      -10.0,
      -10.0,
      -10.0
    ],
    "z": [
      -0.003626860212534666,
      -0.010137811303138733,
      -0.01713751256465912,
      -0.020137213170528412,
      -0.019136914983391762,
      -0.014136617071926594,
      -0.005136319436132908,
      0.007863977923989296,
      0.024864275008440018,
      0.04586457088589668,
      0.07086486369371414,
      0.0918651595711708,
      0.10886545479297638,
      0.12186574935913086,
      0.13086605072021484,
      0.13586634397506714,
      0.13686664402484894,
      0.13386693596839905,
      0.12686723470687866,
      0.11586753278970718,
      0.10086783021688461,
      0.08186812698841095,
      0.05886842682957649,
      0.03186872601509094,
      0.0008690226823091507,
      -0.034130677580833435,
      -0.07313038408756256,
      -0.11613009124994278,
      -0.1551297903060913,
      -0.19012948870658875,
      -0.22112919390201569,
      -0.24812889099121094,
      -0.2711285948753357,
      -0.29012829065322876,
      -0.30512797832489014,
      -0.3161276876926422,
      -0.3231273889541626,
      -0.3261270821094513,
      -0.3251267969608307,
      -0.3281264901161194,
      -0.33512619137763977,
      -0.34612590074539185,
      -0.3611255884170532,
      -0.3801252841949463,
      -0.40312498807907104,
      -0.4301247000694275,
      -0.46112439036369324,
      -0.4881241023540497,
      -0.511123776435852,
      -0.5301234722137451,
      -0.5451231598854065,
      -0.5561228394508362,
      -0.563122570514679,
      -0.56612229347229,
      -0.5731220245361328,
      -0.5841217041015625,
      -0.5991213917732239,
      -0.6181210875511169,
      -0.6411207914352417,
      -0.6681205034255981,
      -0.6911202073097229,
      -0.710119903087616,
      -0.7251195907592773,
      -0.736119270324707,
      -0.7431190013885498,
      -0.7461187243461609,
      -0.7531184554100037,
      -0.7641181349754333,
      -0.7791178226470947,
      -0.7981175184249878,
      -0.8211172223091125,
      -0.848116934299469,
      -0.8711166381835938,
      -0.8901163339614868,
      -0.9051160216331482,
      -0.9161157011985779,
      -0.9231154322624207,
      -0.9341151118278503,
      -0.9491147994995117,
      -0.9681144952774048,
      -0.9911141991615295,
      -1.0181138515472412,
      -1.0411134958267212,
      -1.0601131916046143,
      -1.0751129388809204,
      -1.08611261844635,
      -1.0931123495101929,
      -1.1041120290756226,
      -1.1191117763519287,
      -1.1381114721298218,
      -1.1611111164093018,
      -1.1881108283996582,
      -1.2111104726791382,
      -1.2301101684570312,
      -1.2451099157333374,
      -1.256109595298767,
      -1.2631093263626099,
      -1.2741090059280396,
      -1.2891087532043457,
      -1.3081084489822388
    ],