{
  "run_name": "a2c_swing_growth_e_1p000_seed_4_alpha_0p010_ztol_0p000_wc_1p000_beta_0p050",
  "controller": "a2c",
  "controller_family": "rl",
  "seed": 4,
  "timesteps": 500000,
  "reward_variant": "swing_growth",
  "collision_restitution": 1.0,
  "collision_reward_weight": 1.0,
  "z_position_penalty_weight": 0.01,
  "z_position_tolerance": 0.0,
  "swing_growth_reward_weight": 0.05,
  "model_path": "/Users/ahmadataka/Documents/Bitbucket - Ataka/latto_latto_control/models/restitution_sweep/a2c_swing_growth_e_1p000_seed_4_alpha_0p010_ztol_0p000_wc_1p000_beta_0p050.zip",
  "evaluation": {
    "reward_sum": 7.697012401482112,
    "alternating_collisions": 9,
    "longest_alternating_streak": 9,
    "total_collisions": 10,
    "time_to_first_alternating_collision": 0.6800000000000003,
    "mean_abs_z": 1.2280084276758134,
    "max_abs_z": 1.9762696027755737,
    "mean_collision_energy_loss": 0.0,
    "time": [
      0.0,
      0.02,
      0.04,
      0.06,
      0.08,
      0.1,
      0.12000000000000001,
      0.14,
      0.16,
      0.18,
      0.19999999999999998,
      0.21999999999999997,
      0.23999999999999996,
      0.25999999999999995,
      0.27999999999999997,
      0.3,
      0.32,
      0.34,
      0.36000000000000004,
      0.38000000000000006,
      0.4000000000000001,
      0.4200000000000001,
      0.4400000000000001,
      0.46000000000000013,
      0.48000000000000015,
      0.5000000000000001,
      0.5200000000000001,
      0.5400000000000001,
      0.5600000000000002,
      0.5800000000000002,
      0.6000000000000002,
      0.6200000000000002,
      0.6400000000000002,
      0.6600000000000003,
      0.6800000000000003,
      0.7000000000000003,
      0.7200000000000003,
      0.7400000000000003,
      0.7600000000000003,
      0.7800000000000004,
      0.8000000000000004,
      0.8200000000000004,
      0.8400000000000004,
      0.8600000000000004,
      0.8800000000000004,
      0.9000000000000005,
      0.9200000000000005,
      0.9400000000000005,
      0.9600000000000005,
      0.9800000000000005,
      1.0000000000000004,
      1.0200000000000005,
      1.0400000000000005,
      1.0600000000000005,
      1.0800000000000005,
      1.1000000000000005,
      1.1200000000000006,
      1.1400000000000006,
      1.1600000000000006,
      1.1800000000000006,
      1.2000000000000006,
      1.2200000000000006,
      1.2400000000000007,
      1.2600000000000007,
      1.2800000000000007,
      1.3000000000000007,
      1.3200000000000007,
      1.3400000000000007,
      1.3600000000000008,
      1.3800000000000008,
      1.4000000000000008,
      1.4200000000000008,
      1.4400000000000008,
      1.4600000000000009,
      1.4800000000000009,
      1.5000000000000009,
      1.520000000000001,
      1.540000000000001,
      1.560000000000001,
      1.580000000000001,
      1.600000000000001,
      1.620000000000001,
      1.640000000000001,
      1.660000000000001,
      1.680000000000001,
      1.700000000000001,
      1.720000000000001,
      1.740000000000001,
      1.7600000000000011,
      1.7800000000000011,
      1.8000000000000012,
      1.8200000000000012,
      1.8400000000000012,
      1.8600000000000012,
      1.8800000000000012,
      1.9000000000000012,
      1.9200000000000013,
      1.9400000000000013,
      1.9600000000000013,
      1.9800000000000013
    ],
    "action": [
      -10.0,
      -10.0,
      -10.0,
      -10.0,
      -10.0,
      -10.0,
      -8.227700233459473,
      -4.078229904174805,
      4.0594635009765625,
      10.0,
      10.0,
      10.0,
      10.0,
      10.0,
      10.0,
      10.0,
      -9.412863731384277,
      -9.475717544555664,
      -9.489017486572266,
      -9.4578218460083,
      -9.388521194458008,
      -9.28815746307373,
      -9.163718223571777,
      -9.021513938903809,
      -8.866759300231934,
      -8.703431129455566,
      -8.534406661987305,
      -8.3617525100708,
      -8.187052726745605,
      -8.011582374572754,
      -7.83632755279541,
      -7.6618757247924805,
      -7.488386154174805,
      -7.315720081329346,
      -7.143784523010254,
      10.0,
      10.0,
      10.0,
      10.0,
      10.0,
      10.0,
      10.0,
      10.0,
      10.0,
      10.0,
      10.0,
      10.0,
      -5.935189247131348,
      -5.951789855957031,
      -5.969296455383301,
      -5.988389492034912,
      -6.009869575500488,
      -6.034578323364258,
      -6.063378810882568,
      -6.097173690795898,
      -6.136900424957275,
      10.0,
      10.0,
      10.0,
      10.0,
      10.0,
      10.0,
      10.0,
      10.0,
      -5.904052257537842,
      -5.923736572265625,
      -5.943454742431641,
      -5.964279651641846,
      -5.9883341789245605,
      -6.0190324783325195,
      -6.061359405517578,
      10.0,
      10.0,
      10.0,
      10.0,
      10.0,
      10.0,
      10.0,
      -5.916050434112549,
      -5.9386725425720215,
      -5.962590217590332,
      -5.99135684967041,
      -6.031981468200684,
      -6.096575736999512,
      10.0,
      10.0,
      10.0,
      10.0,
      10.0,
      10.0,
      -5.944530487060547,
      -5.972784042358398,
      -6.0111541748046875,
      -6.074665546417236,
      -6.190988540649414,
      -6.397885322570801,
      10.0,
      10.0,
      10.0,
      10.0
    ],