{
  "run_name": "phase_pumping_z_penalty_e_0p800_seed_2_alpha_0p010_ztol_0p000_wc_1p000_beta_0p000",
  "controller": "phase_pumping",
  "controller_family": "heuristic",
  "seed": 2,
  "timesteps": 1,
  "reward_variant": "z_penalty",
  "collision_restitution": 0.8,
  "collision_reward_weight": 1.0,
  "z_position_penalty_weight": 0.01,
  "z_position_tolerance": 0.0,
  "swing_growth_reward_weight": 0.05,
  "model_path": "/Users/ahmadataka/Documents/Bitbucket - Ataka/latto_latto_control/models/restitution_sweep/phase_pumping_z_penalty_e_0p800_seed_2_alpha_0p010_ztol_0p000_wc_1p000_beta_0p000.json",
  "evaluation": {
    "reward_sum": -14.857820118645382,
    "alternating_collisions": 0,
    "longest_alternating_streak": 0,
    "total_collisions": 5,
    "time_to_first_alternating_collision": null,
    "mean_abs_z": 3.025905642376747,
    "max_abs_z": 7.72111701965332,
    "mean_collision_energy_loss": 0.7705251842737197,
    "time": [
      0.0,
      0.02,
      0.04,
      0.06,
      0.08,
      0.1,
      0.12000000000000001,
      0.14,
      0.16,
      0.18,
      0.19999999999999998,
      0.21999999999999997,
      0.23999999999999996,
      0.25999999999999995,
      0.27999999999999997,
      0.3,
      0.32,
      0.34,
      0.36000000000000004,
      0.38000000000000006,
      0.4000000000000001,
      0.4200000000000001,
      0.4400000000000001,
      0.46000000000000013,
      0.48000000000000015,
      0.5000000000000001,
      0.5200000000000001,
      0.5400000000000001,
      0.5600000000000002,
      0.5800000000000002,
      0.6000000000000002,
      0.6200000000000002,
      0.6400000000000002,
      0.6600000000000003,
      0.6800000000000003,
      0.7000000000000003,
      0.7200000000000003,
      0.7400000000000003,
      0.7600000000000003,
      0.7800000000000004,
      0.8000000000000004,
      0.8200000000000004,
      0.8400000000000004,
      0.8600000000000004,
      0.8800000000000004,
      0.9000000000000005,
      0.9200000000000005,
      0.9400000000000005,
      0.9600000000000005,
      0.9800000000000005,
      1.0000000000000004,
      1.0200000000000005,
      1.0400000000000005,
      1.0600000000000005,
      1.0800000000000005,
      1.1000000000000005,
      1.1200000000000006,
      1.1400000000000006,
      1.1600000000000006,
      1.1800000000000006,
      1.2000000000000006,
      1.2200000000000006,
      1.2400000000000007,
      1.2600000000000007,
      1.2800000000000007,
      1.3000000000000007,
      1.3200000000000007,
      1.3400000000000007,
      1.3600000000000008,
      1.3800000000000008,
      1.4000000000000008,
      1.4200000000000008,
      1.4400000000000008,
      1.4600000000000009,
      1.4800000000000009,
      1.5000000000000009,
      1.520000000000001,
      1.540000000000001,
      1.560000000000001,
      1.580000000000001,
      1.600000000000001,
      1.620000000000001,
      1.640000000000001,
      1.660000000000001,
      1.680000000000001,
      1.700000000000001,
      1.720000000000001,
      1.740000000000001,
      1.7600000000000011,
      1.7800000000000011,
      1.8000000000000012,
      1.8200000000000012,
      1.8400000000000012,
      1.8600000000000012,
      1.8800000000000012,
      1.9000000000000012,
      1.9200000000000013,
      1.9400000000000013,
      1.9600000000000013,
      1.9800000000000013
    ],
    "action": [
      -4.517139911651611,
      -5.392613887786865,
      -5.963889122009277,
      -6.327911853790283,
      -6.557615280151367,
      -6.69965934753418,
      -6.782850742340088,
      -6.825088977813721,
      -6.837719917297363,
      -6.828104496002197,
      -6.8011322021484375,
      -6.760106563568115,
      -6.7072978019714355,
      -6.644278049468994,
      -6.5721354484558105,
      -6.491620063781738,
      -6.403234481811523,
      -6.307302951812744,
      -6.2040181159973145,
      -6.093477249145508,
      -1.6098296642303467,
      -1.5634104013442993,
      -1.558201551437378,
      -1.5976406335830688,
      -1.683606743812561,
      -1.815838098526001,
      -1.9914000034332275,
      -2.204376697540283,
      -2.445977210998535,
      -2.7051925659179688,
      -2.9699623584747314,
      -3.228598117828369,
      -3.4710748195648193,
      -3.6898741722106934,
      -3.8802378177642822,
      -4.039923191070557,
      -4.168671131134033,
      -4.267581939697266,
      -4.338562488555908,
      -4.383888244628906,
      -4.405910491943359,
      -4.406867980957031,
      -4.388797283172607,
      -4.3534836769104,
      -4.302460670471191,
      -1.5029852390289307,
      -1.4903271198272705,
      -1.502579927444458,
      -1.5394058227539062,
      -1.5994482040405273,
      -1.6802868843078613,
      -1.7784916162490845,
      -1.889787197113037,
      -2.009320020675659,
      -2.1320042610168457,
      -2.252880811691284,
      -2.367448568344116,
      -2.4719040393829346,
      -2.5632753372192383,
      -2.6394481658935547,
      -2.699101686477661,
      -2.7415900230407715,
      -2.766801595687866,
      -2.7750120162963867,
      -2.7667577266693115,
      -2.7427327632904053,
      -0.8641511797904968,
      -0.8600108027458191,
      -0.8725267052650452,
      -0.9003514051437378,
      -0.9415311217308044,
      -0.9935761094093323,
      -1.0535776615142822,
      -1.118368148803711,
      -1.1846983432769775,
      -1.2494163513183594,
      -1.3096262216567993,
      -1.3628078699111938,
      -1.4068876504898071,
      -1.440263271331787,
      -1.4617905616760254,
      -1.4707387685775757,
      -1.4667283296585083,
      -1.4496665000915527,
      -0.10740871727466583,
      -0.10884028673171997,
      -0.12213510274887085,
      -0.14556121826171875,
      -0.17702233791351318,
      -0.21415114402770996,
      -0.2544296383857727,
      -0.2953135371208191,
      -0.33435511589050293,
      -0.3693076968193054,
      -0.3982025980949402,
      -0.41939955949783325,
      -0.4316043257713318,
      -0.43386101722717285,
      0.48151347041130066,
      0.4750893712043762
    ],