{
  "run_name": "phase_pumping_swing_growth_e_0p900_seed_0_alpha_0p010_ztol_0p000_wc_1p000_beta_0p050",
  "controller": "phase_pumping",
  "controller_family": "heuristic",
  "seed": 0,
  "timesteps": 1,
  "reward_variant": "swing_growth",
  "collision_restitution": 0.9,
  "collision_reward_weight": 1.0,
  "z_position_penalty_weight": 0.01,
  "z_position_tolerance": 0.0,
  "swing_growth_reward_weight": 0.05,
  "model_path": "/Users/ahmadataka/Documents/Bitbucket - Ataka/latto_latto_control/models/restitution_sweep/phase_pumping_swing_growth_e_0p900_seed_0_alpha_0p010_ztol_0p000_wc_1p000_beta_0p050.json",
  "evaluation": {
    "reward_sum": -14.55503026174847,
    "alternating_collisions": 0,
    "longest_alternating_streak": 0,
    "total_collisions": 4,
    "time_to_first_alternating_collision": null,
    "mean_abs_z": 3.004412127600517,
    "max_abs_z": 7.665435314178467,
    "mean_collision_energy_loss": 0.5600023716688156,
    "time": [
      0.0,
      0.02,
      0.04,
      0.06,
      0.08,
      0.1,
      0.12000000000000001,
      0.14,
      0.16,
      0.18,
      0.19999999999999998,
      0.21999999999999997,
      0.23999999999999996,
      0.25999999999999995,
      0.27999999999999997,
      0.3,
      0.32,
      0.34,
      0.36000000000000004,
      0.38000000000000006,
      0.4000000000000001,
      0.4200000000000001,
      0.4400000000000001,
      0.46000000000000013,
      0.48000000000000015,
      0.5000000000000001,
      0.5200000000000001,
      0.5400000000000001,
      0.5600000000000002,
      0.5800000000000002,
      0.6000000000000002,
      0.6200000000000002,
      0.6400000000000002,
      0.6600000000000003,
      0.6800000000000003,
      0.7000000000000003,
      0.7200000000000003,
      0.7400000000000003,
      0.7600000000000003,
      0.7800000000000004,
      0.8000000000000004,
      0.8200000000000004,
      0.8400000000000004,
      0.8600000000000004,
      0.8800000000000004,
      0.9000000000000005,
      0.9200000000000005,
      0.9400000000000005,
      0.9600000000000005,
      0.9800000000000005,
      1.0000000000000004,
      1.0200000000000005,
      1.0400000000000005,
      1.0600000000000005,
      1.0800000000000005,
      1.1000000000000005,
      1.1200000000000006,
      1.1400000000000006,
      1.1600000000000006,
      1.1800000000000006,
      1.2000000000000006,
      1.2200000000000006,
      1.2400000000000007,
      1.2600000000000007,
      1.2800000000000007,
      1.3000000000000007,
      1.3200000000000007,
      1.3400000000000007,
      1.3600000000000008,
      1.3800000000000008,
      1.4000000000000008,
      1.4200000000000008,
      1.4400000000000008,
      1.4600000000000009,
      1.4800000000000009,
      1.5000000000000009,
      1.520000000000001,
      1.540000000000001,
      1.560000000000001,
      1.580000000000001,
      1.600000000000001,
      1.620000000000001,
      1.640000000000001,
      1.660000000000001,
      1.680000000000001,
      1.700000000000001,
      1.720000000000001,
      1.740000000000001,
      1.7600000000000011,
      1.7800000000000011,
      1.8000000000000012,
      1.8200000000000012,
      1.8400000000000012,
      1.8600000000000012,
      1.8800000000000012,
      1.9000000000000012,
      1.9200000000000013,
      1.9400000000000013,
      1.9600000000000013,
      1.9800000000000013
    ],
    "action": [
      -4.517139911651611,
      -5.392613887786865,
      -5.963889122009277,
      -6.327911853790283,
      -6.557615280151367,
      -6.69965934753418,
      -6.782850742340088,
      -6.825088977813721,
      -6.837719917297363,
      -6.828104496002197,
      -6.8011322021484375,
      -6.760106563568115,
      -6.7072978019714355,
      -6.644278049468994,
      -6.5721354484558105,
      -6.491620063781738,
      -6.403234481811523,
      -6.307302951812744,
      -6.2040181159973145,
      -6.093477249145508,
      -1.3299789428710938,
      -1.2657455205917358,
      -1.248290777206421,
      -1.2827036380767822,
      -1.372472882270813,
      -1.5186570882797241,
      -1.7189948558807373,
      -1.9672043323516846,
      -2.2528140544891357,
      -2.5618574619293213,
      -2.8784995079040527,
      -3.1872191429138184,
      -3.4748735427856445,
      -3.732004165649414,
      -3.953150749206543,
      -4.136348247528076,
      -4.28220796585083,
      -4.392955780029297,
      -4.471628665924072,
      -4.521507740020752,
      -4.545769691467285,
      -4.547298431396484,
      -4.528607368469238,
      -4.491833686828613,
      -4.438754081726074,
      -4.370830059051514,
      -1.1402020454406738,
      -1.117295742034912,
      -1.1271146535873413,
      -1.1702542304992676,
      -1.245872974395752,
      -1.3514959812164307,
      -1.4829596281051636,
      -1.634560227394104,
      -1.7994294166564941,
      -1.9701027870178223,
      -2.1391830444335938,
      -2.2999696731567383,
      -2.4469282627105713,
      -2.5759363174438477,
      -2.684302568435669,
      -2.7706143856048584,
      -2.8344860076904297,
      -2.8762803077697754,
      -2.896847724914551,
      -2.897315502166748,
      -2.8789288997650146,
      -2.842945098876953,
      -0.4422304034233093,
      -0.4338480234146118,
      -0.45062553882598877,
      -0.49155980348587036,
      -0.5545598864555359,
      -0.6364676356315613,
      -0.7331872582435608,
      -0.8399297595024109,
      -0.9515454769134521,
      -1.062894582748413,
      -1.1692020893096924,
      -1.266338586807251,
      -1.3509929180145264,
      -1.4207298755645752,
      -1.4739515781402588,
      -1.5097897052764893,
      -1.5279630422592163,
      -1.528629183769226,
      -1.5122511386871338,
      0.33485618233680725,
      0.33318448066711426,
      0.31158602237701416,
      0.27185195684432983,
      0.2165718674659729,
      0.14902591705322266,
      0.07300442457199097,
      -0.0074269771575927734,
      -0.08818775415420532,
      -0.16542857885360718,
      -0.23573684692382812,
      -0.2962719202041626,
      -0.3448282480239868
    ],