{
  "run_name": "phase_pumping_swing_growth_e_1p000_seed_2_alpha_0p010_ztol_0p000_wc_1p000_beta_0p050",
  "controller": "phase_pumping",
  "controller_family": "heuristic",
  "seed": 2,
  "timesteps": 1,
  "reward_variant": "swing_growth",
  "collision_restitution": 1.0,
  "collision_reward_weight": 1.0,
  "z_position_penalty_weight": 0.01,
  "z_position_tolerance": 0.0,
  "swing_growth_reward_weight": 0.05,
  "model_path": "/Users/ahmadataka/Documents/Bitbucket - Ataka/latto_latto_control/models/restitution_sweep/phase_pumping_swing_growth_e_1p000_seed_2_alpha_0p010_ztol_0p000_wc_1p000_beta_0p050.json",
  "evaluation": {
    "reward_sum": -14.234094446408562,
    "alternating_collisions": 0,
    "longest_alternating_streak": 0,
    "total_collisions": 4,
    "time_to_first_alternating_collision": null,
    "mean_abs_z": 2.973309007154312,
    "max_abs_z": 7.581831932067871,
    "mean_collision_energy_loss": 0.0,
    "time": [
      0.0,
      0.02,
      0.04,
      0.06,
      0.08,
      0.1,
      0.12000000000000001,
      0.14,
      0.16,
      0.18,
      0.19999999999999998,
      0.21999999999999997,
      0.23999999999999996,
      0.25999999999999995,
      0.27999999999999997,
      0.3,
      0.32,
      0.34,
      0.36000000000000004,
      0.38000000000000006,
      0.4000000000000001,
      0.4200000000000001,
      0.4400000000000001,
      0.46000000000000013,
      0.48000000000000015,
      0.5000000000000001,
      0.5200000000000001,
      0.5400000000000001,
      0.5600000000000002,
      0.5800000000000002,
      0.6000000000000002,
      0.6200000000000002,
      0.6400000000000002,
      0.6600000000000003,
      0.6800000000000003,
      0.7000000000000003,
      0.7200000000000003,
      0.7400000000000003,
      0.7600000000000003,
      0.7800000000000004,
      0.8000000000000004,
      0.8200000000000004,
      0.8400000000000004,
      0.8600000000000004,
      0.8800000000000004,
      0.9000000000000005,
      0.9200000000000005,
      0.9400000000000005,
      0.9600000000000005,
      0.9800000000000005,
      1.0000000000000004,
      1.0200000000000005,
      1.0400000000000005,
      1.0600000000000005,
      1.0800000000000005,
      1.1000000000000005,
      1.1200000000000006,
      1.1400000000000006,
      1.1600000000000006,
      1.1800000000000006,
      1.2000000000000006,
      1.2200000000000006,
      1.2400000000000007,
      1.2600000000000007,
      1.2800000000000007,
      1.3000000000000007,
      1.3200000000000007,
      1.3400000000000007,
      1.3600000000000008,
      1.3800000000000008,
      1.4000000000000008,
      1.4200000000000008,
      1.4400000000000008,
      1.4600000000000009,
      1.4800000000000009,
      1.5000000000000009,
      1.520000000000001,
      1.540000000000001,
      1.560000000000001,
      1.580000000000001,
      1.600000000000001,
      1.620000000000001,
      1.640000000000001,
      1.660000000000001,
      1.680000000000001,
      1.700000000000001,
      1.720000000000001,
      1.740000000000001,
      1.7600000000000011,
      1.7800000000000011,
      1.8000000000000012,
      1.8200000000000012,
      1.8400000000000012,
      1.8600000000000012,
      1.8800000000000012,
      1.9000000000000012,
      1.9200000000000013,
      1.9400000000000013,
      1.9600000000000013,
      1.9800000000000013
    ],
    "action": [
      -4.517139911651611,
      -5.392613887786865,
      -5.963889122009277,
      -6.327911853790283,
      -6.557615280151367,
      -6.69965934753418,
      -6.782850742340088,
      -6.825088977813721,
      -6.837719917297363,
      -6.828104496002197,
      -6.8011322021484375,
      -6.760106563568115,
      -6.7072978019714355,
      -6.644278049468994,
      -6.5721354484558105,
      -6.491620063781738,
      -6.403234481811523,
      -6.307302951812744,
      -6.2040181159973145,
      -6.093477249145508,
      -1.054848074913025,
      -0.9706422090530396,
      -0.9383378028869629,
      -0.9648571610450745,
      -1.0556293725967407,
      -1.2135205268859863,
      -1.4375168085098267,
      -1.7214395999908447,
      -2.053257942199707,
      -2.415651559829712,
      -2.788158416748047,
      -3.1504414081573486,
      -3.4855051040649414,
      -3.7816836833953857,
      -4.032975196838379,
      -4.238088607788086,
      -4.39895486831665,
      -4.519290924072266,
      -4.603515625,
      -4.6560587882995605,
      -4.680981636047363,
      -4.681821823120117,
      -4.661556243896484,
      -4.6226348876953125,
      -4.567043781280518,
      -4.496375560760498,
      -0.8252789974212646,
      -0.7883064150810242,
      -0.7918996810913086,
      -0.8380727767944336,
      -0.9270361065864563,
      -1.056746482849121,
      -1.222615361213684,
      -1.4175218343734741,
      -1.6322360038757324,
      -1.8562719821929932,
      -2.0790088176727295,
      -2.290825128555298,
      -2.483959674835205,
      -2.6529369354248047,
      -2.7945539951324463,
      -2.907548427581787,
      -2.992117404937744,
      -3.049421548843384,
      -3.0811643600463867,
      -3.089275360107422,
      -3.0756986141204834,
      -3.0422637462615967,
      -2.9906208515167236,
      -0.04700877144932747,
      -0.02894800901412964,
      -0.045949339866638184,
      -0.09798014163970947,
      -0.18331944942474365,
      -0.29840511083602905,
      -0.43787527084350586,
      -0.5948613286018372,
      -0.7615278363227844,
      -0.9297811388969421,
      -1.092009425163269,
      -1.2416951656341553,
      -1.37379789352417,
      -1.4848660230636597,
      -1.5729299783706665,
      -1.6372413635253906,
      -1.6779656410217285,
      -1.6958801746368408,
      -1.6921172142028809,
      -1.6679754257202148,
      0.7881168723106384,
      0.791725754737854,
      0.7643604874610901,
      0.7073047757148743,
      0.6233459115028381,
      0.5167519450187683,
      0.39306890964508057,
      0.2587355375289917,
      0.12056297063827515,
      -0.014831602573394775,
      -0.1415364146232605
    ],