{
  "run_name": "phase_pumping_z_penalty_e_0p950_seed_0_alpha_0p010_ztol_0p000_wc_1p000_beta_0p000",
  "controller": "phase_pumping",
  "controller_family": "heuristic",
  "seed": 0,
  "timesteps": 1,
  "reward_variant": "z_penalty",
  "collision_restitution": 0.95,
  "collision_reward_weight": 1.0,
  "z_position_penalty_weight": 0.01,
  "z_position_tolerance": 0.0,
  "swing_growth_reward_weight": 0.05,
  "model_path": "/Users/ahmadataka/Documents/Bitbucket - Ataka/latto_latto_control/models/restitution_sweep/phase_pumping_z_penalty_e_0p950_seed_0_alpha_0p010_ztol_0p000_wc_1p000_beta_0p000.json",
  "evaluation": {
    "reward_sum": -14.512471180277121,
    "alternating_collisions": 0,
    "longest_alternating_streak": 0,
    "total_collisions": 4,
    "time_to_first_alternating_collision": null,
    "mean_abs_z": 2.9907176493271255,
    "max_abs_z": 7.634791374206543,
    "mean_collision_energy_loss": 0.3070039749145508,
    "time": [
      0.0,
      0.02,
      0.04,
      0.06,
      0.08,
      0.1,
      0.12000000000000001,
      0.14,
      0.16,
      0.18,
      0.19999999999999998,
      0.21999999999999997,
      0.23999999999999996,
      0.25999999999999995,
      0.27999999999999997,
      0.3,
      0.32,
      0.34,
      0.36000000000000004,
      0.38000000000000006,
      0.4000000000000001,
      0.4200000000000001,
      0.4400000000000001,
      0.46000000000000013,
      0.48000000000000015,
      0.5000000000000001,
      0.5200000000000001,
      0.5400000000000001,
      0.5600000000000002,
      0.5800000000000002,
      0.6000000000000002,
      0.6200000000000002,
      0.6400000000000002,
      0.6600000000000003,
      0.6800000000000003,
      0.7000000000000003,
      0.7200000000000003,
      0.7400000000000003,
      0.7600000000000003,
      0.7800000000000004,
      0.8000000000000004,
      0.8200000000000004,
      0.8400000000000004,
      0.8600000000000004,
      0.8800000000000004,
      0.9000000000000005,
      0.9200000000000005,
      0.9400000000000005,
      0.9600000000000005,
      0.9800000000000005,
      1.0000000000000004,
      1.0200000000000005,
      1.0400000000000005,
      1.0600000000000005,
      1.0800000000000005,
      1.1000000000000005,
      1.1200000000000006,
      1.1400000000000006,
      1.1600000000000006,
      1.1800000000000006,
      1.2000000000000006,
      1.2200000000000006,
      1.2400000000000007,
      1.2600000000000007,
      1.2800000000000007,
      1.3000000000000007,
      1.3200000000000007,
      1.3400000000000007,
      1.3600000000000008,
      1.3800000000000008,
      1.4000000000000008,
      1.4200000000000008,
      1.4400000000000008,
      1.4600000000000009,
      1.4800000000000009,
      1.5000000000000009,
      1.520000000000001,
      1.540000000000001,
      1.560000000000001,
      1.580000000000001,
      1.600000000000001,
      1.620000000000001,
      1.640000000000001,
      1.660000000000001,
      1.680000000000001,
      1.700000000000001,
      1.720000000000001,
      1.740000000000001,
      1.7600000000000011,
      1.7800000000000011,
      1.8000000000000012,
      1.8200000000000012,
      1.8400000000000012,
      1.8600000000000012,
      1.8800000000000012,
      1.9000000000000012,
      1.9200000000000013,
      1.9400000000000013,
      1.9600000000000013,
      1.9800000000000013
    ],
    "action": [
      -4.517139911651611,
      -5.392613887786865,
      -5.963889122009277,
      -6.327911853790283,
      -6.557615280151367,
      -6.69965934753418,
      -6.782850742340088,
      -6.825088977813721,
      -6.837719917297363,
      -6.828104496002197,
      -6.8011322021484375,
      -6.760106563568115,
      -6.7072978019714355,
      -6.644278049468994,
      -6.5721354484558105,
      -6.491620063781738,
      -6.403234481811523,
      -6.307302951812744,
      -6.2040181159973145,
      -6.093477249145508,
      -1.1917632818222046,
      -1.1177929639816284,
      -1.0932247638702393,
      -1.124046802520752,
      -1.2146799564361572,
      -1.367023229598999,
      -1.5793612003326416,
      -1.8453941345214844,
      -2.153843402862549,
      -2.489114999771118,
      -2.8331732749938965,
      -3.1682262420654297,
      -3.479306221008301,
      -3.7558846473693848,
      -3.9922032356262207,
      -4.186575889587402,
      -4.340214252471924,
      -4.45604133605957,
      -4.537754058837891,
      -4.5891923904418945,
      -4.613970756530762,
      -4.615299701690674,
      -4.59592866897583,
      -4.558155536651611,
      -4.503867149353027,
      -4.434595108032227,
      -0.9848455190658569,
      -0.955487072467804,
      -0.9627331495285034,
      -1.0078222751617432,
      -1.0903650522232056,
      -1.208033561706543,
      -1.356408715248108,
      -1.5290801525115967,
      -1.7180583477020264,
      -1.9144748449325562,
      -2.1094515323638916,
      -2.29494571685791,
      -2.4643898010253906,
      -2.6130146980285645,
      -2.7378592491149902,
      -2.837545871734619,
      -2.9119269847869873,
      -2.9617135524749756,
      -2.9881398677825928,
      -2.9927029609680176,
      -2.976975917816162,
      -2.9424896240234375,
      -2.8906619548797607,
      -0.20972563326358795,
      -0.19701677560806274,
      -0.21459418535232544,
      -0.26186323165893555,
      -0.33683067560195923,
      -0.43605226278305054,
      -0.5547394752502441,
      -0.6870400905609131,
      -0.8264779448509216,
      -0.9664848446846008,
      -1.1009247303009033,
      -1.2245248556137085,
      -1.3331354856491089,
      -1.4238145351409912,
      -1.494758129119873,
      -1.5451260805130005,
      -1.574826955795288,
      -1.5842965841293335,
      -1.574309229850769,
      -1.5458250045776367,
      0.6387693881988525,
      0.6390042901039124,
      0.6133167147636414,
      0.563334584236145,
      0.4918573498725891,
      0.4027746319770813,
      0.3008553981781006,
      0.1914272904396057,
      0.07998216152191162,
      -0.028223514556884766,
      -0.12851613759994507
    ],