{
  "run_name": "ppo_swing_growth_e_0p900_seed_0_alpha_0p010_ztol_0p000_wc_1p000_beta_0p050",
  "controller": "ppo",
  "controller_family": "rl",
  "seed": 0,
  "timesteps": 500000,
  "reward_variant": "swing_growth",
  "collision_restitution": 0.9,
  "collision_reward_weight": 1.0,
  "z_position_penalty_weight": 0.01,
  "z_position_tolerance": 0.0,
  "swing_growth_reward_weight": 0.05,
  "model_path": "/Users/ahmadataka/Documents/Bitbucket - Ataka/latto_latto_control/models/restitution_sweep/ppo_swing_growth_e_0p900_seed_0_alpha_0p010_ztol_0p000_wc_1p000_beta_0p050.zip",
  "evaluation": {
    "reward_sum": 0.23427559690935595,
    "alternating_collisions": 0,
    "longest_alternating_streak": 0,
    "total_collisions": 4,
    "time_to_first_alternating_collision": null,
    "mean_abs_z": 0.0504929082444869,
    "max_abs_z": 0.09045938402414322,
    "mean_collision_energy_loss": 6.221113204956055,
    "time": [
      0.0,
      0.02,
      0.04,
      0.06,
      0.08,
      0.1,
      0.12000000000000001,
      0.14,
      0.16,
      0.18,
      0.19999999999999998,
      0.21999999999999997,
      0.23999999999999996,
      0.25999999999999995,
      0.27999999999999997,
      0.3,
      0.32,
      0.34,
      0.36000000000000004,
      0.38000000000000006,
      0.4000000000000001,
      0.4200000000000001,
      0.4400000000000001,
      0.46000000000000013,
      0.48000000000000015,
      0.5000000000000001,
      0.5200000000000001,
      0.5400000000000001,
      0.5600000000000002,
      0.5800000000000002,
      0.6000000000000002,
      0.6200000000000002,
      0.6400000000000002,
      0.6600000000000003,
      0.6800000000000003,
      0.7000000000000003,
      0.7200000000000003,
      0.7400000000000003,
      0.7600000000000003,
      0.7800000000000004,
      0.8000000000000004,
      0.8200000000000004,
      0.8400000000000004,
      0.8600000000000004,
      0.8800000000000004,
      0.9000000000000005,
      0.9200000000000005,
      0.9400000000000005,
      0.9600000000000005,
      0.9800000000000005,
      1.0000000000000004,
      1.0200000000000005,
      1.0400000000000005,
      1.0600000000000005,
      1.0800000000000005,
      1.1000000000000005,
      1.1200000000000006,
      1.1400000000000006,
      1.1600000000000006,
      1.1800000000000006,
      1.2000000000000006,
      1.2200000000000006,
      1.2400000000000007,
      1.2600000000000007,
      1.2800000000000007,
      1.3000000000000007,
      1.3200000000000007,
      1.3400000000000007,
      1.3600000000000008,
      1.3800000000000008,
      1.4000000000000008,
      1.4200000000000008,
      1.4400000000000008,
      1.4600000000000009,
      1.4800000000000009,
      1.5000000000000009,
      1.520000000000001,
      1.540000000000001,
      1.560000000000001,
      1.580000000000001,
      1.600000000000001,
      1.620000000000001,
      1.640000000000001,
      1.660000000000001,
      1.680000000000001,
      1.700000000000001,
      1.720000000000001,
      1.740000000000001,
      1.7600000000000011,
      1.7800000000000011,
      1.8000000000000012,
      1.8200000000000012,
      1.8400000000000012,
      1.8600000000000012,
      1.8800000000000012,
      1.9000000000000012,
      1.9200000000000013,
      1.9400000000000013,
      1.9600000000000013,
      1.9800000000000013
    ],
    "action": [
      2.7325804233551025,
      4.01790714263916,
      3.9879298210144043,
      3.401446580886841,
      2.697460174560547,
      2.0544607639312744,
      1.529677391052246,
      1.1318129301071167,
      0.84934002161026,
      0.6645881533622742,
      -3.2197425365448,
      -3.2510287761688232,
      -3.3235580921173096,
      -3.4211692810058594,
      -3.5240700244903564,
      -3.6102685928344727,
      -3.656130075454712,
      -3.6349995136260986,
      -3.512732982635498,
      -3.238720178604126,
      -2.7304627895355225,
      -1.8529002666473389,
      -0.42452120780944824,
      1.6514134407043457,
      3.8583872318267822,
      4.608880043029785,
      4.238290786743164,
      3.479780673980713,
      2.7002339363098145,
      2.0432701110839844,
      1.5405958890914917,
      1.1839721202850342,
      0.9527580738067627,
      0.8262702226638794,
      -1.7806456089019775,
      -1.8915691375732422,
      -2.0654611587524414,
      -2.282228946685791,
      -2.5146796703338623,
      -2.730306386947632,
      -2.893939733505249,
      -2.9683282375335693,
      -2.9096262454986572,
      -2.6557180881500244,
      -2.105839967727661,
      -1.0987586975097656,
      0.5439670085906982,
      2.7991743087768555,
      4.570392608642578,
      4.738347053527832,
      4.119156837463379,
      3.280071973800659,
      2.5005505084991455,
      1.8732346296310425,
      1.4083449840545654,
      1.089025616645813,
      0.8917098045349121,
      -1.3570750951766968,
      -1.5019973516464233,
      -1.715883731842041,
      -1.979618787765503,
      -2.264724016189575,
      -2.5351850986480713,
      -2.751556158065796,
      -2.873399496078491,
      -2.8557283878326416,
      -2.6370270252227783,
      -2.1176395416259766,
      -1.1355904340744019,
      0.49331188201904297,
      2.7512381076812744,
      4.533292770385742,
      4.694131851196289,
      4.062849521636963,
      3.2173402309417725,
      2.434396505355835,
      1.8031339645385742,
      1.3335893154144287,
      1.0092436075210571,
      0.8063188791275024,
      0.7038926482200623,
      -1.436388373374939,
      -1.5908541679382324,
      -1.815601110458374,
      -2.090803384780884,
      -2.387327194213867,
      -2.669142246246338,
      -2.898000478744507,
      -3.0362582206726074,
      -3.0437252521514893,
      -2.8666296005249023,
      -2.4176042079925537,
      -1.5491485595703125,
      -0.0662100687623024,
      2.095154285430908,
      4.208191394805908,
      4.702162742614746,
      4.185564994812012,
      3.3531851768493652,
      2.5420033931732178
    ],