{
  "run_name": "ppo_z_penalty_e_0p900_seed_4_alpha_0p010_ztol_0p000_wc_1p000_beta_0p000",
  "controller": "ppo",
  "controller_family": "rl",
  "seed": 4,
  "timesteps": 500000,
  "reward_variant": "z_penalty",
  "collision_restitution": 0.9,
  "collision_reward_weight": 1.0,
  "z_position_penalty_weight": 0.01,
  "z_position_tolerance": 0.0,
  "swing_growth_reward_weight": 0.05,
  "model_path": "/Users/ahmadataka/Documents/Bitbucket - Ataka/latto_latto_control/models/restitution_sweep/ppo_z_penalty_e_0p900_seed_4_alpha_0p010_ztol_0p000_wc_1p000_beta_0p000.zip",
  "evaluation": {
    "reward_sum": -0.009248109049913423,
    "alternating_collisions": 0,
    "longest_alternating_streak": 0,
    "total_collisions": 5,
    "time_to_first_alternating_collision": null,
    "mean_abs_z": 0.0830944102362264,
    "max_abs_z": 0.14816893637180328,
    "mean_collision_energy_loss": 1.857785987854004,
    "time": [
      0.0,
      0.02,
      0.04,
      0.06,
      0.08,
      0.1,
      0.12000000000000001,
      0.14,
      0.16,
      0.18,
      0.19999999999999998,
      0.21999999999999997,
      0.23999999999999996,
      0.25999999999999995,
      0.27999999999999997,
      0.3,
      0.32,
      0.34,
      0.36000000000000004,
      0.38000000000000006,
      0.4000000000000001,
      0.4200000000000001,
      0.4400000000000001,
      0.46000000000000013,
      0.48000000000000015,
      0.5000000000000001,
      0.5200000000000001,
      0.5400000000000001,
      0.5600000000000002,
      0.5800000000000002,
      0.6000000000000002,
      0.6200000000000002,
      0.6400000000000002,
      0.6600000000000003,
      0.6800000000000003,
      0.7000000000000003,
      0.7200000000000003,
      0.7400000000000003,
      0.7600000000000003,
      0.7800000000000004,
      0.8000000000000004,
      0.8200000000000004,
      0.8400000000000004,
      0.8600000000000004,
      0.8800000000000004,
      0.9000000000000005,
      0.9200000000000005,
      0.9400000000000005,
      0.9600000000000005,
      0.9800000000000005,
      1.0000000000000004,
      1.0200000000000005,
      1.0400000000000005,
      1.0600000000000005,
      1.0800000000000005,
      1.1000000000000005,
      1.1200000000000006,
      1.1400000000000006,
      1.1600000000000006,
      1.1800000000000006,
      1.2000000000000006,
      1.2200000000000006,
      1.2400000000000007,
      1.2600000000000007,
      1.2800000000000007,
      1.3000000000000007,
      1.3200000000000007,
      1.3400000000000007,
      1.3600000000000008,
      1.3800000000000008,
      1.4000000000000008,
      1.4200000000000008,
      1.4400000000000008,
      1.4600000000000009,
      1.4800000000000009,
      1.5000000000000009,
      1.520000000000001,
      1.540000000000001,
      1.560000000000001,
      1.580000000000001,
      1.600000000000001,
      1.620000000000001,
      1.640000000000001,
      1.660000000000001,
      1.680000000000001,
      1.700000000000001,
      1.720000000000001,
      1.740000000000001,
      1.7600000000000011,
      1.7800000000000011,
      1.8000000000000012,
      1.8200000000000012,
      1.8400000000000012,
      1.8600000000000012,
      1.8800000000000012,
      1.9000000000000012,
      1.9200000000000013,
      1.9400000000000013,
      1.9600000000000013,
      1.9800000000000013
    ],
    "action": [
      1.276811122894287,
      -0.07837580889463425,
      -0.6413936018943787,
      -0.7908058762550354,
      -0.8158167004585266,
      -0.7955125570297241,
      -0.7472577691078186,
      -0.673265814781189,
      -0.5762121081352234,
      -0.4658559560775757,
      -0.35795265436172485,
      -0.2668229341506958,
      -0.4373796582221985,
      -0.4283687472343445,
      -0.4117884039878845,
      -0.38491636514663696,
      -0.3429343104362488,
      -0.27678877115249634,
      -0.16768401861190796,
      0.02545876055955887,
      0.3827555775642395,
      0.9950411915779114,
      1.7346596717834473,
      1.9075384140014648,
      0.4925873279571533,
      -0.3590715527534485,
      -0.6302303671836853,
      -0.7053964734077454,
      -0.7017370462417603,
      -0.656621515750885,
      -0.5847364068031311,
      -0.49705904722213745,
      -0.4058024287223816,
      -0.3225330114364624,
      -0.3070433735847473,
      -0.28747111558914185,
      -0.2547399401664734,
      -0.20396441221237183,
      -0.1258140206336975,
      -0.0021538063883781433,
      0.20034939050674438,
      0.531183660030365,
      1.026147484779358,
      1.6052817106246948,
      1.9452056884765625,
      1.3234155178070068,
      0.06224248558282852,
      -0.4381290674209595,
      -0.6121771335601807,
      -0.6608189344406128,
      -0.6515817046165466,
      -0.6106054186820984,
      -0.5512024760246277,
      -0.4833228588104248,
      -0.4157091975212097,
      -0.17676085233688354,
      -0.148745596408844,
      -0.10355954617261887,
      -0.03426104038953781,
      0.0710788443684578,
      0.2313539981842041,
      0.4709526300430298,
      0.8062904477119446,
      1.2075692415237427,
      1.535354733467102,
      1.4529900550842285,
      0.5537803173065186,
      -0.2059636116027832,
      -0.5047972202301025,
      -0.6176730394363403,
      -0.6504756808280945,
      -0.6427865028381348,
      -0.6119716167449951,
      -0.5677021145820618,
      -0.5169891715049744,
      -0.46559280157089233,
      -0.03909175843000412,
      -0.001282624900341034,
      0.05694574862718582,
      0.14266669750213623,
      0.26546913385391235,
      0.4356798529624939,
      0.657747209072113,
      0.9147582650184631,
      1.1411893367767334,
      1.1818920373916626,
      0.7800978422164917,
      0.06218472868204117,
      -0.36308345198631287,
      -0.5418641567230225,
      -0.6131238341331482,
      -0.6334750056266785,
      -0.6260268688201904,
      -0.6018204689025879,
      -0.5674052238464355,
      -0.5275358557701111,
      0.08719415217638016,
      0.1323522925376892,
      0.19730502367019653,
      0.28606468439102173
    ],