{
  "run_name": "ppo_z_penalty_e_0p950_seed_3_alpha_0p010_ztol_0p000_wc_1p000_beta_0p000",
  "controller": "ppo",
  "controller_family": "rl",
  "seed": 3,
  "timesteps": 500000,
  "reward_variant": "z_penalty",
  "collision_restitution": 0.95,
  "collision_reward_weight": 1.0,
  "z_position_penalty_weight": 0.01,
  "z_position_tolerance": 0.0,
  "swing_growth_reward_weight": 0.05,
  "model_path": "/Users/ahmadataka/Documents/Bitbucket - Ataka/latto_latto_control/models/restitution_sweep/ppo_z_penalty_e_0p950_seed_3_alpha_0p010_ztol_0p000_wc_1p000_beta_0p000.zip",
  "evaluation": {
    "reward_sum": -4.093613049791552e-05,
    "alternating_collisions": 0,
    "longest_alternating_streak": 0,
    "total_collisions": 5,
    "time_to_first_alternating_collision": null,
    "mean_abs_z": 0.005202951818064321,
    "max_abs_z": 0.01428187545388937,
    "mean_collision_energy_loss": 1.619841957092285,
    "time": [
      0.0,
      0.02,
      0.04,
      0.06,
      0.08,
      0.1,
      0.12000000000000001,
      0.14,
      0.16,
      0.18,
      0.19999999999999998,
      0.21999999999999997,
      0.23999999999999996,
      0.25999999999999995,
      0.27999999999999997,
      0.3,
      0.32,
      0.34,
      0.36000000000000004,
      0.38000000000000006,
      0.4000000000000001,
      0.4200000000000001,
      0.4400000000000001,
      0.46000000000000013,
      0.48000000000000015,
      0.5000000000000001,
      0.5200000000000001,
      0.5400000000000001,
      0.5600000000000002,
      0.5800000000000002,
      0.6000000000000002,
      0.6200000000000002,
      0.6400000000000002,
      0.6600000000000003,
      0.6800000000000003,
      0.7000000000000003,
      0.7200000000000003,
      0.7400000000000003,
      0.7600000000000003,
      0.7800000000000004,
      0.8000000000000004,
      0.8200000000000004,
      0.8400000000000004,
      0.8600000000000004,
      0.8800000000000004,
      0.9000000000000005,
      0.9200000000000005,
      0.9400000000000005,
      0.9600000000000005,
      0.9800000000000005,
      1.0000000000000004,
      1.0200000000000005,
      1.0400000000000005,
      1.0600000000000005,
      1.0800000000000005,
      1.1000000000000005,
      1.1200000000000006,
      1.1400000000000006,
      1.1600000000000006,
      1.1800000000000006,
      1.2000000000000006,
      1.2200000000000006,
      1.2400000000000007,
      1.2600000000000007,
      1.2800000000000007,
      1.3000000000000007,
      1.3200000000000007,
      1.3400000000000007,
      1.3600000000000008,
      1.3800000000000008,
      1.4000000000000008,
      1.4200000000000008,
      1.4400000000000008,
      1.4600000000000009,
      1.4800000000000009,
      1.5000000000000009,
      1.520000000000001,
      1.540000000000001,
      1.560000000000001,
      1.580000000000001,
      1.600000000000001,
      1.620000000000001,
      1.640000000000001,
      1.660000000000001,
      1.680000000000001,
      1.700000000000001,
      1.720000000000001,
      1.740000000000001,
      1.7600000000000011,
      1.7800000000000011,
      1.8000000000000012,
      1.8200000000000012,
      1.8400000000000012,
      1.8600000000000012,
      1.8800000000000012,
      1.9000000000000012,
      1.9200000000000013,
      1.9400000000000013,
      1.9600000000000013,
      1.9800000000000013
    ],
    "action": [
      1.0116381645202637,
      0.42362505197525024,
      0.1948055922985077,
      0.17684608697891235,
      0.24912109971046448,
      0.3600667417049408,
      0.4811656177043915,
      0.5915428400039673,
      0.6757010817527771,
      0.7248743772506714,
      0.7368468046188354,
      -2.4477665424346924,
      -2.0744853019714355,
      -1.7464566230773926,
      -1.4634811878204346,
      -1.2184147834777832,
      -1.004784107208252,
      -0.8172924518585205,
      -0.6446194648742676,
      -0.4399350881576538,
      0.039964910596609116,
      1.6380126476287842,
      2.7325007915496826,
      1.5384348630905151,
      0.6737572550773621,
      0.435942679643631,
      0.4089043140411377,
      0.4597363770008087,
      0.537529706954956,
      0.615221381187439,
      0.6758862733840942,
      0.7099713087081909,
      0.7139906883239746,
      -2.314802408218384,
      -1.9359937906265259,
      -1.6148489713668823,
      -1.3444675207138062,
      -1.114182472229004,
      -0.9155515432357788,
      -0.7404838800430298,
      -0.5708937048912048,
      -0.33522310853004456,
      0.30566108226776123,
      2.0144007205963135,
      2.498917818069458,
      1.2567082643508911,
      0.6001968383789062,
      0.4169272780418396,
      0.39769574999809265,
      0.4411548972129822,
      0.505325973033905,
      0.5673158168792725,
      0.6132138967514038,
      0.6355388164520264,
      0.6317899227142334,
      -2.296300172805786,
      -1.898047685623169,
      -1.5689682960510254,
      -1.2983332872390747,
      -1.072354793548584,
      -0.8797762393951416,
      -0.7088257074356079,
      -0.533261775970459,
      -0.2534009516239166,
      0.5426127314567566,
      2.1683461666107178,
      2.2102863788604736,
      1.069327473640442,
      0.5517997741699219,
      0.399891197681427,
      0.3816775679588318,
      0.41618266701698303,
      0.46780598163604736,
      0.5168936848640442,
      0.5517352819442749,
      0.5661607980728149,
      0.5581457614898682,
      -2.282864809036255,
      -1.862960934638977,
      -1.5250132083892822,
      -1.2534819841384888,
      -1.0308573246002197,
      -0.8426198959350586,
      -0.6724826693534851,
      -0.48330411314964294,
      -0.14020228385925293,
      0.8082056641578674,
      2.2166740894317627,
      1.921864628791809,
      0.9352239370346069,
      0.5179248452186584,
      0.3870081901550293,
      0.3669930398464203,
      0.39211711287498474,
      0.4319807291030884,
      0.46964675188064575,
      0.4951491057872772,
      0.5032708048820496,
      0.4922563433647156,
      -2.280073642730713
    ],