{
  "run_name": "ppo_z_penalty_e_0p950_seed_2_alpha_0p010_ztol_0p000_wc_1p000_beta_0p000",
  "controller": "ppo",
  "controller_family": "rl",
  "seed": 2,
  "timesteps": 500000,
  "reward_variant": "z_penalty",
  "collision_restitution": 0.95,
  "collision_reward_weight": 1.0,
  "z_position_penalty_weight": 0.01,
  "z_position_tolerance": 0.0,
  "swing_growth_reward_weight": 0.05,
  "model_path": "/Users/ahmadataka/Documents/Bitbucket - Ataka/latto_latto_control/models/restitution_sweep/ppo_z_penalty_e_0p950_seed_2_alpha_0p010_ztol_0p000_wc_1p000_beta_0p000.zip",
  "evaluation": {
    "reward_sum": -0.00047521706209527337,
    "alternating_collisions": 0,
    "longest_alternating_streak": 0,
    "total_collisions": 5,
    "time_to_first_alternating_collision": null,
    "mean_abs_z": 0.01785727557609789,
    "max_abs_z": 0.03923718258738518,
    "mean_collision_energy_loss": 0.9978387355804443,
    "time": [
      0.0,
      0.02,
      0.04,
      0.06,
      0.08,
      0.1,
      0.12000000000000001,
      0.14,
      0.16,
      0.18,
      0.19999999999999998,
      0.21999999999999997,
      0.23999999999999996,
      0.25999999999999995,
      0.27999999999999997,
      0.3,
      0.32,
      0.34,
      0.36000000000000004,
      0.38000000000000006,
      0.4000000000000001,
      0.4200000000000001,
      0.4400000000000001,
      0.46000000000000013,
      0.48000000000000015,
      0.5000000000000001,
      0.5200000000000001,
      0.5400000000000001,
      0.5600000000000002,
      0.5800000000000002,
      0.6000000000000002,
      0.6200000000000002,
      0.6400000000000002,
      0.6600000000000003,
      0.6800000000000003,
      0.7000000000000003,
      0.7200000000000003,
      0.7400000000000003,
      0.7600000000000003,
      0.7800000000000004,
      0.8000000000000004,
      0.8200000000000004,
      0.8400000000000004,
      0.8600000000000004,
      0.8800000000000004,
      0.9000000000000005,
      0.9200000000000005,
      0.9400000000000005,
      0.9600000000000005,
      0.9800000000000005,
      1.0000000000000004,
      1.0200000000000005,
      1.0400000000000005,
      1.0600000000000005,
      1.0800000000000005,
      1.1000000000000005,
      1.1200000000000006,
      1.1400000000000006,
      1.1600000000000006,
      1.1800000000000006,
      1.2000000000000006,
      1.2200000000000006,
      1.2400000000000007,
      1.2600000000000007,
      1.2800000000000007,
      1.3000000000000007,
      1.3200000000000007,
      1.3400000000000007,
      1.3600000000000008,
      1.3800000000000008,
      1.4000000000000008,
      1.4200000000000008,
      1.4400000000000008,
      1.4600000000000009,
      1.4800000000000009,
      1.5000000000000009,
      1.520000000000001,
      1.540000000000001,
      1.560000000000001,
      1.580000000000001,
      1.600000000000001,
      1.620000000000001,
      1.640000000000001,
      1.660000000000001,
      1.680000000000001,
      1.700000000000001,
      1.720000000000001,
      1.740000000000001,
      1.7600000000000011,
      1.7800000000000011,
      1.8000000000000012,
      1.8200000000000012,
      1.8400000000000012,
      1.8600000000000012,
      1.8800000000000012,
      1.9000000000000012,
      1.9200000000000013,
      1.9400000000000013,
      1.9600000000000013,
      1.9800000000000013
    ],
    "action": [
      -0.2701205313205719,
      1.5683374404907227,
      1.6446645259857178,
      0.96725994348526,
      0.20943190157413483,
      -0.5357665419578552,
      -1.166332721710205,
      -1.6152405738830566,
      -1.9005918502807617,
      -2.0736453533172607,
      -2.174083709716797,
      -2.22467041015625,
      2.1411571502685547,
      2.1098573207855225,
      2.036223888397217,
      1.909696102142334,
      1.712878942489624,
      1.423996925354004,
      1.0287655591964722,
      0.5469895601272583,
      0.05001284182071686,
      -0.3754919767379761,
      -0.6811107397079468,
      -0.7469384670257568,
      0.4525982439517975,
      1.28696608543396,
      0.8169358968734741,
      0.21144522726535797,
      -0.3822166323661804,
      -0.9070571660995483,
      -1.3203964233398438,
      -1.6137464046478271,
      -1.8071651458740234,
      -1.926098346710205,
      1.4971836805343628,
      1.4256815910339355,
      1.287835955619812,
      1.0763540267944336,
      0.785546600818634,
      0.4202364683151245,
      0.00554920919239521,
      -0.4133177399635315,
      -0.7879757285118103,
      -1.0872045755386353,
      -1.3005410432815552,
      -1.3879942893981934,
      -0.9405187964439392,
      0.47449228167533875,
      0.7220805287361145,
      0.34878429770469666,
      -0.09263919293880463,
      -0.515937328338623,
      -0.8849183320999146,
      -1.1779133081436157,
      -1.390181064605713,
      -1.5291149616241455,
      1.0348013639450073,
      0.976893961429596,
      0.8572784662246704,
      0.6774840950965881,
      0.44288188219070435,
      0.16676168143749237,
      -0.12799213826656342,
      -0.4126933813095093,
      -0.6610708832740784,
      -0.8546444177627563,
      -0.966511607170105,
      -0.833436131477356,
      0.16502578556537628,
      1.1599705219268799,
      1.0446902513504028,
      0.6589263677597046,
      0.24724476039409637,
      -0.13698570430278778,
      -0.46646958589553833,
      -0.7259052991867065,
      -0.9112280011177063,
      0.9070141911506653,
      0.8475400805473328,
      0.7364588975906372,
      0.5775784254074097,
      0.3783316910266876,
      0.15156088769435883,
      -0.08477090299129486,
      -0.3107145428657532,
      -0.5081153512001038,
      -0.6567625403404236,
      -0.692300021648407,
      -0.3223501741886139,
      0.7931553721427917,
      1.3377840518951416,
      1.1287152767181396,
      0.7574239373207092,
      0.3766111135482788,
      0.027835028246045113,
      -0.2686557471752167,
      -0.5025019645690918,
      -0.670958399772644,
      0.5477932691574097,
      0.4738771319389343
    ],