{
  "run_name": "ppo_swing_growth_e_0p950_seed_4_alpha_0p010_ztol_0p000_wc_1p000_beta_0p050",
  "controller": "ppo",
  "controller_family": "rl",
  "seed": 4,
  "timesteps": 500000,
  "reward_variant": "swing_growth",
  "collision_restitution": 0.95,
  "collision_reward_weight": 1.0,
  "z_position_penalty_weight": 0.01,
  "z_position_tolerance": 0.0,
  "swing_growth_reward_weight": 0.05,
  "model_path": "/Users/ahmadataka/Documents/Bitbucket - Ataka/latto_latto_control/models/restitution_sweep/ppo_swing_growth_e_0p950_seed_4_alpha_0p010_ztol_0p000_wc_1p000_beta_0p050.zip",
  "evaluation": {
    "reward_sum": 7.071298269147519,
    "alternating_collisions": 7,
    "longest_alternating_streak": 7,
    "total_collisions": 9,
    "time_to_first_alternating_collision": 0.9200000000000005,
    "mean_abs_z": 0.6482069580559618,
    "max_abs_z": 1.1689097881317139,
    "mean_collision_energy_loss": 14.867330339219835,
    "time": [
      0.0,
      0.02,
      0.04,
      0.06,
      0.08,
      0.1,
      0.12000000000000001,
      0.14,
      0.16,
      0.18,
      0.19999999999999998,
      0.21999999999999997,
      0.23999999999999996,
      0.25999999999999995,
      0.27999999999999997,
      0.3,
      0.32,
      0.34,
      0.36000000000000004,
      0.38000000000000006,
      0.4000000000000001,
      0.4200000000000001,
      0.4400000000000001,
      0.46000000000000013,
      0.48000000000000015,
      0.5000000000000001,
      0.5200000000000001,
      0.5400000000000001,
      0.5600000000000002,
      0.5800000000000002,
      0.6000000000000002,
      0.6200000000000002,
      0.6400000000000002,
      0.6600000000000003,
      0.6800000000000003,
      0.7000000000000003,
      0.7200000000000003,
      0.7400000000000003,
      0.7600000000000003,
      0.7800000000000004,
      0.8000000000000004,
      0.8200000000000004,
      0.8400000000000004,
      0.8600000000000004,
      0.8800000000000004,
      0.9000000000000005,
      0.9200000000000005,
      0.9400000000000005,
      0.9600000000000005,
      0.9800000000000005,
      1.0000000000000004,
      1.0200000000000005,
      1.0400000000000005,
      1.0600000000000005,
      1.0800000000000005,
      1.1000000000000005,
      1.1200000000000006,
      1.1400000000000006,
      1.1600000000000006,
      1.1800000000000006,
      1.2000000000000006,
      1.2200000000000006,
      1.2400000000000007,
      1.2600000000000007,
      1.2800000000000007,
      1.3000000000000007,
      1.3200000000000007,
      1.3400000000000007,
      1.3600000000000008,
      1.3800000000000008,
      1.4000000000000008,
      1.4200000000000008,
      1.4400000000000008,
      1.4600000000000009,
      1.4800000000000009,
      1.5000000000000009,
      1.520000000000001,
      1.540000000000001,
      1.560000000000001,
      1.580000000000001,
      1.600000000000001,
      1.620000000000001,
      1.640000000000001,
      1.660000000000001,
      1.680000000000001,
      1.700000000000001,
      1.720000000000001,
      1.740000000000001,
      1.7600000000000011,
      1.7800000000000011,
      1.8000000000000012,
      1.8200000000000012,
      1.8400000000000012,
      1.8600000000000012,
      1.8800000000000012,
      1.9000000000000012,
      1.9200000000000013,
      1.9400000000000013,
      1.9600000000000013,
      1.9800000000000013
    ],
    "action": [
      9.534355163574219,
      9.754901885986328,
      9.606943130493164,
      9.29344654083252,
      8.891844749450684,
      8.485912322998047,
      8.114761352539062,
      7.779915809631348,
      -8.368701934814453,
      -8.207024574279785,
      -8.021320343017578,
      -7.799820423126221,
      -7.526833534240723,
      -7.18930721282959,
      -6.783459186553955,
      -6.314629077911377,
      -5.789315700531006,
      -5.205633163452148,
      -4.543348789215088,
      -3.738999605178833,
      -2.687960147857666,
      -1.340981125831604,
      0.47812581062316895,
      4.59312105178833,
      8.983652114868164,
      9.638330459594727,
      9.5941162109375,
      9.30346393585205,
      8.82941722869873,
      8.282719612121582,
      7.767192363739014,
      7.324697971343994,
      6.947817802429199,
      6.616662502288818,
      6.314731121063232,
      -8.450294494628906,
      -8.317826271057129,
      -8.17860221862793,
      -8.01794719696045,
      -7.806306838989258,
      -7.495713710784912,
      -7.046555519104004,
      -6.475704193115234,
      -5.832569599151611,
      -5.159996509552002,
      -4.512217998504639,
      -3.925137758255005,
      8.045989036560059,
      7.83254861831665,
      7.55887508392334,
      7.249276161193848,
      6.925673484802246,
      6.601948261260986,
      6.287435531616211,
      5.991510391235352,
      5.720638751983643,
      5.471827983856201,
      5.2312541007995605,
      -8.533437728881836,
      -8.400447845458984,
      -8.272468566894531,
      -8.13772201538086,
      -7.968869686126709,
      -7.705539703369141,
      -7.2536821365356445,
      -6.5911126136779785,
      -5.799709320068359,
      6.383235454559326,
      6.232176780700684,
      6.0394511222839355,
      5.8196001052856445,
      5.590284824371338,
      5.365897178649902,
      5.15108060836792,
      4.939028739929199,
      4.718766689300537,
      -8.569992065429688,
      -8.43372917175293,
      -8.309301376342773,
      -8.186376571655273,
      -8.039280891418457,
      -7.805621147155762,
      -7.366134166717529,
      -6.66179084777832,
      5.79453706741333,
      5.658639907836914,
      5.490365028381348,
      5.3030571937561035,
      5.110016345977783,
      4.917474746704102,
      4.721905708312988,
      4.515264987945557,
      -8.502704620361328,
      -8.379257202148438,
      -8.269997596740723,
      -8.162275314331055,
      -8.026394844055176,
      -7.789017200469971,
      -7.309645175933838,
      -6.529594421386719
    ],