{
  "run_name": "ppo_swing_growth_e_0p950_seed_0_alpha_0p010_ztol_0p000_wc_1p000_beta_0p050",
  "controller": "ppo",
  "controller_family": "rl",
  "seed": 0,
  "timesteps": 500000,
  "reward_variant": "swing_growth",
  "collision_restitution": 0.95,
  "collision_reward_weight": 1.0,
  "z_position_penalty_weight": 0.01,
  "z_position_tolerance": 0.0,
  "swing_growth_reward_weight": 0.05,
  "model_path": "/Users/ahmadataka/Documents/Bitbucket - Ataka/latto_latto_control/models/restitution_sweep/ppo_swing_growth_e_0p950_seed_0_alpha_0p010_ztol_0p000_wc_1p000_beta_0p050.zip",
  "evaluation": {
    "reward_sum": 0.22447256409107474,
    "alternating_collisions": 0,
    "longest_alternating_streak": 0,
    "total_collisions": 4,
    "time_to_first_alternating_collision": null,
    "mean_abs_z": 0.03322248295968166,
    "max_abs_z": 0.06397103518247604,
    "mean_collision_energy_loss": 2.519733428955078,
    "time": [
      0.0,
      0.02,
      0.04,
      0.06,
      0.08,
      0.1,
      0.12000000000000001,
      0.14,
      0.16,
      0.18,
      0.19999999999999998,
      0.21999999999999997,
      0.23999999999999996,
      0.25999999999999995,
      0.27999999999999997,
      0.3,
      0.32,
      0.34,
      0.36000000000000004,
      0.38000000000000006,
      0.4000000000000001,
      0.4200000000000001,
      0.4400000000000001,
      0.46000000000000013,
      0.48000000000000015,
      0.5000000000000001,
      0.5200000000000001,
      0.5400000000000001,
      0.5600000000000002,
      0.5800000000000002,
      0.6000000000000002,
      0.6200000000000002,
      0.6400000000000002,
      0.6600000000000003,
      0.6800000000000003,
      0.7000000000000003,
      0.7200000000000003,
      0.7400000000000003,
      0.7600000000000003,
      0.7800000000000004,
      0.8000000000000004,
      0.8200000000000004,
      0.8400000000000004,
      0.8600000000000004,
      0.8800000000000004,
      0.9000000000000005,
      0.9200000000000005,
      0.9400000000000005,
      0.9600000000000005,
      0.9800000000000005,
      1.0000000000000004,
      1.0200000000000005,
      1.0400000000000005,
      1.0600000000000005,
      1.0800000000000005,
      1.1000000000000005,
      1.1200000000000006,
      1.1400000000000006,
      1.1600000000000006,
      1.1800000000000006,
      1.2000000000000006,
      1.2200000000000006,
      1.2400000000000007,
      1.2600000000000007,
      1.2800000000000007,
      1.3000000000000007,
      1.3200000000000007,
      1.3400000000000007,
      1.3600000000000008,
      1.3800000000000008,
      1.4000000000000008,
      1.4200000000000008,
      1.4400000000000008,
      1.4600000000000009,
      1.4800000000000009,
      1.5000000000000009,
      1.520000000000001,
      1.540000000000001,
      1.560000000000001,
      1.580000000000001,
      1.600000000000001,
      1.620000000000001,
      1.640000000000001,
      1.660000000000001,
      1.680000000000001,
      1.700000000000001,
      1.720000000000001,
      1.740000000000001,
      1.7600000000000011,
      1.7800000000000011,
      1.8000000000000012,
      1.8200000000000012,
      1.8400000000000012,
      1.8600000000000012,
      1.8800000000000012,
      1.9000000000000012,
      1.9200000000000013,
      1.9400000000000013,
      1.9600000000000013,
      1.9800000000000013
    ],
    "action": [
      0.8276110887527466,
      1.6010632514953613,
      1.7203947305679321,
      1.7035815715789795,
      1.6407699584960938,
      1.5481592416763306,
      1.4350793361663818,
      1.313450813293457,
      1.1948866844177246,
      1.0868839025497437,
      0.9910281896591187,
      -2.242936849594116,
      -2.20530366897583,
      -2.166256904602051,
      -2.123703956604004,
      -2.074599266052246,
      -2.0146138668060303,
      -1.9380602836608887,
      -1.8377702236175537,
      -1.6997383832931519,
      -1.476299524307251,
      -1.0562549829483032,
      -0.46659523248672485,
      0.3315342664718628,
      1.5362962484359741,
      1.8341269493103027,
      1.839991807937622,
      1.7803257703781128,
      1.6889886856079102,
      1.5753564834594727,
      1.450926423072815,
      1.328923225402832,
      1.2190831899642944,
      1.1245839595794678,
      -2.1514132022857666,
      -2.106431722640991,
      -2.0590503215789795,
      -2.006389617919922,
      -1.9443750381469727,
      -1.8676650524139404,
      -1.7699451446533203,
      -1.6420567035675049,
      -1.4576828479766846,
      -1.1379626989364624,
      -0.6303922533988953,
      -0.12458495795726776,
      0.6936339735984802,
      1.747901439666748,
      1.9340510368347168,
      1.9120888710021973,
      1.8374907970428467,
      1.735048532485962,
      1.6140648126602173,
      1.486832857131958,
      1.3663314580917358,
      1.260793685913086,
      1.1715766191482544,
      -2.0899081230163574,
      -2.040804862976074,
      -1.9886107444763184,
      -1.9299906492233276,
      -1.8604106903076172,
      -1.7743350267410278,
      -1.6654709577560425,
      -1.5228157043457031,
      -1.311020851135254,
      -0.9432177543640137,
      -0.4352996349334717,
      0.01562558114528656,
      0.8744797706604004,
      1.8377783298492432,
      1.9811491966247559,
      1.948253870010376,
      1.8677924871444702,
      1.7613550424575806,
      1.6380459070205688,
      1.5100408792495728,
      1.3899240493774414,
      1.2853355407714844,
      1.1971497535705566,
      -2.058919906616211,
      -2.008272171020508,
      -1.9542198181152344,
      -1.8932833671569824,
      -1.8208613395690918,
      -1.7315596342086792,
      -1.6193006038665771,
      -1.4723360538482666,
      -1.251939058303833,
      -0.8712088465690613,
      -0.37040144205093384,
      0.06584392488002777,
      0.947941780090332,
      1.8721890449523926,
      2.000610589981079,
      1.9639616012573242,
      1.8819382190704346,
      1.7749035358428955,
      1.6514883041381836,
      1.5233941078186035
    ],