{
  "run_name": "ppo_z_penalty_e_0p900_seed_3_alpha_0p010_ztol_0p000_wc_1p000_beta_0p000",
  "controller": "ppo",
  "controller_family": "rl",
  "seed": 3,
  "timesteps": 500000,
  "reward_variant": "z_penalty",
  "collision_restitution": 0.9,
  "collision_reward_weight": 1.0,
  "z_position_penalty_weight": 0.01,
  "z_position_tolerance": 0.0,
  "swing_growth_reward_weight": 0.05,
  "model_path": "/Users/ahmadataka/Documents/Bitbucket - Ataka/latto_latto_control/models/restitution_sweep/ppo_z_penalty_e_0p900_seed_3_alpha_0p010_ztol_0p000_wc_1p000_beta_0p000.zip",
  "evaluation": {
    "reward_sum": -6.328626214976985e-05,
    "alternating_collisions": 0,
    "longest_alternating_streak": 0,
    "total_collisions": 5,
    "time_to_first_alternating_collision": null,
    "mean_abs_z": 0.006732512280286755,
    "max_abs_z": 0.013174820691347122,
    "mean_collision_energy_loss": 2.4932158470153807,
    "time": [
      0.0,
      0.02,
      0.04,
      0.06,
      0.08,
      0.1,
      0.12000000000000001,
      0.14,
      0.16,
      0.18,
      0.19999999999999998,
      0.21999999999999997,
      0.23999999999999996,
      0.25999999999999995,
      0.27999999999999997,
      0.3,
      0.32,
      0.34,
      0.36000000000000004,
      0.38000000000000006,
      0.4000000000000001,
      0.4200000000000001,
      0.4400000000000001,
      0.46000000000000013,
      0.48000000000000015,
      0.5000000000000001,
      0.5200000000000001,
      0.5400000000000001,
      0.5600000000000002,
      0.5800000000000002,
      0.6000000000000002,
      0.6200000000000002,
      0.6400000000000002,
      0.6600000000000003,
      0.6800000000000003,
      0.7000000000000003,
      0.7200000000000003,
      0.7400000000000003,
      0.7600000000000003,
      0.7800000000000004,
      0.8000000000000004,
      0.8200000000000004,
      0.8400000000000004,
      0.8600000000000004,
      0.8800000000000004,
      0.9000000000000005,
      0.9200000000000005,
      0.9400000000000005,
      0.9600000000000005,
      0.9800000000000005,
      1.0000000000000004,
      1.0200000000000005,
      1.0400000000000005,
      1.0600000000000005,
      1.0800000000000005,
      1.1000000000000005,
      1.1200000000000006,
      1.1400000000000006,
      1.1600000000000006,
      1.1800000000000006,
      1.2000000000000006,
      1.2200000000000006,
      1.2400000000000007,
      1.2600000000000007,
      1.2800000000000007,
      1.3000000000000007,
      1.3200000000000007,
      1.3400000000000007,
      1.3600000000000008,
      1.3800000000000008,
      1.4000000000000008,
      1.4200000000000008,
      1.4400000000000008,
      1.4600000000000009,
      1.4800000000000009,
      1.5000000000000009,
      1.520000000000001,
      1.540000000000001,
      1.560000000000001,
      1.580000000000001,
      1.600000000000001,
      1.620000000000001,
      1.640000000000001,
      1.660000000000001,
      1.680000000000001,
      1.700000000000001,
      1.720000000000001,
      1.740000000000001,
      1.7600000000000011,
      1.7800000000000011,
      1.8000000000000012,
      1.8200000000000012,
      1.8400000000000012,
      1.8600000000000012,
      1.8800000000000012,
      1.9000000000000012,
      1.9200000000000013,
      1.9400000000000013,
      1.9600000000000013,
      1.9800000000000013
    ],
    "action": [
      -0.839889645576477,
      -0.3140588104724884,
      0.22017177939414978,
      0.6414890885353088,
      0.8810344934463501,
      0.96597820520401,
      0.9448255896568298,
      0.8479384779930115,
      0.6917383670806885,
      0.48837903141975403,
      0.2515017092227936,
      -0.0022599492222070694,
      -1.6540954113006592,
      -1.3127092123031616,
      -0.9269979000091553,
      -0.5365828275680542,
      -0.18486228585243225,
      0.09375468641519547,
      0.26693272590637207,
      0.25639939308166504,
      -0.17294113337993622,
      -0.9144291281700134,
      -1.069750428199768,
      -0.8078081607818604,
      -0.3776730000972748,
      0.0989394560456276,
      0.5005943179130554,
      0.7514163851737976,
      0.8591993451118469,
      0.863224446773529,
      0.7940009236335754,
      0.6698874831199646,
      0.503535807132721,
      0.3068590760231018,
      0.09305036067962646,
      -1.3455064296722412,
      -0.9952409267425537,
      -0.6367142796516418,
      -0.304017573595047,
      -0.024781817570328712,
      0.18040451407432556,
      0.282043993473053,
      0.18917466700077057,
      -0.2944764792919159,
      -0.8791143298149109,
      -0.9331463575363159,
      -0.6447625756263733,
      -0.22668489813804626,
      0.1810801774263382,
      0.4808100163936615,
      0.6476856470108032,
      0.7055037617683411,
      0.6846223473548889,
      0.6070604920387268,
      0.4877462089061737,
      0.33840617537498474,
      0.17006748914718628,
      -1.0075597763061523,
      -0.6840305924415588,
      -0.38137999176979065,
      -0.12026400864124298,
      0.08492016047239304,
      0.21955075860023499,
      0.2489495575428009,
      0.07382076978683472,
      -0.4044802784919739,
      -0.8077574372291565,
      -0.7855028510093689,
      -0.5041996836662292,
      -0.1412239521741867,
      0.17999683320522308,
      0.3990843594074249,
      0.51393061876297,
      0.5462291836738586,
      0.5180670619010925,
      0.4461303651332855,
      0.34286847710609436,
      0.21854479610919952,
      0.08248848468065262,
      -0.66136234998703,
      -0.395359605550766,
      -0.1644468605518341,
      0.02238188497722149,
      0.15706101059913635,
      0.22375324368476868,
      0.1794017255306244,
      -0.06039563566446304,
      -0.46952855587005615,
      -0.7107930183410645,
      -0.6419135928153992,
      -0.3954724967479706,
      -0.1065949946641922,
      0.13597911596298218,
      0.29765942692756653,
      0.38115307688713074,
      0.40211591124534607,
      0.37636786699295044,
      0.31672751903533936,
      0.23342061042785645,
      0.13505713641643524
    ],