{
  "run_name": "ppo_swing_growth_e_1p000_seed_1_alpha_0p010_ztol_0p000_wc_1p000_beta_0p050",
  "controller": "ppo",
  "controller_family": "rl",
  "seed": 1,
  "timesteps": 500000,
  "reward_variant": "swing_growth",
  "collision_restitution": 1.0,
  "collision_reward_weight": 1.0,
  "z_position_penalty_weight": 0.01,
  "z_position_tolerance": 0.0,
  "swing_growth_reward_weight": 0.05,
  "model_path": "/Users/ahmadataka/Documents/Bitbucket - Ataka/latto_latto_control/models/restitution_sweep/ppo_swing_growth_e_1p000_seed_1_alpha_0p010_ztol_0p000_wc_1p000_beta_0p050.zip",
  "evaluation": {
    "reward_sum": 0.25890136545814,
    "alternating_collisions": 0,
    "longest_alternating_streak": 0,
    "total_collisions": 4,
    "time_to_first_alternating_collision": null,
    "mean_abs_z": 0.025790529530204366,
    "max_abs_z": 0.07089003920555115,
    "mean_collision_energy_loss": 0.0,
    "time": [
      0.0,
      0.02,
      0.04,
      0.06,
      0.08,
      0.1,
      0.12000000000000001,
      0.14,
      0.16,
      0.18,
      0.19999999999999998,
      0.21999999999999997,
      0.23999999999999996,
      0.25999999999999995,
      0.27999999999999997,
      0.3,
      0.32,
      0.34,
      0.36000000000000004,
      0.38000000000000006,
      0.4000000000000001,
      0.4200000000000001,
      0.4400000000000001,
      0.46000000000000013,
      0.48000000000000015,
      0.5000000000000001,
      0.5200000000000001,
      0.5400000000000001,
      0.5600000000000002,
      0.5800000000000002,
      0.6000000000000002,
      0.6200000000000002,
      0.6400000000000002,
      0.6600000000000003,
      0.6800000000000003,
      0.7000000000000003,
      0.7200000000000003,
      0.7400000000000003,
      0.7600000000000003,
      0.7800000000000004,
      0.8000000000000004,
      0.8200000000000004,
      0.8400000000000004,
      0.8600000000000004,
      0.8800000000000004,
      0.9000000000000005,
      0.9200000000000005,
      0.9400000000000005,
      0.9600000000000005,
      0.9800000000000005,
      1.0000000000000004,
      1.0200000000000005,
      1.0400000000000005,
      1.0600000000000005,
      1.0800000000000005,
      1.1000000000000005,
      1.1200000000000006,
      1.1400000000000006,
      1.1600000000000006,
      1.1800000000000006,
      1.2000000000000006,
      1.2200000000000006,
      1.2400000000000007,
      1.2600000000000007,
      1.2800000000000007,
      1.3000000000000007,
      1.3200000000000007,
      1.3400000000000007,
      1.3600000000000008,
      1.3800000000000008,
      1.4000000000000008,
      1.4200000000000008,
      1.4400000000000008,
      1.4600000000000009,
      1.4800000000000009,
      1.5000000000000009,
      1.520000000000001,
      1.540000000000001,
      1.560000000000001,
      1.580000000000001,
      1.600000000000001,
      1.620000000000001,
      1.640000000000001,
      1.660000000000001,
      1.680000000000001,
      1.700000000000001,
      1.720000000000001,
      1.740000000000001,
      1.7600000000000011,
      1.7800000000000011,
      1.8000000000000012,
      1.8200000000000012,
      1.8400000000000012,
      1.8600000000000012,
      1.8800000000000012,
      1.9000000000000012,
      1.9200000000000013,
      1.9400000000000013,
      1.9600000000000013,
      1.9800000000000013
    ],
    "action": [
      0.8150667548179626,
      6.08737850189209,
      6.989112377166748,
      4.852920055389404,
      2.370565891265869,
      0.47692421078681946,
      -0.8076502084732056,
      -1.63701593875885,
      -2.1426002979278564,
      -2.4068024158477783,
      -3.9089555740356445,
      -3.4518752098083496,
      -3.2543177604675293,
      -3.2611825466156006,
      -3.400489330291748,
      -3.5970845222473145,
      -3.782390594482422,
      -3.8970792293548584,
      -3.8843841552734375,
      -3.672351837158203,
      -3.1334407329559326,
      -1.9750181436538696,
      0.5424358248710632,
      5.505230903625488,
      9.650893211364746,
      9.759730339050293,
      7.095759391784668,
      3.3345985412597656,
      0.6704384684562683,
      -0.9561054110527039,
      -1.919614315032959,
      -2.4631433486938477,
      -2.7164623737335205,
      0.6064159274101257,
      0.41253140568733215,
      -0.06728622317314148,
      -0.761507511138916,
      -1.5595446825027466,
      -2.3361520767211914,
      -2.9929442405700684,
      -3.47528076171875,
      -3.7554993629455566,
      -3.8033556938171387,
      -3.5507888793945312,
      -2.823167324066162,
      -1.1359355449676514,
      2.74672794342041,
      8.43364143371582,
      10.0,
      8.475817680358887,
      4.6184000968933105,
      1.3590601682662964,
      -0.7100979685783386,
      -1.9595791101455688,
      -2.6987290382385254,
      -3.1038389205932617,
      -3.266680955886841,
      1.8726379871368408,
      1.575419545173645,
      0.9627614617347717,
      0.08858704566955566,
      -0.926353394985199,
      -1.9200676679611206,
      -2.7620997428894043,
      -3.3913652896881104,
      -3.7930195331573486,
      -3.958698272705078,
      -3.852914333343506,
      -3.3682985305786133,
      -2.2050206661224365,
      0.5010924935340881,
      6.0590739250183105,
      9.899653434753418,
      9.499671936035156,
      6.264637470245361,
      2.5173654556274414,
      -0.05542907491326332,
      -1.6482175588607788,
      -2.6135663986206055,
      -3.179776191711426,
      -3.4722065925598145,
      -3.5550477504730225,
      2.4728198051452637,
      2.1525588035583496,
      1.5032901763916016,
      0.5615247488021851,
      -0.5538126826286316,
      -1.659438133239746,
      -2.6000709533691406,
      -3.305844306945801,
      -3.7665090560913086,
      -3.9832727909088135,
      -3.9330410957336426,
      -3.529460906982422,
      -2.525970697402954,
      -0.20526590943336487,
      4.907759666442871,
      9.60838794708252,
      9.774028778076172,
      6.974936008453369
    ],