{
  "run_name": "ppo_swing_growth_e_0p800_seed_3_alpha_0p010_ztol_0p000_wc_1p000_beta_0p050",
  "controller": "ppo",
  "controller_family": "rl",
  "seed": 3,
  "timesteps": 500000,
  "reward_variant": "swing_growth",
  "collision_restitution": 0.8,
  "collision_reward_weight": 1.0,
  "z_position_penalty_weight": 0.01,
  "z_position_tolerance": 0.0,
  "swing_growth_reward_weight": 0.05,
  "model_path": "/Users/ahmadataka/Documents/Bitbucket - Ataka/latto_latto_control/models/restitution_sweep/ppo_swing_growth_e_0p800_seed_3_alpha_0p010_ztol_0p000_wc_1p000_beta_0p050.zip",
  "evaluation": {
    "reward_sum": 0.23936951713017152,
    "alternating_collisions": 0,
    "longest_alternating_streak": 0,
    "total_collisions": 4,
    "time_to_first_alternating_collision": null,
    "mean_abs_z": 0.046380176779566684,
    "max_abs_z": 0.09044066816568375,
    "mean_collision_energy_loss": 13.029528617858887,
    "time": [
      0.0,
      0.02,
      0.04,
      0.06,
      0.08,
      0.1,
      0.12000000000000001,
      0.14,
      0.16,
      0.18,
      0.19999999999999998,
      0.21999999999999997,
      0.23999999999999996,
      0.25999999999999995,
      0.27999999999999997,
      0.3,
      0.32,
      0.34,
      0.36000000000000004,
      0.38000000000000006,
      0.4000000000000001,
      0.4200000000000001,
      0.4400000000000001,
      0.46000000000000013,
      0.48000000000000015,
      0.5000000000000001,
      0.5200000000000001,
      0.5400000000000001,
      0.5600000000000002,
      0.5800000000000002,
      0.6000000000000002,
      0.6200000000000002,
      0.6400000000000002,
      0.6600000000000003,
      0.6800000000000003,
      0.7000000000000003,
      0.7200000000000003,
      0.7400000000000003,
      0.7600000000000003,
      0.7800000000000004,
      0.8000000000000004,
      0.8200000000000004,
      0.8400000000000004,
      0.8600000000000004,
      0.8800000000000004,
      0.9000000000000005,
      0.9200000000000005,
      0.9400000000000005,
      0.9600000000000005,
      0.9800000000000005,
      1.0000000000000004,
      1.0200000000000005,
      1.0400000000000005,
      1.0600000000000005,
      1.0800000000000005,
      1.1000000000000005,
      1.1200000000000006,
      1.1400000000000006,
      1.1600000000000006,
      1.1800000000000006,
      1.2000000000000006,
      1.2200000000000006,
      1.2400000000000007,
      1.2600000000000007,
      1.2800000000000007,
      1.3000000000000007,
      1.3200000000000007,
      1.3400000000000007,
      1.3600000000000008,
      1.3800000000000008,
      1.4000000000000008,
      1.4200000000000008,
      1.4400000000000008,
      1.4600000000000009,
      1.4800000000000009,
      1.5000000000000009,
      1.520000000000001,
      1.540000000000001,
      1.560000000000001,
      1.580000000000001,
      1.600000000000001,
      1.620000000000001,
      1.640000000000001,
      1.660000000000001,
      1.680000000000001,
      1.700000000000001,
      1.720000000000001,
      1.740000000000001,
      1.7600000000000011,
      1.7800000000000011,
      1.8000000000000012,
      1.8200000000000012,
      1.8400000000000012,
      1.8600000000000012,
      1.8800000000000012,
      1.9000000000000012,
      1.9200000000000013,
      1.9400000000000013,
      1.9600000000000013,
      1.9800000000000013
    ],
    "action": [
      -0.23724502325057983,
      1.7674221992492676,
      2.6641666889190674,
      3.638211488723755,
      4.1160383224487305,
      4.104734420776367,
      3.9573543071746826,
      3.796489953994751,
      3.658859968185425,
      3.5556626319885254,
      -5.700469970703125,
      -5.473737716674805,
      -5.176749229431152,
      -4.8344526290893555,
      -4.490997314453125,
      -4.182590484619141,
      -3.9204800128936768,
      -3.6965625286102295,
      -3.494619131088257,
      -3.2923967838287354,
      -3.0332067012786865,
      -2.458383560180664,
      -0.7299416065216064,
      2.3695995807647705,
      4.280304908752441,
      4.639859199523926,
      4.75917911529541,
      4.531818389892578,
      4.228909015655518,
      3.944068670272827,
      3.695765256881714,
      3.496795415878296,
      3.3511993885040283,
      3.2548210620880127,
      -5.096189498901367,
      -4.693716049194336,
      -4.310927391052246,
      -3.9965732097625732,
      -3.758165121078491,
      -3.5797481536865234,
      -3.4397928714752197,
      -3.3184938430786133,
      -3.198601007461548,
      -3.059166431427002,
      -2.8365209102630615,
      -2.213895559310913,
      -0.27765369415283203,
      2.8923141956329346,
      4.514631271362305,
      4.815424919128418,
      4.827588081359863,
      4.528529167175293,
      4.20022439956665,
      3.901860475540161,
      3.645502805709839,
      3.442406415939331,
      3.29506778717041,
      -4.494065284729004,
      -4.089582443237305,
      -3.779466390609741,
      -3.560774087905884,
      -3.410773515701294,
      -3.3052797317504883,
      -3.223592758178711,
      -3.1486175060272217,
      -3.065452814102173,
      -2.954554319381714,
      -2.750563859939575,
      -2.1176655292510986,
      -0.1196153461933136,
      3.0694081783294678,
      4.609291076660156,
      4.895051002502441,
      4.866002082824707,
      4.540936470031738,
      4.202066421508789,
      3.8968024253845215,
      3.635193109512329,
      3.4283697605133057,
      3.2785449028015137,
      -4.363437652587891,
      -3.9781248569488525,
      -3.6934192180633545,
      -3.4982731342315674,
      -3.3681137561798096,
      -3.279189109802246,
      -3.211487293243408,
      -3.1483571529388428,
      -3.0753228664398193,
      -2.97463321685791,
      -2.791408061981201,
      -2.239760160446167,
      -0.4135504961013794,
      2.761888265609741,
      4.513525009155273,
      4.839175224304199,
      4.889766693115234,
      4.5854949951171875,
      4.24349308013916,
      3.9311013221740723
    ],