{
  "run_name": "ppo_swing_growth_e_1p000_seed_4_alpha_0p010_ztol_0p000_wc_1p000_beta_0p050",
  "controller": "ppo",
  "controller_family": "rl",
  "seed": 4,
  "timesteps": 500000,
  "reward_variant": "swing_growth",
  "collision_restitution": 1.0,
  "collision_reward_weight": 1.0,
  "z_position_penalty_weight": 0.01,
  "z_position_tolerance": 0.0,
  "swing_growth_reward_weight": 0.05,
  "model_path": "/Users/ahmadataka/Documents/Bitbucket - Ataka/latto_latto_control/models/restitution_sweep/ppo_swing_growth_e_1p000_seed_4_alpha_0p010_ztol_0p000_wc_1p000_beta_0p050.zip",
  "evaluation": {
    "reward_sum": 6.573037648350692,
    "alternating_collisions": 6,
    "longest_alternating_streak": 6,
    "total_collisions": 8,
    "time_to_first_alternating_collision": 1.0000000000000004,
    "mean_abs_z": 0.20806279639946296,
    "max_abs_z": 0.35129377245903015,
    "mean_collision_energy_loss": 0.0,
    "time": [
      0.0,
      0.02,
      0.04,
      0.06,
      0.08,
      0.1,
      0.12000000000000001,
      0.14,
      0.16,
      0.18,
      0.19999999999999998,
      0.21999999999999997,
      0.23999999999999996,
      0.25999999999999995,
      0.27999999999999997,
      0.3,
      0.32,
      0.34,
      0.36000000000000004,
      0.38000000000000006,
      0.4000000000000001,
      0.4200000000000001,
      0.4400000000000001,
      0.46000000000000013,
      0.48000000000000015,
      0.5000000000000001,
      0.5200000000000001,
      0.5400000000000001,
      0.5600000000000002,
      0.5800000000000002,
      0.6000000000000002,
      0.6200000000000002,
      0.6400000000000002,
      0.6600000000000003,
      0.6800000000000003,
      0.7000000000000003,
      0.7200000000000003,
      0.7400000000000003,
      0.7600000000000003,
      0.7800000000000004,
      0.8000000000000004,
      0.8200000000000004,
      0.8400000000000004,
      0.8600000000000004,
      0.8800000000000004,
      0.9000000000000005,
      0.9200000000000005,
      0.9400000000000005,
      0.9600000000000005,
      0.9800000000000005,
      1.0000000000000004,
      1.0200000000000005,
      1.0400000000000005,
      1.0600000000000005,
      1.0800000000000005,
      1.1000000000000005,
      1.1200000000000006,
      1.1400000000000006,
      1.1600000000000006,
      1.1800000000000006,
      1.2000000000000006,
      1.2200000000000006,
      1.2400000000000007,
      1.2600000000000007,
      1.2800000000000007,
      1.3000000000000007,
      1.3200000000000007,
      1.3400000000000007,
      1.3600000000000008,
      1.3800000000000008,
      1.4000000000000008,
      1.4200000000000008,
      1.4400000000000008,
      1.4600000000000009,
      1.4800000000000009,
      1.5000000000000009,
      1.520000000000001,
      1.540000000000001,
      1.560000000000001,
      1.580000000000001,
      1.600000000000001,
      1.620000000000001,
      1.640000000000001,
      1.660000000000001,
      1.680000000000001,
      1.700000000000001,
      1.720000000000001,
      1.740000000000001,
      1.7600000000000011,
      1.7800000000000011,
      1.8000000000000012,
      1.8200000000000012,
      1.8400000000000012,
      1.8600000000000012,
      1.8800000000000012,
      1.9000000000000012,
      1.9200000000000013,
      1.9400000000000013,
      1.9600000000000013,
      1.9800000000000013
    ],
    "action": [
      5.865046977996826,
      7.033932209014893,
      7.198122978210449,
      7.08342981338501,
      6.880103588104248,
      6.643041610717773,
      6.394779682159424,
      6.144129276275635,
      5.8919997215271,
      -8.721625328063965,
      -8.751688957214355,
      -8.757987022399902,
      -8.734814643859863,
      -8.677718162536621,
      -8.578949928283691,
      -8.421732902526855,
      -8.174027442932129,
      -7.784660816192627,
      -7.193509101867676,
      -6.366066932678223,
      -5.319169521331787,
      -4.087843418121338,
      -2.6634490489959717,
      -0.9519457817077637,
      1.2038768529891968,
      3.7950265407562256,
      6.206046104431152,
      7.509103775024414,
      7.877959251403809,
      7.911322116851807,
      7.798178195953369,
      7.62800931930542,
      7.454016208648682,
      7.244412422180176,
      6.983232021331787,
      6.680230140686035,
      6.339667797088623,
      5.958171367645264,
      5.532467842102051,
      5.066699504852295,
      -5.659555435180664,
      -6.000870704650879,
      -6.627789497375488,
      -7.333291053771973,
      -7.771963596343994,
      -7.929690837860107,
      -7.921761989593506,
      -7.782037258148193,
      -7.4880547523498535,
      -7.027317523956299,
      -6.445495128631592,
      7.177066802978516,
      7.057385444641113,
      6.872713565826416,
      6.615504741668701,
      6.2790913581848145,
      5.853767395019531,
      5.328082084655762,
      4.695176601409912,
      3.994755983352661,
      3.346205472946167,
      -4.12699556350708,
      -4.256598949432373,
      -4.61471700668335,
      -5.35044002532959,
      -6.545834064483643,
      -7.329466819763184,
      -7.54821252822876,
      -7.479464054107666,
      -7.178063869476318,
      6.523639678955078,
      6.3246026039123535,
      6.022919654846191,
      5.602776050567627,
      5.052453994750977,
      4.37267541885376,
      3.6281800270080566,
      2.9567062854766846,
      -3.6333889961242676,
      -3.6413137912750244,
      -3.8581440448760986,
      -4.421115398406982,
      -5.571888446807861,
      -6.810311794281006,
      -7.261936664581299,
      -7.2472429275512695,
      6.156978607177734,
      5.898007869720459,
      5.5081610679626465,
      4.975884437561035,
      4.307335376739502,
      3.5657567977905273,
      2.8829751014709473,
      2.3488056659698486,
      -3.426391124725342,
      -3.3843138217926025,
      -3.5244390964508057,
      -3.984133005142212,
      -5.050495624542236,
      -6.451873302459717
    ],