{
  "run_name": "ppo_swing_growth_e_1p000_seed_0_alpha_0p010_ztol_0p000_wc_1p000_beta_0p050",
  "controller": "ppo",
  "controller_family": "rl",
  "seed": 0,
  "timesteps": 500000,
  "reward_variant": "swing_growth",
  "collision_restitution": 1.0,
  "collision_reward_weight": 1.0,
  "z_position_penalty_weight": 0.01,
  "z_position_tolerance": 0.0,
  "swing_growth_reward_weight": 0.05,
  "model_path": "/Users/ahmadataka/Documents/Bitbucket - Ataka/latto_latto_control/models/restitution_sweep/ppo_swing_growth_e_1p000_seed_0_alpha_0p010_ztol_0p000_wc_1p000_beta_0p050.zip",
  "evaluation": {
    "reward_sum": 0.2370813086072303,
    "alternating_collisions": 0,
    "longest_alternating_streak": 0,
    "total_collisions": 4,
    "time_to_first_alternating_collision": null,
    "mean_abs_z": 0.05943924346647691,
    "max_abs_z": 0.09652332216501236,
    "mean_collision_energy_loss": 0.0,
    "time": [
      0.0,
      0.02,
      0.04,
      0.06,
      0.08,
      0.1,
      0.12000000000000001,
      0.14,
      0.16,
      0.18,
      0.19999999999999998,
      0.21999999999999997,
      0.23999999999999996,
      0.25999999999999995,
      0.27999999999999997,
      0.3,
      0.32,
      0.34,
      0.36000000000000004,
      0.38000000000000006,
      0.4000000000000001,
      0.4200000000000001,
      0.4400000000000001,
      0.46000000000000013,
      0.48000000000000015,
      0.5000000000000001,
      0.5200000000000001,
      0.5400000000000001,
      0.5600000000000002,
      0.5800000000000002,
      0.6000000000000002,
      0.6200000000000002,
      0.6400000000000002,
      0.6600000000000003,
      0.6800000000000003,
      0.7000000000000003,
      0.7200000000000003,
      0.7400000000000003,
      0.7600000000000003,
      0.7800000000000004,
      0.8000000000000004,
      0.8200000000000004,
      0.8400000000000004,
      0.8600000000000004,
      0.8800000000000004,
      0.9000000000000005,
      0.9200000000000005,
      0.9400000000000005,
      0.9600000000000005,
      0.9800000000000005,
      1.0000000000000004,
      1.0200000000000005,
      1.0400000000000005,
      1.0600000000000005,
      1.0800000000000005,
      1.1000000000000005,
      1.1200000000000006,
      1.1400000000000006,
      1.1600000000000006,
      1.1800000000000006,
      1.2000000000000006,
      1.2200000000000006,
      1.2400000000000007,
      1.2600000000000007,
      1.2800000000000007,
      1.3000000000000007,
      1.3200000000000007,
      1.3400000000000007,
      1.3600000000000008,
      1.3800000000000008,
      1.4000000000000008,
      1.4200000000000008,
      1.4400000000000008,
      1.4600000000000009,
      1.4800000000000009,
      1.5000000000000009,
      1.520000000000001,
      1.540000000000001,
      1.560000000000001,
      1.580000000000001,
      1.600000000000001,
      1.620000000000001,
      1.640000000000001,
      1.660000000000001,
      1.680000000000001,
      1.700000000000001,
      1.720000000000001,
      1.740000000000001,
      1.7600000000000011,
      1.7800000000000011,
      1.8000000000000012,
      1.8200000000000012,
      1.8400000000000012,
      1.8600000000000012,
      1.8800000000000012,
      1.9000000000000012,
      1.9200000000000013,
      1.9400000000000013,
      1.9600000000000013,
      1.9800000000000013
    ],
    "action": [
      2.0050978660583496,
      1.6942672729492188,
      1.4166464805603027,
      1.2616409063339233,
      1.1697866916656494,
      1.1067659854888916,
      1.057645320892334,
      1.0147109031677246,
      0.9724579453468323,
      0.9253067374229431,
      0.865894079208374,
      -3.206634044647217,
      -3.0844082832336426,
      -2.9712328910827637,
      -2.854609727859497,
      -2.712350368499756,
      -2.4983677864074707,
      -2.1117103099823,
      -1.3681142330169678,
      -0.15688364207744598,
      1.1422122716903687,
      2.0446128845214844,
      2.4103636741638184,
      2.225917339324951,
      1.784117579460144,
      1.4756431579589844,
      1.3108718395233154,
      1.2132664918899536,
      1.1468000411987305,
      1.096053957939148,
      1.0530052185058594,
      1.0120112895965576,
      0.9675657153129578,
      0.9125804305076599,
      -3.174654722213745,
      -3.056924819946289,
      -2.947503089904785,
      -2.833679437637329,
      -2.693049192428589,
      -2.47824764251709,
      -2.083621025085449,
      -1.3161267042160034,
      -0.07580821216106415,
      1.2177741527557373,
      2.094919204711914,
      2.4460840225219727,
      2.2576000690460205,
      1.8017432689666748,
      1.4806294441223145,
      1.3116509914398193,
      1.2132762670516968,
      1.1474246978759766,
      1.0981391668319702,
      1.0573283433914185,
      1.0195046663284302,
      0.9795611500740051,
      0.9312025904655457,
      -3.156036376953125,
      -3.0420756340026855,
      -2.9361958503723145,
      -2.8259572982788086,
      -2.6895503997802734,
      -2.4802772998809814,
      -2.092076539993286,
      -1.3271037340164185,
      -0.07774518430233002,
      1.2256863117218018,
      2.1049768924713135,
      2.4644312858581543,
      2.2893178462982178,
      1.8250501155853271,
      1.4881939888000488,
      1.31299889087677,
      1.2129178047180176,
      1.147109866142273,
      1.0988126993179321,
      1.0597562789916992,
      1.0245269536972046,
      0.9883183836936951,
      0.9454932808876038,
      -3.137328624725342,
      -3.027036666870117,
      -2.924588441848755,
      -2.817891836166382,
      -2.6858582496643066,
      -2.4828362464904785,
      -2.1034369468688965,
      -1.3466081619262695,
      -0.09377507865428925,
      1.221470594406128,
      2.107696533203125,
      2.479292869567871,
      2.321988582611084,
      1.852454662322998,
      1.4982397556304932,
      1.3155325651168823,
      1.2130706310272217,
      1.1468448638916016,
      1.0991263389587402,
      1.0613933801651
    ],