{
  "run_name": "ppo_swing_growth_e_0p900_seed_4_alpha_0p010_ztol_0p000_wc_1p000_beta_0p050",
  "controller": "ppo",
  "controller_family": "rl",
  "seed": 4,
  "timesteps": 500000,
  "reward_variant": "swing_growth",
  "collision_restitution": 0.9,
  "collision_reward_weight": 1.0,
  "z_position_penalty_weight": 0.01,
  "z_position_tolerance": 0.0,
  "swing_growth_reward_weight": 0.05,
  "model_path": "/Users/ahmadataka/Documents/Bitbucket - Ataka/latto_latto_control/models/restitution_sweep/ppo_swing_growth_e_0p900_seed_4_alpha_0p010_ztol_0p000_wc_1p000_beta_0p050.zip",
  "evaluation": {
    "reward_sum": 4.910066895732598,
    "alternating_collisions": 6,
    "longest_alternating_streak": 6,
    "total_collisions": 8,
    "time_to_first_alternating_collision": 1.1200000000000006,
    "mean_abs_z": 0.9985049482248723,
    "max_abs_z": 2.4969894886016846,
    "mean_collision_energy_loss": 35.68869972229004,
    "time": [
      0.0,
      0.02,
      0.04,
      0.06,
      0.08,
      0.1,
      0.12000000000000001,
      0.14,
      0.16,
      0.18,
      0.19999999999999998,
      0.21999999999999997,
      0.23999999999999996,
      0.25999999999999995,
      0.27999999999999997,
      0.3,
      0.32,
      0.34,
      0.36000000000000004,
      0.38000000000000006,
      0.4000000000000001,
      0.4200000000000001,
      0.4400000000000001,
      0.46000000000000013,
      0.48000000000000015,
      0.5000000000000001,
      0.5200000000000001,
      0.5400000000000001,
      0.5600000000000002,
      0.5800000000000002,
      0.6000000000000002,
      0.6200000000000002,
      0.6400000000000002,
      0.6600000000000003,
      0.6800000000000003,
      0.7000000000000003,
      0.7200000000000003,
      0.7400000000000003,
      0.7600000000000003,
      0.7800000000000004,
      0.8000000000000004,
      0.8200000000000004,
      0.8400000000000004,
      0.8600000000000004,
      0.8800000000000004,
      0.9000000000000005,
      0.9200000000000005,
      0.9400000000000005,
      0.9600000000000005,
      0.9800000000000005,
      1.0000000000000004,
      1.0200000000000005,
      1.0400000000000005,
      1.0600000000000005,
      1.0800000000000005,
      1.1000000000000005,
      1.1200000000000006,
      1.1400000000000006,
      1.1600000000000006,
      1.1800000000000006,
      1.2000000000000006,
      1.2200000000000006,
      1.2400000000000007,
      1.2600000000000007,
      1.2800000000000007,
      1.3000000000000007,
      1.3200000000000007,
      1.3400000000000007,
      1.3600000000000008,
      1.3800000000000008,
      1.4000000000000008,
      1.4200000000000008,
      1.4400000000000008,
      1.4600000000000009,
      1.4800000000000009,
      1.5000000000000009,
      1.520000000000001,
      1.540000000000001,
      1.560000000000001,
      1.580000000000001,
      1.600000000000001,
      1.620000000000001,
      1.640000000000001,
      1.660000000000001,
      1.680000000000001,
      1.700000000000001,
      1.720000000000001,
      1.740000000000001,
      1.7600000000000011,
      1.7800000000000011,
      1.8000000000000012,
      1.8200000000000012,
      1.8400000000000012,
      1.8600000000000012,
      1.8800000000000012,
      1.9000000000000012,
      1.9200000000000013,
      1.9400000000000013,
      1.9600000000000013,
      1.9800000000000013
    ],
    "action": [
      10.0,
      10.0,
      10.0,
      10.0,
      10.0,
      10.0,
      10.0,
      9.988712310791016,
      -10.0,
      -10.0,
      -10.0,
      -10.0,
      -10.0,
      -10.0,
      -10.0,
      -10.0,
      -10.0,
      -10.0,
      -10.0,
      -9.405669212341309,
      -6.078063488006592,
      -2.544997215270996,
      -0.042838431894779205,
      2.0114705562591553,
      4.047364234924316,
      5.998866558074951,
      7.6304030418396,
      8.82886791229248,
      9.63192081451416,
      10.0,
      10.0,
      10.0,
      10.0,
      9.932246208190918,
      9.93326187133789,
      9.941471099853516,
      9.931342124938965,
      9.888931274414062,
      9.804312705993652,
      9.673754692077637,
      9.500916481018066,
      9.291117668151855,
      9.042386054992676,
      8.742314338684082,
      8.365835189819336,
      7.861622333526611,
      7.1644816398620605,
      -10.0,
      -10.0,
      -10.0,
      -10.0,
      -10.0,
      -10.0,
      -10.0,
      -10.0,
      -10.0,
      -10.0,
      8.3902006149292,
      8.431910514831543,
      8.401400566101074,
      8.315604209899902,
      8.1908597946167,
      8.048693656921387,
      7.9068732261657715,
      7.742241382598877,
      7.449917316436768,
      -10.0,
      -10.0,
      -10.0,
      -10.0,
      -10.0,
      -10.0,
      -10.0,
      -10.0,
      7.646519184112549,
      7.689327716827393,
      7.672754287719727,
      7.610475540161133,
      7.529309272766113,
      7.452144145965576,
      7.372949123382568,
      7.227036952972412,
      -10.0,
      -10.0,
      -10.0,
      -10.0,
      -10.0,
      -10.0,
      -10.0,
      -10.0,
      7.190178871154785,
      7.21883487701416,
      7.203248023986816,
      7.159294128417969,
      7.110992908477783,
      7.0766191482543945,
      7.057481288909912,
      7.013092517852783,
      -10.0,
      -10.0
    ],
    "z": [
      0.003999999724328518,
      0.011999999172985554,
      0.023999998345971107,
      0.03999999910593033,
      0.059999994933605194,
      0.08399999141693115,
      0.1119999885559082,
      0.143995463848114,
      0.17199094593524933,
      0.19598641991615295,
      0.21598190069198608,
      0.23197737336158752,
      0.24397285282611847,
      0.2519683241844177,
      0.2559638023376465,
      0.25595927238464355,
      0.2519547641277313,
      0.2439502477645874,
      0.2319457232952118,
      0.21617893874645233,
      0.19798092544078827,
      0.17876490950584412,
      0.15953177213668823,
      0.14110320806503296,
      0.12429359555244446,
      0.10988353192806244,
      0.09852562844753265,
      0.09069927036762238,
      0.08672568202018738,
      0.08675209432840347,
      0.09077850729227066,
      0.09880492091178894,
      0.11083133518695831,
      0.12683063745498657,
      0.14680325984954834,
      0.17075246572494507,
      0.19867420196533203,
      0.23055151104927063,
      0.26635053753852844,
      0.3060190677642822,
      0.34948796033859253,
      0.396673321723938,
      0.4474756121635437,
      0.5017748475074768,
      0.5594204068183899,
      0.6202106475830078,
      0.6838666200637817,
      0.7435226440429688,
      0.7991786599159241,
      0.8508346676826477,
      0.8984906673431396,
      0.9421466588973999,
      0.9818026423454285,
      1.0174586772918701,
      1.04911470413208,
      1.0767706632614136,
      1.1004266738891602,
      1.1274387836456299,
      1.1578236818313599,
      1.1915690898895264,
      1.2286406755447388,
      1.2689886093139648,
      1.3125560283660889,
      1.3592861890792847,
      1.4091132879257202,
      1.4619203805923462,
      1.5107274055480957,
      1.5555344820022583,
      1.596341609954834,
      1.6331486701965332,
      1.6659557819366455,
      1.6947628259658813,
      1.7195699214935303,
      1.7403769493103027,
      1.7642426490783691,
      1.7911840677261353,
      1.8211945295333862,
      1.8542492389678955,
      1.8903156518936157,
      1.9293628931045532,
      1.971359372138977,
      2.0162465572357178,
      2.057133913040161,
      2.0940210819244385,
      2.126908302307129,
      2.1557955741882324,
      2.180682897567749,
      2.2015702724456787,
      2.2184574604034424,
      2.231344699859619,
      2.247107982635498,
      2.265758752822876,
      2.2872908115386963,
      2.3116867542266846,
      2.3389270305633545,
      2.3689980506896973,
      2.4018919467926025,
      2.437591075897217,
      2.469290256500244,
      2.4969894886016846
    ],