{
  "run_name": "ppo_swing_growth_e_0p900_seed_3_alpha_0p010_ztol_0p000_wc_1p000_beta_0p050",
  "controller": "ppo",
  "controller_family": "rl",
  "seed": 3,
  "timesteps": 500000,
  "reward_variant": "swing_growth",
  "collision_restitution": 0.9,
  "collision_reward_weight": 1.0,
  "z_position_penalty_weight": 0.01,
  "z_position_tolerance": 0.0,
  "swing_growth_reward_weight": 0.05,
  "model_path": "/Users/ahmadataka/Documents/Bitbucket - Ataka/latto_latto_control/models/restitution_sweep/ppo_swing_growth_e_0p900_seed_3_alpha_0p010_ztol_0p000_wc_1p000_beta_0p050.zip",
  "evaluation": {
    "reward_sum": 7.09098446193093,
    "alternating_collisions": 7,
    "longest_alternating_streak": 7,
    "total_collisions": 9,
    "time_to_first_alternating_collision": 0.9400000000000005,
    "mean_abs_z": 0.6217998187802732,
    "max_abs_z": 1.2464293241500854,
    "mean_collision_energy_loss": 31.848998175726997,
    "time": [
      0.0,
      0.02,
      0.04,
      0.06,
      0.08,
      0.1,
      0.12000000000000001,
      0.14,
      0.16,
      0.18,
      0.19999999999999998,
      0.21999999999999997,
      0.23999999999999996,
      0.25999999999999995,
      0.27999999999999997,
      0.3,
      0.32,
      0.34,
      0.36000000000000004,
      0.38000000000000006,
      0.4000000000000001,
      0.4200000000000001,
      0.4400000000000001,
      0.46000000000000013,
      0.48000000000000015,
      0.5000000000000001,
      0.5200000000000001,
      0.5400000000000001,
      0.5600000000000002,
      0.5800000000000002,
      0.6000000000000002,
      0.6200000000000002,
      0.6400000000000002,
      0.6600000000000003,
      0.6800000000000003,
      0.7000000000000003,
      0.7200000000000003,
      0.7400000000000003,
      0.7600000000000003,
      0.7800000000000004,
      0.8000000000000004,
      0.8200000000000004,
      0.8400000000000004,
      0.8600000000000004,
      0.8800000000000004,
      0.9000000000000005,
      0.9200000000000005,
      0.9400000000000005,
      0.9600000000000005,
      0.9800000000000005,
      1.0000000000000004,
      1.0200000000000005,
      1.0400000000000005,
      1.0600000000000005,
      1.0800000000000005,
      1.1000000000000005,
      1.1200000000000006,
      1.1400000000000006,
      1.1600000000000006,
      1.1800000000000006,
      1.2000000000000006,
      1.2200000000000006,
      1.2400000000000007,
      1.2600000000000007,
      1.2800000000000007,
      1.3000000000000007,
      1.3200000000000007,
      1.3400000000000007,
      1.3600000000000008,
      1.3800000000000008,
      1.4000000000000008,
      1.4200000000000008,
      1.4400000000000008,
      1.4600000000000009,
      1.4800000000000009,
      1.5000000000000009,
      1.520000000000001,
      1.540000000000001,
      1.560000000000001,
      1.580000000000001,
      1.600000000000001,
      1.620000000000001,
      1.640000000000001,
      1.660000000000001,
      1.680000000000001,
      1.700000000000001,
      1.720000000000001,
      1.740000000000001,
      1.7600000000000011,
      1.7800000000000011,
      1.8000000000000012,
      1.8200000000000012,
      1.8400000000000012,
      1.8600000000000012,
      1.8800000000000012,
      1.9000000000000012,
      1.9200000000000013,
      1.9400000000000013,
      1.9600000000000013,
      1.9800000000000013
    ],
    "action": [
      9.492761611938477,
      10.0,
      10.0,
      10.0,
      9.556561470031738,
      8.917885780334473,
      8.22307300567627,
      7.532749652862549,
      -9.543390274047852,
      -9.53797721862793,
      -9.517741203308105,
      -9.47311019897461,
      -9.397058486938477,
      -9.286662101745605,
      -9.131311416625977,
      -8.892745018005371,
      -8.482425689697266,
      -7.748175144195557,
      -6.549561500549316,
      -4.9196319580078125,
      -3.0172064304351807,
      -0.6357419490814209,
      2.551123857498169,
      5.838787078857422,
      8.485008239746094,
      9.865633964538574,
      10.0,
      10.0,
      10.0,
      10.0,
      10.0,
      9.675390243530273,
      9.053102493286133,
      8.3883056640625,
      7.7837233543396,
      7.238164901733398,
      6.719936370849609,
      -9.423559188842773,
      -9.363317489624023,
      -9.267402648925781,
      -9.137150764465332,
      -8.993246078491211,
      -8.852385520935059,
      -8.71475601196289,
      -8.566047668457031,
      -8.371369361877441,
      -8.088652610778809,
      -7.658449649810791,
      10.0,
      10.0,
      10.0,
      9.796540260314941,
      9.21727180480957,
      8.47413444519043,
      7.763858318328857,
      7.154575347900391,
      6.632199764251709,
      6.178606986999512,
      -9.419012069702148,
      -9.321693420410156,
      -9.178874969482422,
      -9.02288818359375,
      -8.88128662109375,
      -8.750076293945312,
      -8.619842529296875,
      -8.465963363647461,
      -8.252336502075195,
      10.0,
      9.699790954589844,
      9.169742584228516,
      8.430502891540527,
      7.661630153656006,
      7.005370616912842,
      6.46791934967041,
      6.027181625366211,
      -9.437966346740723,
      -9.32502269744873,
      -9.172504425048828,
      -9.028528213500977,
      -8.90602970123291,
      -8.786773681640625,
      -8.659082412719727,
      -8.495635986328125,
      9.75521469116211,
      9.357673645019531,
      8.746694564819336,
      7.955216884613037,
      7.187455654144287,
      6.565373420715332,
      6.076653003692627,
      5.685878753662109,
      -9.455299377441406,
      -9.338630676269531,
      -9.188929557800293,
      -9.057659149169922,
      -8.947628021240234,
      -8.833768844604492,
      -8.705050468444824,
      -8.536088943481445,
      9.633008003234863
    ],