{
  "run_name": "ppo_z_penalty_e_0p800_seed_1_alpha_0p010_ztol_0p000_wc_1p000_beta_0p000",
  "controller": "ppo",
  "controller_family": "rl",
  "seed": 1,
  "timesteps": 500000,
  "reward_variant": "z_penalty",
  "collision_restitution": 0.8,
  "collision_reward_weight": 1.0,
  "z_position_penalty_weight": 0.01,
  "z_position_tolerance": 0.0,
  "swing_growth_reward_weight": 0.05,
  "model_path": "/Users/ahmadataka/Documents/Bitbucket - Ataka/latto_latto_control/models/restitution_sweep/ppo_z_penalty_e_0p800_seed_1_alpha_0p010_ztol_0p000_wc_1p000_beta_0p000.zip",
  "evaluation": {
    "reward_sum": -0.011418451628002146,
    "alternating_collisions": 0,
    "longest_alternating_streak": 0,
    "total_collisions": 5,
    "time_to_first_alternating_collision": null,
    "mean_abs_z": 0.0886679500140599,
    "max_abs_z": 0.16527172923088074,
    "mean_collision_energy_loss": 4.377039098739624,
    "time": [
      0.0,
      0.02,
      0.04,
      0.06,
      0.08,
      0.1,
      0.12000000000000001,
      0.14,
      0.16,
      0.18,
      0.19999999999999998,
      0.21999999999999997,
      0.23999999999999996,
      0.25999999999999995,
      0.27999999999999997,
      0.3,
      0.32,
      0.34,
      0.36000000000000004,
      0.38000000000000006,
      0.4000000000000001,
      0.4200000000000001,
      0.4400000000000001,
      0.46000000000000013,
      0.48000000000000015,
      0.5000000000000001,
      0.5200000000000001,
      0.5400000000000001,
      0.5600000000000002,
      0.5800000000000002,
      0.6000000000000002,
      0.6200000000000002,
      0.6400000000000002,
      0.6600000000000003,
      0.6800000000000003,
      0.7000000000000003,
      0.7200000000000003,
      0.7400000000000003,
      0.7600000000000003,
      0.7800000000000004,
      0.8000000000000004,
      0.8200000000000004,
      0.8400000000000004,
      0.8600000000000004,
      0.8800000000000004,
      0.9000000000000005,
      0.9200000000000005,
      0.9400000000000005,
      0.9600000000000005,
      0.9800000000000005,
      1.0000000000000004,
      1.0200000000000005,
      1.0400000000000005,
      1.0600000000000005,
      1.0800000000000005,
      1.1000000000000005,
      1.1200000000000006,
      1.1400000000000006,
      1.1600000000000006,
      1.1800000000000006,
      1.2000000000000006,
      1.2200000000000006,
      1.2400000000000007,
      1.2600000000000007,
      1.2800000000000007,
      1.3000000000000007,
      1.3200000000000007,
      1.3400000000000007,
      1.3600000000000008,
      1.3800000000000008,
      1.4000000000000008,
      1.4200000000000008,
      1.4400000000000008,
      1.4600000000000009,
      1.4800000000000009,
      1.5000000000000009,
      1.520000000000001,
      1.540000000000001,
      1.560000000000001,
      1.580000000000001,
      1.600000000000001,
      1.620000000000001,
      1.640000000000001,
      1.660000000000001,
      1.680000000000001,
      1.700000000000001,
      1.720000000000001,
      1.740000000000001,
      1.7600000000000011,
      1.7800000000000011,
      1.8000000000000012,
      1.8200000000000012,
      1.8400000000000012,
      1.8600000000000012,
      1.8800000000000012,
      1.9000000000000012,
      1.9200000000000013,
      1.9400000000000013,
      1.9600000000000013,
      1.9800000000000013
    ],
    "action": [
      -0.6659037470817566,
      -0.44001996517181396,
      -0.255425363779068,
      -0.06309392303228378,
      0.15193849802017212,
      0.38638603687286377,
      0.6322646141052246,
      0.8802919387817383,
      1.1227154731750488,
      1.3553576469421387,
      1.5770657062530518,
      1.7880032062530518,
      -1.9012811183929443,
      -2.0544416904449463,
      -2.179407835006714,
      -2.26719331741333,
      -2.3060052394866943,
      -2.281064748764038,
      -2.173506498336792,
      -1.9609205722808838,
      -1.6278833150863647,
      -1.1945521831512451,
      -0.7372789978981018,
      -0.34569329023361206,
      -0.05907077342271805,
      0.13978642225265503,
      0.2991974949836731,
      0.4643297791481018,
      0.652012050151825,
      0.8565768003463745,
      1.06717848777771,
      1.2761609554290771,
      1.479614019393921,
      1.6758525371551514,
      1.8640990257263184,
      -1.2772818803787231,
      -1.3740057945251465,
      -1.4240208864212036,
      -1.4149720668792725,
      -1.3315412998199463,
      -1.1586792469024658,
      -0.8902680277824402,
      -0.5439079999923706,
      -0.16865181922912598,
      0.17555344104766846,
      0.4511898159980774,
      0.6520438194274902,
      0.7943639755249023,
      0.9082046151161194,
      1.0235549211502075,
      1.1554844379425049,
      1.3037418127059937,
      1.4618645906448364,
      1.6235038042068481,
      1.784074306488037,
      1.9403388500213623,
      2.089503049850464,
      -0.5622149109840393,
      -0.6199544668197632,
      -0.6259512901306152,
      -0.573826253414154,
      -0.45888015627861023,
      -0.28245827555656433,
      -0.05711956322193146,
      0.19147330522537231,
      0.4310092031955719,
      0.6351737380027771,
      0.7925052642822266,
      0.907291829586029,
      0.9958226680755615,
      1.078683853149414,
      1.1709812879562378,
      1.277685523033142,
      1.3962359428405762,
      1.5212244987487793,
      1.6471916437149048,
      1.7693674564361572,
      -0.35291874408721924,
      -0.40536853671073914,
      -0.4181613326072693,
      -0.39002725481987,
      -0.32134535908699036,
      -0.21571671962738037,
      -0.08131439238786697,
      0.06896982342004776,
      0.21961796283721924,
      0.3568054437637329,
      0.4730616807937622,
      0.5694411396980286,
      0.653658926486969,
      0.7352975606918335,
      0.8212186098098755,
      0.9136901497840881,
      1.0111448764801025,
      1.1098833084106445,
      1.2054126262664795,
      1.2930712699890137,
      -0.6688029766082764,
      -0.7206717133522034,
      -0.7456090450286865
    ],