{
  "run_name": "ppo_swing_growth_e_0p950_seed_2_alpha_0p010_ztol_0p000_wc_1p000_beta_0p050",
  "controller": "ppo",
  "controller_family": "rl",
  "seed": 2,
  "timesteps": 500000,
  "reward_variant": "swing_growth",
  "collision_restitution": 0.95,
  "collision_reward_weight": 1.0,
  "z_position_penalty_weight": 0.01,
  "z_position_tolerance": 0.0,
  "swing_growth_reward_weight": 0.05,
  "model_path": "/Users/ahmadataka/Documents/Bitbucket - Ataka/latto_latto_control/models/restitution_sweep/ppo_swing_growth_e_0p950_seed_2_alpha_0p010_ztol_0p000_wc_1p000_beta_0p050.zip",
  "evaluation": {
    "reward_sum": 6.581089003570769,
    "alternating_collisions": 6,
    "longest_alternating_streak": 6,
    "total_collisions": 8,
    "time_to_first_alternating_collision": 0.9800000000000005,
    "mean_abs_z": 0.08556223832769319,
    "max_abs_z": 0.1751447319984436,
    "mean_collision_energy_loss": 14.162265300750732,
    "time": [
      0.0,
      0.02,
      0.04,
      0.06,
      0.08,
      0.1,
      0.12000000000000001,
      0.14,
      0.16,
      0.18,
      0.19999999999999998,
      0.21999999999999997,
      0.23999999999999996,
      0.25999999999999995,
      0.27999999999999997,
      0.3,
      0.32,
      0.34,
      0.36000000000000004,
      0.38000000000000006,
      0.4000000000000001,
      0.4200000000000001,
      0.4400000000000001,
      0.46000000000000013,
      0.48000000000000015,
      0.5000000000000001,
      0.5200000000000001,
      0.5400000000000001,
      0.5600000000000002,
      0.5800000000000002,
      0.6000000000000002,
      0.6200000000000002,
      0.6400000000000002,
      0.6600000000000003,
      0.6800000000000003,
      0.7000000000000003,
      0.7200000000000003,
      0.7400000000000003,
      0.7600000000000003,
      0.7800000000000004,
      0.8000000000000004,
      0.8200000000000004,
      0.8400000000000004,
      0.8600000000000004,
      0.8800000000000004,
      0.9000000000000005,
      0.9200000000000005,
      0.9400000000000005,
      0.9600000000000005,
      0.9800000000000005,
      1.0000000000000004,
      1.0200000000000005,
      1.0400000000000005,
      1.0600000000000005,
      1.0800000000000005,
      1.1000000000000005,
      1.1200000000000006,
      1.1400000000000006,
      1.1600000000000006,
      1.1800000000000006,
      1.2000000000000006,
      1.2200000000000006,
      1.2400000000000007,
      1.2600000000000007,
      1.2800000000000007,
      1.3000000000000007,
      1.3200000000000007,
      1.3400000000000007,
      1.3600000000000008,
      1.3800000000000008,
      1.4000000000000008,
      1.4200000000000008,
      1.4400000000000008,
      1.4600000000000009,
      1.4800000000000009,
      1.5000000000000009,
      1.520000000000001,
      1.540000000000001,
      1.560000000000001,
      1.580000000000001,
      1.600000000000001,
      1.620000000000001,
      1.640000000000001,
      1.660000000000001,
      1.680000000000001,
      1.700000000000001,
      1.720000000000001,
      1.740000000000001,
      1.7600000000000011,
      1.7800000000000011,
      1.8000000000000012,
      1.8200000000000012,
      1.8400000000000012,
      1.8600000000000012,
      1.8800000000000012,
      1.9000000000000012,
      1.9200000000000013,
      1.9400000000000013,
      1.9600000000000013,
      1.9800000000000013
    ],
    "action": [
      7.031825542449951,
      7.182759761810303,
      6.39260196685791,
      6.112281322479248,
      6.115281581878662,
      6.191161155700684,
      6.247121334075928,
      6.263176441192627,
      6.246494770050049,
      -9.643815040588379,
      -9.675597190856934,
      -9.804048538208008,
      -9.916834831237793,
      -9.910099983215332,
      -9.785883903503418,
      -9.577539443969727,
      -9.290575981140137,
      -8.898443222045898,
      -8.331010818481445,
      -7.4362473487854,
      -5.923922061920166,
      -3.4315452575683594,
      0.004327878355979919,
      3.93194580078125,
      7.511386394500732,
      9.279023170471191,
      9.706704139709473,
      9.591401100158691,
      8.927266120910645,
      7.647855758666992,
      6.538919448852539,
      6.042874813079834,
      5.971324443817139,
      6.065616607666016,
      6.172767639160156,
      6.211022853851318,
      6.169025421142578,
      6.0769829750061035,
      -6.25622034072876,
      -6.211061954498291,
      -6.376882553100586,
      -6.85629940032959,
      -7.645699501037598,
      -8.249030113220215,
      -8.562775611877441,
      -8.721182823181152,
      -8.759146690368652,
      -8.676657676696777,
      -8.463994979858398,
      -8.103072166442871,
      7.246647834777832,
      6.8841233253479,
      6.510295391082764,
      6.2978668212890625,
      6.267579078674316,
      6.309088706970215,
      6.313154697418213,
      6.228521823883057,
      6.058933258056641,
      5.847729682922363,
      -4.218668460845947,
      -4.207538604736328,
      -4.356906890869141,
      -4.791764736175537,
      -5.790600776672363,
      -6.849728107452393,
      -7.4877238273620605,
      -7.8575568199157715,
      -8.02820110321045,
      6.156330585479736,
      6.124786376953125,
      6.1601881980896,
      6.237837791442871,
      6.2857208251953125,
      6.242909908294678,
      6.094106674194336,
      5.867242336273193,
      5.631620407104492,
      -4.005157947540283,
      -3.9733376502990723,
      -4.088768005371094,
      -4.452591419219971,
      -5.3765950202941895,
      -6.564726829528809,
      -7.304912090301514,
      -7.7435712814331055,
      -7.964791774749756,
      6.023497581481934,
      6.076798915863037,
      6.167288303375244,
      6.24938440322876,
      6.2568182945251465,
      6.15350341796875,
      5.946928024291992,
      5.691154479980469,
      -3.9018168449401855,
      -3.8653202056884766,
      -3.971330165863037,
      -4.313765048980713,
      -5.208696365356445
    ],