{
  "run_name": "ppo_swing_growth_e_0p950_seed_1_alpha_0p010_ztol_0p000_wc_1p000_beta_0p050",
  "controller": "ppo",
  "controller_family": "rl",
  "seed": 1,
  "timesteps": 500000,
  "reward_variant": "swing_growth",
  "collision_restitution": 0.95,
  "collision_reward_weight": 1.0,
  "z_position_penalty_weight": 0.01,
  "z_position_tolerance": 0.0,
  "swing_growth_reward_weight": 0.05,
  "model_path": "/Users/ahmadataka/Documents/Bitbucket - Ataka/latto_latto_control/models/restitution_sweep/ppo_swing_growth_e_0p950_seed_1_alpha_0p010_ztol_0p000_wc_1p000_beta_0p050.zip",
  "evaluation": {
    "reward_sum": 0.23505516435398477,
    "alternating_collisions": 0,
    "longest_alternating_streak": 0,
    "total_collisions": 4,
    "time_to_first_alternating_collision": null,
    "mean_abs_z": 0.017464696012903003,
    "max_abs_z": 0.046458080410957336,
    "mean_collision_energy_loss": 2.7264904975891113,
    "time": [
      0.0,
      0.02,
      0.04,
      0.06,
      0.08,
      0.1,
      0.12000000000000001,
      0.14,
      0.16,
      0.18,
      0.19999999999999998,
      0.21999999999999997,
      0.23999999999999996,
      0.25999999999999995,
      0.27999999999999997,
      0.3,
      0.32,
      0.34,
      0.36000000000000004,
      0.38000000000000006,
      0.4000000000000001,
      0.4200000000000001,
      0.4400000000000001,
      0.46000000000000013,
      0.48000000000000015,
      0.5000000000000001,
      0.5200000000000001,
      0.5400000000000001,
      0.5600000000000002,
      0.5800000000000002,
      0.6000000000000002,
      0.6200000000000002,
      0.6400000000000002,
      0.6600000000000003,
      0.6800000000000003,
      0.7000000000000003,
      0.7200000000000003,
      0.7400000000000003,
      0.7600000000000003,
      0.7800000000000004,
      0.8000000000000004,
      0.8200000000000004,
      0.8400000000000004,
      0.8600000000000004,
      0.8800000000000004,
      0.9000000000000005,
      0.9200000000000005,
      0.9400000000000005,
      0.9600000000000005,
      0.9800000000000005,
      1.0000000000000004,
      1.0200000000000005,
      1.0400000000000005,
      1.0600000000000005,
      1.0800000000000005,
      1.1000000000000005,
      1.1200000000000006,
      1.1400000000000006,
      1.1600000000000006,
      1.1800000000000006,
      1.2000000000000006,
      1.2200000000000006,
      1.2400000000000007,
      1.2600000000000007,
      1.2800000000000007,
      1.3000000000000007,
      1.3200000000000007,
      1.3400000000000007,
      1.3600000000000008,
      1.3800000000000008,
      1.4000000000000008,
      1.4200000000000008,
      1.4400000000000008,
      1.4600000000000009,
      1.4800000000000009,
      1.5000000000000009,
      1.520000000000001,
      1.540000000000001,
      1.560000000000001,
      1.580000000000001,
      1.600000000000001,
      1.620000000000001,
      1.640000000000001,
      1.660000000000001,
      1.680000000000001,
      1.700000000000001,
      1.720000000000001,
      1.740000000000001,
      1.7600000000000011,
      1.7800000000000011,
      1.8000000000000012,
      1.8200000000000012,
      1.8400000000000012,
      1.8600000000000012,
      1.8800000000000012,
      1.9000000000000012,
      1.9200000000000013,
      1.9400000000000013,
      1.9600000000000013,
      1.9800000000000013
    ],
    "action": [
      1.0583596229553223,
      1.715550422668457,
      2.1187808513641357,
      2.138073682785034,
      1.8242924213409424,
      1.3484058380126953,
      0.9803878664970398,
      0.762348473072052,
      0.6126621961593628,
      0.4901268184185028,
      0.380415678024292,
      -3.737624406814575,
      -3.4667232036590576,
      -3.1691529750823975,
      -2.86499285697937,
      -2.569167375564575,
      -2.285456418991089,
      -2.009061574935913,
      -1.7323050498962402,
      -1.4474711418151855,
      -1.1299195289611816,
      -0.656930685043335,
      0.46999314427375793,
      2.0924313068389893,
      2.714648962020874,
      3.0476229190826416,
      3.17524790763855,
      2.837817907333374,
      2.196284770965576,
      1.5899326801300049,
      1.2200700044631958,
      0.9811239838600159,
      0.800906240940094,
      0.6520724892616272,
      -3.456496000289917,
      -3.144331932067871,
      -2.8315229415893555,
      -2.5360467433929443,
      -2.2626044750213623,
      -2.005807399749756,
      -1.7559889554977417,
      -1.5045218467712402,
      -1.2451694011688232,
      -0.9534494876861572,
      -0.49565884470939636,
      0.665999710559845,
      2.2315104007720947,
      2.806849241256714,
      3.130091905593872,
      3.248586416244507,
      2.896955728530884,
      2.232222318649292,
      1.6110574007034302,
      1.2367454767227173,
      0.9946271777153015,
      0.8118715882301331,
      0.6613355278968811,
      -3.404287576675415,
      -3.091118574142456,
      -2.7831156253814697,
      -2.496185541152954,
      -2.2328546047210693,
      -1.9864652156829834,
      -1.7467896938323975,
      -1.5050241947174072,
      -1.2556257247924805,
      -0.9780645966529846,
      -0.5535960793495178,
      0.5119132399559021,
      2.144047975540161,
      2.764234781265259,
      3.091470241546631,
      3.2609198093414307,
      2.9510340690612793,
      2.3036677837371826,
      1.6529533863067627,
      1.25799560546875,
      1.0078747272491455,
      0.8213346600532532,
      0.6687094569206238,
      -3.3675739765167236,
      -3.0552077293395996,
      -2.752197265625,
      -2.4727742671966553,
      -2.2179815769195557,
      -1.9803791046142578,
      -1.7493889331817627,
      -1.5160274505615234,
      -1.2751946449279785,
      -1.0098079442977905,
      -0.6150522828102112,
      0.35389500856399536,
      2.0377485752105713,
      2.7124643325805664,
      3.0449864864349365,
      3.262744665145874,
      2.9998581409454346,
      2.378499746322632,
      1.7002044916152954,
      1.2814971208572388
    ],