{
  "run_name": "ppo_swing_growth_e_0p950_seed_3_alpha_0p010_ztol_0p000_wc_1p000_beta_0p050",
  "controller": "ppo",
  "controller_family": "rl",
  "seed": 3,
  "timesteps": 500000,
  "reward_variant": "swing_growth",
  "collision_restitution": 0.95,
  "collision_reward_weight": 1.0,
  "z_position_penalty_weight": 0.01,
  "z_position_tolerance": 0.0,
  "swing_growth_reward_weight": 0.05,
  "model_path": "/Users/ahmadataka/Documents/Bitbucket - Ataka/latto_latto_control/models/restitution_sweep/ppo_swing_growth_e_0p950_seed_3_alpha_0p010_ztol_0p000_wc_1p000_beta_0p050.zip",
  "evaluation": {
    "reward_sum": 5.494663561717957,
    "alternating_collisions": 5,
    "longest_alternating_streak": 5,
    "total_collisions": 7,
    "time_to_first_alternating_collision": 1.0600000000000005,
    "mean_abs_z": 0.05698681093519554,
    "max_abs_z": 0.1820128709077835,
    "mean_collision_energy_loss": 10.659502301897321,
    "time": [
      0.0,
      0.02,
      0.04,
      0.06,
      0.08,
      0.1,
      0.12000000000000001,
      0.14,
      0.16,
      0.18,
      0.19999999999999998,
      0.21999999999999997,
      0.23999999999999996,
      0.25999999999999995,
      0.27999999999999997,
      0.3,
      0.32,
      0.34,
      0.36000000000000004,
      0.38000000000000006,
      0.4000000000000001,
      0.4200000000000001,
      0.4400000000000001,
      0.46000000000000013,
      0.48000000000000015,
      0.5000000000000001,
      0.5200000000000001,
      0.5400000000000001,
      0.5600000000000002,
      0.5800000000000002,
      0.6000000000000002,
      0.6200000000000002,
      0.6400000000000002,
      0.6600000000000003,
      0.6800000000000003,
      0.7000000000000003,
      0.7200000000000003,
      0.7400000000000003,
      0.7600000000000003,
      0.7800000000000004,
      0.8000000000000004,
      0.8200000000000004,
      0.8400000000000004,
      0.8600000000000004,
      0.8800000000000004,
      0.9000000000000005,
      0.9200000000000005,
      0.9400000000000005,
      0.9600000000000005,
      0.9800000000000005,
      1.0000000000000004,
      1.0200000000000005,
      1.0400000000000005,
      1.0600000000000005,
      1.0800000000000005,
      1.1000000000000005,
      1.1200000000000006,
      1.1400000000000006,
      1.1600000000000006,
      1.1800000000000006,
      1.2000000000000006,
      1.2200000000000006,
      1.2400000000000007,
      1.2600000000000007,
      1.2800000000000007,
      1.3000000000000007,
      1.3200000000000007,
      1.3400000000000007,
      1.3600000000000008,
      1.3800000000000008,
      1.4000000000000008,
      1.4200000000000008,
      1.4400000000000008,
      1.4600000000000009,
      1.4800000000000009,
      1.5000000000000009,
      1.520000000000001,
      1.540000000000001,
      1.560000000000001,
      1.580000000000001,
      1.600000000000001,
      1.620000000000001,
      1.640000000000001,
      1.660000000000001,
      1.680000000000001,
      1.700000000000001,
      1.720000000000001,
      1.740000000000001,
      1.7600000000000011,
      1.7800000000000011,
      1.8000000000000012,
      1.8200000000000012,
      1.8400000000000012,
      1.8600000000000012,
      1.8800000000000012,
      1.9000000000000012,
      1.9200000000000013,
      1.9400000000000013,
      1.9600000000000013,
      1.9800000000000013
    ],
    "action": [
      2.2290682792663574,
      5.498816967010498,
      6.832675457000732,
      7.167886257171631,
      7.064550399780273,
      6.7597575187683105,
      6.356961727142334,
      5.916522026062012,
      5.4922380447387695,
      -5.5411057472229,
      -5.7792840003967285,
      -6.076545238494873,
      -6.429327487945557,
      -6.818145275115967,
      -7.2048468589782715,
      -7.543652057647705,
      -7.797658443450928,
      -7.933730602264404,
      -7.8840012550354,
      -7.517541408538818,
      -6.759961128234863,
      -5.711340427398682,
      -4.505711078643799,
      -3.2292978763580322,
      -1.9261057376861572,
      -0.5394692420959473,
      1.354357123374939,
      3.4342706203460693,
      4.764172554016113,
      5.6980462074279785,
      6.2014641761779785,
      6.402843475341797,
      6.497436046600342,
      6.565059185028076,
      6.617048740386963,
      6.645729064941406,
      6.6324639320373535,
      6.553230285644531,
      6.396048069000244,
      6.163179874420166,
      -4.337801456451416,
      -4.503360271453857,
      -4.76303243637085,
      -5.145313739776611,
      -5.638439655303955,
      -6.158794403076172,
      -6.585947513580322,
      -6.806993007659912,
      -6.739521026611328,
      -6.414831638336182,
      -5.9760308265686035,
      -5.52435827255249,
      -5.08774995803833,
      -4.6757612228393555,
      5.0750017166137695,
      5.187317848205566,
      5.307745933532715,
      5.438434600830078,
      5.576435565948486,
      5.711012840270996,
      5.831893444061279,
      5.938869953155518,
      6.035266399383545,
      6.110968589782715,
      6.136718273162842,
      6.083460330963135,
      -4.087559700012207,
      -4.214530944824219,
      -4.42254114151001,
      -4.734099864959717,
      -5.111355304718018,
      -5.427269458770752,
      -5.553513526916504,
      -5.464811325073242,
      -5.257902145385742,
      -5.028225421905518,
      5.028404712677002,
      5.186132907867432,
      5.357329845428467,
      5.529447555541992,
      5.686413288116455,
      5.816770076751709,
      5.911182880401611,
      5.952768802642822,
      5.9207563400268555,
      5.803851127624512,
      -4.011114120483398,
      -4.108791828155518,
      -4.277286052703857,
      -4.555678844451904,
      -4.955336093902588,
      -5.389248371124268,
      -5.702695369720459,
      -5.783026218414307,
      -5.630653381347656,
      5.046815395355225,
      5.2312188148498535,
      5.4255547523498535,
      5.604269504547119,
      5.739012241363525
    ],