{
  "run_name": "ppo_z_penalty_e_0p950_seed_1_alpha_0p010_ztol_0p000_wc_1p000_beta_0p000",
  "controller": "ppo",
  "controller_family": "rl",
  "seed": 1,
  "timesteps": 500000,
  "reward_variant": "z_penalty",
  "collision_restitution": 0.95,
  "collision_reward_weight": 1.0,
  "z_position_penalty_weight": 0.01,
  "z_position_tolerance": 0.0,
  "swing_growth_reward_weight": 0.05,
  "model_path": "/Users/ahmadataka/Documents/Bitbucket - Ataka/latto_latto_control/models/restitution_sweep/ppo_z_penalty_e_0p950_seed_1_alpha_0p010_ztol_0p000_wc_1p000_beta_0p000.zip",
  "evaluation": {
    "reward_sum": -0.0001524382855116191,
    "alternating_collisions": 0,
    "longest_alternating_streak": 0,
    "total_collisions": 4,
    "time_to_first_alternating_collision": null,
    "mean_abs_z": 0.010028748814802384,
    "max_abs_z": 0.026789123192429543,
    "mean_collision_energy_loss": 2.1332216262817383,
    "time": [
      0.0,
      0.02,
      0.04,
      0.06,
      0.08,
      0.1,
      0.12000000000000001,
      0.14,
      0.16,
      0.18,
      0.19999999999999998,
      0.21999999999999997,
      0.23999999999999996,
      0.25999999999999995,
      0.27999999999999997,
      0.3,
      0.32,
      0.34,
      0.36000000000000004,
      0.38000000000000006,
      0.4000000000000001,
      0.4200000000000001,
      0.4400000000000001,
      0.46000000000000013,
      0.48000000000000015,
      0.5000000000000001,
      0.5200000000000001,
      0.5400000000000001,
      0.5600000000000002,
      0.5800000000000002,
      0.6000000000000002,
      0.6200000000000002,
      0.6400000000000002,
      0.6600000000000003,
      0.6800000000000003,
      0.7000000000000003,
      0.7200000000000003,
      0.7400000000000003,
      0.7600000000000003,
      0.7800000000000004,
      0.8000000000000004,
      0.8200000000000004,
      0.8400000000000004,
      0.8600000000000004,
      0.8800000000000004,
      0.9000000000000005,
      0.9200000000000005,
      0.9400000000000005,
      0.9600000000000005,
      0.9800000000000005,
      1.0000000000000004,
      1.0200000000000005,
      1.0400000000000005,
      1.0600000000000005,
      1.0800000000000005,
      1.1000000000000005,
      1.1200000000000006,
      1.1400000000000006,
      1.1600000000000006,
      1.1800000000000006,
      1.2000000000000006,
      1.2200000000000006,
      1.2400000000000007,
      1.2600000000000007,
      1.2800000000000007,
      1.3000000000000007,
      1.3200000000000007,
      1.3400000000000007,
      1.3600000000000008,
      1.3800000000000008,
      1.4000000000000008,
      1.4200000000000008,
      1.4400000000000008,
      1.4600000000000009,
      1.4800000000000009,
      1.5000000000000009,
      1.520000000000001,
      1.540000000000001,
      1.560000000000001,
      1.580000000000001,
      1.600000000000001,
      1.620000000000001,
      1.640000000000001,
      1.660000000000001,
      1.680000000000001,
      1.700000000000001,
      1.720000000000001,
      1.740000000000001,
      1.7600000000000011,
      1.7800000000000011,
      1.8000000000000012,
      1.8200000000000012,
      1.8400000000000012,
      1.8600000000000012,
      1.8800000000000012,
      1.9000000000000012,
      1.9200000000000013,
      1.9400000000000013,
      1.9600000000000013,
      1.9800000000000013
    ],
    "action": [
      0.3985045850276947,
      0.7835868000984192,
      0.7565284371376038,
      0.7050225734710693,
      0.7448977828025818,
      0.8147754073143005,
      0.8819193840026855,
      0.9370504021644592,
      0.9778057932853699,
      1.0035077333450317,
      1.0137511491775513,
      -1.8461581468582153,
      -1.8164838552474976,
      -1.7813338041305542,
      -1.7376152276992798,
      -1.681256651878357,
      -1.6067490577697754,
      -1.5065749883651733,
      -1.3702632188796997,
      -1.1821576356887817,
      -0.9142299294471741,
      -0.49732160568237305,
      0.310546338558197,
      1.3404837846755981,
      1.5801719427108765,
      1.4266752004623413,
      1.192834734916687,
      1.105669379234314,
      1.0993493795394897,
      1.115570306777954,
      1.1339436769485474,
      1.146990180015564,
      1.1512620449066162,
      1.144660234451294,
      -1.785316824913025,
      -1.749123454093933,
      -1.705656886100769,
      -1.651545763015747,
      -1.5824147462844849,
      -1.4924794435501099,
      -1.3739839792251587,
      -1.2161458730697632,
      -1.0024975538253784,
      -0.7019299864768982,
      -0.23289838433265686,
      0.6693330407142639,
      1.5338995456695557,
      1.6620358228683472,
      1.4626506567001343,
      1.229613184928894,
      1.1437009572982788,
      1.1309967041015625,
      1.139452576637268,
      1.1504276990890503,
      1.1566627025604248,
      1.1545978784561157,
      1.1419388055801392,
      -1.7805472612380981,
      -1.7422243356704712,
      -1.696306586265564,
      -1.6393285989761353,
      -1.5668364763259888,
      -1.4729855060577393,
      -1.349967122077942,
      -1.186891794204712,
      -0.9668756127357483,
      -0.6571786999702454,
      -0.1708405613899231,
      0.7523995041847229,
      1.5459827184677124,
      1.6417627334594727,
      1.4321105480194092,
      1.2112181186676025,
      1.1309181451797485,
      1.118025541305542,
      1.1246497631072998,
      1.1333204507827759,
      1.1370638608932495,
      1.1323683261871338,
      1.1168997287750244,
      -1.7821704149246216,
      -1.7421084642410278,
      -1.6942614316940308,
      -1.6350752115249634,
      -1.5600261688232422,
      -1.4632235765457153,
      -1.336823582649231,
      -1.1698551177978516,
      -0.9450448155403137,
      -0.6281741857528687,
      -0.1277824193239212,
      0.8051705360412598,
      1.5392274856567383,
      1.6104646921157837,
      1.3958052396774292,
      1.1880024671554565,
      1.1131912469863892,
      1.1004830598831177,
      1.1057212352752686,
      1.1124910116195679
    ],