{
  "run_name": "ppo_z_penalty_e_0p900_seed_2_alpha_0p010_ztol_0p000_wc_1p000_beta_0p000",
  "controller": "ppo",
  "controller_family": "rl",
  "seed": 2,
  "timesteps": 500000,
  "reward_variant": "z_penalty",
  "collision_restitution": 0.9,
  "collision_reward_weight": 1.0,
  "z_position_penalty_weight": 0.01,
  "z_position_tolerance": 0.0,
  "swing_growth_reward_weight": 0.05,
  "model_path": "/Users/ahmadataka/Documents/Bitbucket - Ataka/latto_latto_control/models/restitution_sweep/ppo_z_penalty_e_0p900_seed_2_alpha_0p010_ztol_0p000_wc_1p000_beta_0p000.zip",
  "evaluation": {
    "reward_sum": -0.00038265346241909623,
    "alternating_collisions": 0,
    "longest_alternating_streak": 0,
    "total_collisions": 5,
    "time_to_first_alternating_collision": null,
    "mean_abs_z": 0.01686602884539752,
    "max_abs_z": 0.030122339725494385,
    "mean_collision_energy_loss": 2.041312503814697,
    "time": [
      0.0,
      0.02,
      0.04,
      0.06,
      0.08,
      0.1,
      0.12000000000000001,
      0.14,
      0.16,
      0.18,
      0.19999999999999998,
      0.21999999999999997,
      0.23999999999999996,
      0.25999999999999995,
      0.27999999999999997,
      0.3,
      0.32,
      0.34,
      0.36000000000000004,
      0.38000000000000006,
      0.4000000000000001,
      0.4200000000000001,
      0.4400000000000001,
      0.46000000000000013,
      0.48000000000000015,
      0.5000000000000001,
      0.5200000000000001,
      0.5400000000000001,
      0.5600000000000002,
      0.5800000000000002,
      0.6000000000000002,
      0.6200000000000002,
      0.6400000000000002,
      0.6600000000000003,
      0.6800000000000003,
      0.7000000000000003,
      0.7200000000000003,
      0.7400000000000003,
      0.7600000000000003,
      0.7800000000000004,
      0.8000000000000004,
      0.8200000000000004,
      0.8400000000000004,
      0.8600000000000004,
      0.8800000000000004,
      0.9000000000000005,
      0.9200000000000005,
      0.9400000000000005,
      0.9600000000000005,
      0.9800000000000005,
      1.0000000000000004,
      1.0200000000000005,
      1.0400000000000005,
      1.0600000000000005,
      1.0800000000000005,
      1.1000000000000005,
      1.1200000000000006,
      1.1400000000000006,
      1.1600000000000006,
      1.1800000000000006,
      1.2000000000000006,
      1.2200000000000006,
      1.2400000000000007,
      1.2600000000000007,
      1.2800000000000007,
      1.3000000000000007,
      1.3200000000000007,
      1.3400000000000007,
      1.3600000000000008,
      1.3800000000000008,
      1.4000000000000008,
      1.4200000000000008,
      1.4400000000000008,
      1.4600000000000009,
      1.4800000000000009,
      1.5000000000000009,
      1.520000000000001,
      1.540000000000001,
      1.560000000000001,
      1.580000000000001,
      1.600000000000001,
      1.620000000000001,
      1.640000000000001,
      1.660000000000001,
      1.680000000000001,
      1.700000000000001,
      1.720000000000001,
      1.740000000000001,
      1.7600000000000011,
      1.7800000000000011,
      1.8000000000000012,
      1.8200000000000012,
      1.8400000000000012,
      1.8600000000000012,
      1.8800000000000012,
      1.9000000000000012,
      1.9200000000000013,
      1.9400000000000013,
      1.9600000000000013,
      1.9800000000000013
    ],
    "action": [
      0.5719882249832153,
      0.6761953830718994,
      0.7580916881561279,
      0.675347089767456,
      0.5040367841720581,
      0.2927461266517639,
      0.07445056736469269,
      -0.13155017793178558,
      -0.31669217348098755,
      -0.4789314866065979,
      -0.6194232702255249,
      -0.6131122708320618,
      -0.4076610505580902,
      -0.22095096111297607,
      -0.05546364188194275,
      0.08919241279363632,
      0.2152770608663559,
      0.3258662819862366,
      0.42345502972602844,
      0.5078271627426147,
      0.5750624537467957,
      0.6142091751098633,
      -0.2350517064332962,
      -0.19902324676513672,
      -0.014776400290429592,
      0.03386683762073517,
      -0.004425636492669582,
      -0.09222643822431564,
      -0.2034582495689392,
      -0.3219182789325714,
      -0.4382586181163788,
      -0.547561764717102,
      -0.6475987434387207,
      -0.6660395860671997,
      -0.4750441908836365,
      -0.2987212836742401,
      -0.13947801291942596,
      0.0025229239836335182,
      0.12841036915779114,
      0.23943859338760376,
      0.3357771337032318,
      0.4162868857383728,
      0.4823123514652252,
      0.49674487113952637,
      -0.34444165229797363,
      -0.24860312044620514,
      -0.11632626503705978,
      -0.07590173929929733,
      -0.09662432223558426,
      -0.1544414758682251,
      -0.23235520720481873,
      -0.3189968168735504,
      -0.4070499539375305,
      -0.4920266270637512,
      -0.571336030960083,
      -0.49468526244163513,
      -0.32047906517982483,
      -0.16108965873718262,
      -0.01753624528646469,
      0.11035726219415665,
      0.22311517596244812,
      0.3209843635559082,
      0.4041518568992615,
      0.4753299951553345,
      0.5449222922325134,
      0.47433269023895264,
      -0.2909500002861023,
      -0.23484128713607788,
      -0.14742068946361542,
      -0.11979582160711288,
      -0.13468743860721588,
      -0.17650464177131653,
      -0.23399829864501953,
      -0.2992554306983948,
      -0.36679577827453613,
      -0.4329134523868561,
      -0.35231438279151917,
      -0.19986051321029663,
      -0.061487309634685516,
      0.06230873614549637,
      0.17162315547466278,
      0.26683712005615234,
      0.34890639781951904,
      0.4209705591201782,
      0.4919776916503906,
      0.5642342567443848,
      0.33956730365753174,
      -0.30286675691604614,
      -0.28846174478530884,
      -0.2202790528535843,
      -0.1901288777589798,
      -0.19189321994781494,
      -0.21524986624717712,
      -0.2521289885044098,
      -0.29657500982284546,
      -0.3442259728908539,
      -0.21422332525253296,
      -0.08778533339500427,
      0.02593856304883957,
      0.1269293576478958
    ],