{
  "run_name": "ppo_z_penalty_e_0p800_seed_4_alpha_0p010_ztol_0p000_wc_1p000_beta_0p000",
  "controller": "ppo",
  "controller_family": "rl",
  "seed": 4,
  "timesteps": 500000,
  "reward_variant": "z_penalty",
  "collision_restitution": 0.8,
  "collision_reward_weight": 1.0,
  "z_position_penalty_weight": 0.01,
  "z_position_tolerance": 0.0,
  "swing_growth_reward_weight": 0.05,
  "model_path": "/Users/ahmadataka/Documents/Bitbucket - Ataka/latto_latto_control/models/restitution_sweep/ppo_z_penalty_e_0p800_seed_4_alpha_0p010_ztol_0p000_wc_1p000_beta_0p000.zip",
  "evaluation": {
    "reward_sum": -0.0001788418952805848,
    "alternating_collisions": 0,
    "longest_alternating_streak": 0,
    "total_collisions": 5,
    "time_to_first_alternating_collision": null,
    "mean_abs_z": 0.011561460692901164,
    "max_abs_z": 0.0275901947170496,
    "mean_collision_energy_loss": 2.890973675251007,
    "time": [
      0.0,
      0.02,
      0.04,
      0.06,
      0.08,
      0.1,
      0.12000000000000001,
      0.14,
      0.16,
      0.18,
      0.19999999999999998,
      0.21999999999999997,
      0.23999999999999996,
      0.25999999999999995,
      0.27999999999999997,
      0.3,
      0.32,
      0.34,
      0.36000000000000004,
      0.38000000000000006,
      0.4000000000000001,
      0.4200000000000001,
      0.4400000000000001,
      0.46000000000000013,
      0.48000000000000015,
      0.5000000000000001,
      0.5200000000000001,
      0.5400000000000001,
      0.5600000000000002,
      0.5800000000000002,
      0.6000000000000002,
      0.6200000000000002,
      0.6400000000000002,
      0.6600000000000003,
      0.6800000000000003,
      0.7000000000000003,
      0.7200000000000003,
      0.7400000000000003,
      0.7600000000000003,
      0.7800000000000004,
      0.8000000000000004,
      0.8200000000000004,
      0.8400000000000004,
      0.8600000000000004,
      0.8800000000000004,
      0.9000000000000005,
      0.9200000000000005,
      0.9400000000000005,
      0.9600000000000005,
      0.9800000000000005,
      1.0000000000000004,
      1.0200000000000005,
      1.0400000000000005,
      1.0600000000000005,
      1.0800000000000005,
      1.1000000000000005,
      1.1200000000000006,
      1.1400000000000006,
      1.1600000000000006,
      1.1800000000000006,
      1.2000000000000006,
      1.2200000000000006,
      1.2400000000000007,
      1.2600000000000007,
      1.2800000000000007,
      1.3000000000000007,
      1.3200000000000007,
      1.3400000000000007,
      1.3600000000000008,
      1.3800000000000008,
      1.4000000000000008,
      1.4200000000000008,
      1.4400000000000008,
      1.4600000000000009,
      1.4800000000000009,
      1.5000000000000009,
      1.520000000000001,
      1.540000000000001,
      1.560000000000001,
      1.580000000000001,
      1.600000000000001,
      1.620000000000001,
      1.640000000000001,
      1.660000000000001,
      1.680000000000001,
      1.700000000000001,
      1.720000000000001,
      1.740000000000001,
      1.7600000000000011,
      1.7800000000000011,
      1.8000000000000012,
      1.8200000000000012,
      1.8400000000000012,
      1.8600000000000012,
      1.8800000000000012,
      1.9000000000000012,
      1.9200000000000013,
      1.9400000000000013,
      1.9600000000000013,
      1.9800000000000013
    ],
    "action": [
      3.0075228214263916,
      1.3502473831176758,
      -0.1860475391149521,
      -0.4445480704307556,
      -0.5082520246505737,
      -0.5310924053192139,
      -0.54273521900177,
      -0.5493099689483643,
      -0.5520254373550415,
      -0.5511259436607361,
      -0.5467473268508911,
      -0.08243949711322784,
      -0.0739457756280899,
      -0.07033656537532806,
      -0.06856571137905121,
      -0.06431768834590912,
      -0.05050648748874664,
      -0.013973966240882874,
      0.07174696028232574,
      0.2591884732246399,
      0.6282220482826233,
      1.1577527523040771,
      1.1138432025909424,
      -0.07236592471599579,
      -0.4577678442001343,
      -0.5225139856338501,
      -0.523450493812561,
      -0.5123868584632874,
      -0.5015086531639099,
      -0.4925989508628845,
      -0.48490649461746216,
      -0.4774402379989624,
      -0.46955806016921997,
      -0.11836151778697968,
      -0.09526802599430084,
      -0.07278178632259369,
      -0.04615418612957001,
      -0.008333727717399597,
      0.052023306488990784,
      0.15334691107273102,
      0.3224007487297058,
      0.5814812183380127,
      0.8791640400886536,
      0.8877175450325012,
      0.17972491681575775,
      -0.353111207485199,
      -0.47737568616867065,
      -0.4921794533729553,
      -0.47904282808303833,
      -0.459758996963501,
      -0.44130831956863403,
      -0.4255462884902954,
      -0.41248804330825806,
      -0.4017189145088196,
      -0.0461660772562027,
      -0.004786595702171326,
      0.04229547083377838,
      0.1012229472398758,
      0.17981357872486115,
      0.28701525926589966,
      0.42885589599609375,
      0.5948131680488586,
      0.7233569025993347,
      0.6512938141822815,
      0.234159454703331,
      -0.20757968723773956,
      -0.39044106006622314,
      -0.4391081929206848,
      -0.4443286657333374,
      -0.4347156286239624,
      -0.41998589038848877,
      -0.40434205532073975,
      -0.3897961378097534,
      -0.3772902488708496,
      0.11746375262737274,
      0.17014069855213165,
      0.23081322014331818,
      0.3017440438270569,
      0.38232988119125366,
      0.464873731136322,
      0.5267157554626465,
      0.5207276344299316,
      0.38484621047973633,
      0.11976885795593262,
      -0.1409352570772171,
      -0.2905234098434448,
      -0.3525846004486084,
      -0.37397515773773193,
      -0.37817662954330444,
      -0.37437903881073,
      -0.3665012717247009,
      -0.3565821647644043,
      0.26329612731933594,
      0.3002699017524719,
      0.3356078863143921,
      0.36327075958251953,
      0.3722541928291321,
      0.3464532494544983,
      0.2701023817062378,
      0.14293710887432098
    ],