{
  "run_name": "ppo_z_penalty_e_0p800_seed_0_alpha_0p010_ztol_0p000_wc_1p000_beta_0p000",
  "controller": "ppo",
  "controller_family": "rl",
  "seed": 0,
  "timesteps": 500000,
  "reward_variant": "z_penalty",
  "collision_restitution": 0.8,
  "collision_reward_weight": 1.0,
  "z_position_penalty_weight": 0.01,
  "z_position_tolerance": 0.0,
  "swing_growth_reward_weight": 0.05,
  "model_path": "/Users/ahmadataka/Documents/Bitbucket - Ataka/latto_latto_control/models/restitution_sweep/ppo_z_penalty_e_0p800_seed_0_alpha_0p010_ztol_0p000_wc_1p000_beta_0p000.zip",
  "evaluation": {
    "reward_sum": -0.0011387643642336576,
    "alternating_collisions": 0,
    "longest_alternating_streak": 0,
    "total_collisions": 5,
    "time_to_first_alternating_collision": null,
    "mean_abs_z": 0.030458878329372965,
    "max_abs_z": 0.049925606697797775,
    "mean_collision_energy_loss": 3.788469076156616,
    "time": [
      0.0,
      0.02,
      0.04,
      0.06,
      0.08,
      0.1,
      0.12000000000000001,
      0.14,
      0.16,
      0.18,
      0.19999999999999998,
      0.21999999999999997,
      0.23999999999999996,
      0.25999999999999995,
      0.27999999999999997,
      0.3,
      0.32,
      0.34,
      0.36000000000000004,
      0.38000000000000006,
      0.4000000000000001,
      0.4200000000000001,
      0.4400000000000001,
      0.46000000000000013,
      0.48000000000000015,
      0.5000000000000001,
      0.5200000000000001,
      0.5400000000000001,
      0.5600000000000002,
      0.5800000000000002,
      0.6000000000000002,
      0.6200000000000002,
      0.6400000000000002,
      0.6600000000000003,
      0.6800000000000003,
      0.7000000000000003,
      0.7200000000000003,
      0.7400000000000003,
      0.7600000000000003,
      0.7800000000000004,
      0.8000000000000004,
      0.8200000000000004,
      0.8400000000000004,
      0.8600000000000004,
      0.8800000000000004,
      0.9000000000000005,
      0.9200000000000005,
      0.9400000000000005,
      0.9600000000000005,
      0.9800000000000005,
      1.0000000000000004,
      1.0200000000000005,
      1.0400000000000005,
      1.0600000000000005,
      1.0800000000000005,
      1.1000000000000005,
      1.1200000000000006,
      1.1400000000000006,
      1.1600000000000006,
      1.1800000000000006,
      1.2000000000000006,
      1.2200000000000006,
      1.2400000000000007,
      1.2600000000000007,
      1.2800000000000007,
      1.3000000000000007,
      1.3200000000000007,
      1.3400000000000007,
      1.3600000000000008,
      1.3800000000000008,
      1.4000000000000008,
      1.4200000000000008,
      1.4400000000000008,
      1.4600000000000009,
      1.4800000000000009,
      1.5000000000000009,
      1.520000000000001,
      1.540000000000001,
      1.560000000000001,
      1.580000000000001,
      1.600000000000001,
      1.620000000000001,
      1.640000000000001,
      1.660000000000001,
      1.680000000000001,
      1.700000000000001,
      1.720000000000001,
      1.740000000000001,
      1.7600000000000011,
      1.7800000000000011,
      1.8000000000000012,
      1.8200000000000012,
      1.8400000000000012,
      1.8600000000000012,
      1.8800000000000012,
      1.9000000000000012,
      1.9200000000000013,
      1.9400000000000013,
      1.9600000000000013,
      1.9800000000000013
    ],
    "action": [
      0.9340335130691528,
      1.0370585918426514,
      1.0179293155670166,
      0.9250434041023254,
      0.794464647769928,
      0.6614747643470764,
      0.5445324182510376,
      0.44905954599380493,
      0.3727204501628876,
      0.3100210726261139,
      0.25556325912475586,
      -0.8727896213531494,
      -0.8461682796478271,
      -0.8295426964759827,
      -0.8199968338012695,
      -0.8142759799957275,
      -0.8076077103614807,
      -0.7912953495979309,
      -0.747618556022644,
      -0.6405969858169556,
      -0.4128936529159546,
      -0.039578720927238464,
      0.3639976978302002,
      0.6087830662727356,
      0.6916804909706116,
      0.691684365272522,
      0.6417259573936462,
      0.5695871710777283,
      0.4926677346229553,
      0.41982653737068176,
      0.35444799065589905,
      0.29646649956703186,
      0.244002103805542,
      -0.964403510093689,
      -0.9330586194992065,
      -0.909845232963562,
      -0.8911572098731995,
      -0.8721445202827454,
      -0.8451482653617859,
      -0.7967652678489685,
      -0.70345538854599,
      -0.5305691957473755,
      -0.2536242604255676,
      0.08723190426826477,
      0.37327104806900024,
      0.524000346660614,
      0.5832684636116028,
      0.5892772078514099,
      0.5613961815834045,
      0.5156174302101135,
      0.4624812602996826,
      0.40797120332717896,
      0.35491421818733215,
      0.3039960563182831,
      0.2544853091239929,
      -1.0074623823165894,
      -0.9698372483253479,
      -0.9351474642753601,
      -0.898040235042572,
      -0.8506055474281311,
      -0.7806846499443054,
      -0.6704919934272766,
      -0.4994586110115051,
      -0.2585315406322479,
      0.026179857552051544,
      0.28791266679763794,
      0.46001577377319336,
      0.5401670932769775,
      0.5685230493545532,
      0.5654539465904236,
      0.541556179523468,
      0.5052005052566528,
      0.4622129499912262,
      0.4161098301410675,
      0.3686214089393616,
      0.3201175928115845,
      -0.9983343482017517,
      -0.9465895295143127,
      -0.8894607424736023,
      -0.8193745017051697,
      -0.7263001799583435,
      -0.5985794067382812,
      -0.42704468965530396,
      -0.2134002447128296,
      0.021754499524831772,
      0.24047893285751343,
      0.4032919406890869,
      0.49446845054626465,
      0.5325735211372375,
      0.5412400364875793,
      0.531343936920166,
      0.5084514021873474,
      0.4766843914985657,
      0.43898069858551025,
      0.3971240520477295,
      0.35187506675720215,
      -0.9406920075416565,
      -0.8666920065879822,
      -0.7796875834465027,
      -0.6730261445045471
    ],