{
  "run_name": "ppo_z_penalty_e_1p000_seed_2_alpha_0p010_ztol_0p000_wc_1p000_beta_0p000",
  "controller": "ppo",
  "controller_family": "rl",
  "seed": 2,
  "timesteps": 500000,
  "reward_variant": "z_penalty",
  "collision_restitution": 1.0,
  "collision_reward_weight": 1.0,
  "z_position_penalty_weight": 0.01,
  "z_position_tolerance": 0.0,
  "swing_growth_reward_weight": 0.05,
  "model_path": "/Users/ahmadataka/Documents/Bitbucket - Ataka/latto_latto_control/models/restitution_sweep/ppo_z_penalty_e_1p000_seed_2_alpha_0p010_ztol_0p000_wc_1p000_beta_0p000.zip",
  "evaluation": {
    "reward_sum": -0.006377066461977776,
    "alternating_collisions": 0,
    "longest_alternating_streak": 0,
    "total_collisions": 5,
    "time_to_first_alternating_collision": null,
    "mean_abs_z": 0.07347120706108398,
    "max_abs_z": 0.1114346906542778,
    "mean_collision_energy_loss": 0.0,
    "time": [
      0.0,
      0.02,
      0.04,
      0.06,
      0.08,
      0.1,
      0.12000000000000001,
      0.14,
      0.16,
      0.18,
      0.19999999999999998,
      0.21999999999999997,
      0.23999999999999996,
      0.25999999999999995,
      0.27999999999999997,
      0.3,
      0.32,
      0.34,
      0.36000000000000004,
      0.38000000000000006,
      0.4000000000000001,
      0.4200000000000001,
      0.4400000000000001,
      0.46000000000000013,
      0.48000000000000015,
      0.5000000000000001,
      0.5200000000000001,
      0.5400000000000001,
      0.5600000000000002,
      0.5800000000000002,
      0.6000000000000002,
      0.6200000000000002,
      0.6400000000000002,
      0.6600000000000003,
      0.6800000000000003,
      0.7000000000000003,
      0.7200000000000003,
      0.7400000000000003,
      0.7600000000000003,
      0.7800000000000004,
      0.8000000000000004,
      0.8200000000000004,
      0.8400000000000004,
      0.8600000000000004,
      0.8800000000000004,
      0.9000000000000005,
      0.9200000000000005,
      0.9400000000000005,
      0.9600000000000005,
      0.9800000000000005,
      1.0000000000000004,
      1.0200000000000005,
      1.0400000000000005,
      1.0600000000000005,
      1.0800000000000005,
      1.1000000000000005,
      1.1200000000000006,
      1.1400000000000006,
      1.1600000000000006,
      1.1800000000000006,
      1.2000000000000006,
      1.2200000000000006,
      1.2400000000000007,
      1.2600000000000007,
      1.2800000000000007,
      1.3000000000000007,
      1.3200000000000007,
      1.3400000000000007,
      1.3600000000000008,
      1.3800000000000008,
      1.4000000000000008,
      1.4200000000000008,
      1.4400000000000008,
      1.4600000000000009,
      1.4800000000000009,
      1.5000000000000009,
      1.520000000000001,
      1.540000000000001,
      1.560000000000001,
      1.580000000000001,
      1.600000000000001,
      1.620000000000001,
      1.640000000000001,
      1.660000000000001,
      1.680000000000001,
      1.700000000000001,
      1.720000000000001,
      1.740000000000001,
      1.7600000000000011,
      1.7800000000000011,
      1.8000000000000012,
      1.8200000000000012,
      1.8400000000000012,
      1.8600000000000012,
      1.8800000000000012,
      1.9000000000000012,
      1.9200000000000013,
      1.9400000000000013,
      1.9600000000000013,
      1.9800000000000013
    ],
    "action": [
      3.6277337074279785,
      2.7624809741973877,
      1.426440954208374,
      0.4057530164718628,
      -0.2022261917591095,
      -0.5668932795524597,
      -0.7950831651687622,
      -0.9423373937606812,
      -1.0389952659606934,
      -1.1025763750076294,
      -1.1434494256973267,
      -0.4187527894973755,
      -0.0678575336933136,
      0.15932044386863708,
      0.3021288812160492,
      0.3830069303512573,
      0.41474640369415283,
      0.40593472123146057,
      0.3672163784503937,
      0.3232443034648895,
      0.33684241771698,
      0.5365924835205078,
      0.949217677116394,
      1.021561622619629,
      0.6003267168998718,
      0.10585778951644897,
      -0.283961683511734,
      -0.562846302986145,
      -0.7574137449264526,
      -0.8917749524116516,
      -0.9834246635437012,
      -1.0444360971450806,
      -1.0829222202301025,
      -1.1041152477264404,
      -0.5459941625595093,
      -0.1643950641155243,
      0.07490333914756775,
      0.22003737092018127,
      0.29894402623176575,
      0.3286750614643097,
      0.32278385758399963,
      0.29955652356147766,
      0.295203298330307,
      0.3836580216884613,
      0.6624175906181335,
      0.9884177446365356,
      0.9107081890106201,
      0.5084967017173767,
      0.08537974953651428,
      -0.2503778040409088,
      -0.4961732029914856,
      -0.6713858842849731,
      -0.7943825721740723,
      -0.8789660930633545,
      -0.9348663091659546,
      -0.9687018990516663,
      -0.8307410478591919,
      -0.3669748306274414,
      -0.0801900327205658,
      0.09277817606925964,
      0.18994483351707458,
      0.23543110489845276,
      0.24917128682136536,
      0.25653693079948425,
      0.3006622791290283,
      0.4515737295150757,
      0.7450250387191772,
      0.9576150178909302,
      0.8126042485237122,
      0.45197054743766785,
      0.08742216229438782,
      -0.2070213258266449,
      -0.4278455674648285,
      -0.5885567665100098,
      -0.7030917406082153,
      -0.7824355363845825,
      -0.834575355052948,
      -0.8650721311569214,
      -0.8910104036331177,
      -0.41123995184898376,
      -0.1176731288433075,
      0.05862817540764809,
      0.15956392884254456,
      0.2126045525074005,
      0.24147287011146545,
      0.27574941515922546,
      0.35981714725494385,
      0.5452268719673157,
      0.8009305000305176,
      0.9040396213531494,
      0.7247421741485596,
      0.40493178367614746,
      0.08973821997642517,
      -0.1691094934940338,
      -0.36751607060432434,
      -0.5146529674530029,
      -0.6209602355957031,
      -0.6951130628585815,
      -0.7436567544937134,
      -1.2112903594970703
    ],