{
  "run_name": "ppo_swing_growth_e_0p800_seed_2_alpha_0p010_ztol_0p000_wc_1p000_beta_0p050",
  "controller": "ppo",
  "controller_family": "rl",
  "seed": 2,
  "timesteps": 500000,
  "reward_variant": "swing_growth",
  "collision_restitution": 0.8,
  "collision_reward_weight": 1.0,
  "z_position_penalty_weight": 0.01,
  "z_position_tolerance": 0.0,
  "swing_growth_reward_weight": 0.05,
  "model_path": "/Users/ahmadataka/Documents/Bitbucket - Ataka/latto_latto_control/models/restitution_sweep/ppo_swing_growth_e_0p800_seed_2_alpha_0p010_ztol_0p000_wc_1p000_beta_0p050.zip",
  "evaluation": {
    "reward_sum": 0.23889355607423468,
    "alternating_collisions": 0,
    "longest_alternating_streak": 0,
    "total_collisions": 5,
    "time_to_first_alternating_collision": null,
    "mean_abs_z": 0.03274406310141785,
    "max_abs_z": 0.07744288444519043,
    "mean_collision_energy_loss": 10.432482528686524,
    "time": [
      0.0,
      0.02,
      0.04,
      0.06,
      0.08,
      0.1,
      0.12000000000000001,
      0.14,
      0.16,
      0.18,
      0.19999999999999998,
      0.21999999999999997,
      0.23999999999999996,
      0.25999999999999995,
      0.27999999999999997,
      0.3,
      0.32,
      0.34,
      0.36000000000000004,
      0.38000000000000006,
      0.4000000000000001,
      0.4200000000000001,
      0.4400000000000001,
      0.46000000000000013,
      0.48000000000000015,
      0.5000000000000001,
      0.5200000000000001,
      0.5400000000000001,
      0.5600000000000002,
      0.5800000000000002,
      0.6000000000000002,
      0.6200000000000002,
      0.6400000000000002,
      0.6600000000000003,
      0.6800000000000003,
      0.7000000000000003,
      0.7200000000000003,
      0.7400000000000003,
      0.7600000000000003,
      0.7800000000000004,
      0.8000000000000004,
      0.8200000000000004,
      0.8400000000000004,
      0.8600000000000004,
      0.8800000000000004,
      0.9000000000000005,
      0.9200000000000005,
      0.9400000000000005,
      0.9600000000000005,
      0.9800000000000005,
      1.0000000000000004,
      1.0200000000000005,
      1.0400000000000005,
      1.0600000000000005,
      1.0800000000000005,
      1.1000000000000005,
      1.1200000000000006,
      1.1400000000000006,
      1.1600000000000006,
      1.1800000000000006,
      1.2000000000000006,
      1.2200000000000006,
      1.2400000000000007,
      1.2600000000000007,
      1.2800000000000007,
      1.3000000000000007,
      1.3200000000000007,
      1.3400000000000007,
      1.3600000000000008,
      1.3800000000000008,
      1.4000000000000008,
      1.4200000000000008,
      1.4400000000000008,
      1.4600000000000009,
      1.4800000000000009,
      1.5000000000000009,
      1.520000000000001,
      1.540000000000001,
      1.560000000000001,
      1.580000000000001,
      1.600000000000001,
      1.620000000000001,
      1.640000000000001,
      1.660000000000001,
      1.680000000000001,
      1.700000000000001,
      1.720000000000001,
      1.740000000000001,
      1.7600000000000011,
      1.7800000000000011,
      1.8000000000000012,
      1.8200000000000012,
      1.8400000000000012,
      1.8600000000000012,
      1.8800000000000012,
      1.9000000000000012,
      1.9200000000000013,
      1.9400000000000013,
      1.9600000000000013,
      1.9800000000000013
    ],
    "action": [
      0.33374086022377014,
      3.408261299133301,
      4.397893905639648,
      3.8424413204193115,
      3.027778148651123,
      2.3399038314819336,
      1.8428819179534912,
      1.5015413761138916,
      1.2715330123901367,
      1.1194124221801758,
      -4.155803680419922,
      -4.166903972625732,
      -4.235445022583008,
      -4.345414638519287,
      -4.472735404968262,
      -4.583289623260498,
      -4.621598243713379,
      -4.486138343811035,
      -4.008428573608398,
      -2.935141086578369,
      -1.1576974391937256,
      0.4188174307346344,
      1.6752126216888428,
      3.5429041385650635,
      5.6604695320129395,
      5.5344438552856445,
      4.663261413574219,
      3.63273549079895,
      2.792315721511841,
      2.215360403060913,
      1.8418453931808472,
      1.6040937900543213,
      1.456892967224121,
      -3.8443005084991455,
      -3.8734071254730225,
      -3.9528157711029053,
      -4.059072494506836,
      -4.155640602111816,
      -4.187197685241699,
      -4.072116374969482,
      -3.7024080753326416,
      -2.920348882675171,
      -1.4811033010482788,
      0.093793123960495,
      1.2619291543960571,
      2.5783941745758057,
      5.064480304718018,
      5.8442182540893555,
      5.281892776489258,
      4.277563095092773,
      3.2954344749450684,
      2.5623672008514404,
      2.075590133666992,
      1.7637062072753906,
      1.5675197839736938,
      -3.7870519161224365,
      -3.8168914318084717,
      -3.894923448562622,
      -3.996480703353882,
      -4.082661151885986,
      -4.095177173614502,
      -3.95185923576355,
      -3.549329996109009,
      -2.72239089012146,
      -1.2439831495285034,
      0.2832009196281433,
      1.434550166130066,
      2.8384175300598145,
      5.348245620727539,
      5.8619279861450195,
      5.227807998657227,
      4.201922416687012,
      3.2302868366241455,
      2.5174825191497803,
      2.047562837600708,
      1.7474007606506348,
      1.559578537940979,
      -3.788670778274536,
      -3.817436456680298,
      -3.89548659324646,
      -3.9993016719818115,
      -4.091358184814453,
      -4.114755630493164,
      -3.987428903579712,
      -3.6035733222961426,
      -2.8020546436309814,
      -1.3373855352401733,
      0.23643964529037476,
      1.4284366369247437,
      2.851269006729126,
      5.3627848625183105,
      5.87801456451416,
      5.243002891540527,
      4.211055755615234,
      3.2323739528656006,
      2.5157828330993652,
      2.044262409210205,
      1.7434102296829224,
      1.55539071559906,
      -3.7894887924194336
    ],