{
  "run_name": "ppo_swing_growth_e_1p000_seed_2_alpha_0p010_ztol_0p000_wc_1p000_beta_0p050",
  "controller": "ppo",
  "controller_family": "rl",
  "seed": 2,
  "timesteps": 500000,
  "reward_variant": "swing_growth",
  "collision_restitution": 1.0,
  "collision_reward_weight": 1.0,
  "z_position_penalty_weight": 0.01,
  "z_position_tolerance": 0.0,
  "swing_growth_reward_weight": 0.05,
  "model_path": "/Users/ahmadataka/Documents/Bitbucket - Ataka/latto_latto_control/models/restitution_sweep/ppo_swing_growth_e_1p000_seed_2_alpha_0p010_ztol_0p000_wc_1p000_beta_0p050.zip",
  "evaluation": {
    "reward_sum": 5.4340250187729,
    "alternating_collisions": 5,
    "longest_alternating_streak": 5,
    "total_collisions": 7,
    "time_to_first_alternating_collision": 1.0200000000000005,
    "mean_abs_z": 0.20921718565630726,
    "max_abs_z": 0.3912853002548218,
    "mean_collision_energy_loss": 0.0,
    "time": [
      0.0,
      0.02,
      0.04,
      0.06,
      0.08,
      0.1,
      0.12000000000000001,
      0.14,
      0.16,
      0.18,
      0.19999999999999998,
      0.21999999999999997,
      0.23999999999999996,
      0.25999999999999995,
      0.27999999999999997,
      0.3,
      0.32,
      0.34,
      0.36000000000000004,
      0.38000000000000006,
      0.4000000000000001,
      0.4200000000000001,
      0.4400000000000001,
      0.46000000000000013,
      0.48000000000000015,
      0.5000000000000001,
      0.5200000000000001,
      0.5400000000000001,
      0.5600000000000002,
      0.5800000000000002,
      0.6000000000000002,
      0.6200000000000002,
      0.6400000000000002,
      0.6600000000000003,
      0.6800000000000003,
      0.7000000000000003,
      0.7200000000000003,
      0.7400000000000003,
      0.7600000000000003,
      0.7800000000000004,
      0.8000000000000004,
      0.8200000000000004,
      0.8400000000000004,
      0.8600000000000004,
      0.8800000000000004,
      0.9000000000000005,
      0.9200000000000005,
      0.9400000000000005,
      0.9600000000000005,
      0.9800000000000005,
      1.0000000000000004,
      1.0200000000000005,
      1.0400000000000005,
      1.0600000000000005,
      1.0800000000000005,
      1.1000000000000005,
      1.1200000000000006,
      1.1400000000000006,
      1.1600000000000006,
      1.1800000000000006,
      1.2000000000000006,
      1.2200000000000006,
      1.2400000000000007,
      1.2600000000000007,
      1.2800000000000007,
      1.3000000000000007,
      1.3200000000000007,
      1.3400000000000007,
      1.3600000000000008,
      1.3800000000000008,
      1.4000000000000008,
      1.4200000000000008,
      1.4400000000000008,
      1.4600000000000009,
      1.4800000000000009,
      1.5000000000000009,
      1.520000000000001,
      1.540000000000001,
      1.560000000000001,
      1.580000000000001,
      1.600000000000001,
      1.620000000000001,
      1.640000000000001,
      1.660000000000001,
      1.680000000000001,
      1.700000000000001,
      1.720000000000001,
      1.740000000000001,
      1.7600000000000011,
      1.7800000000000011,
      1.8000000000000012,
      1.8200000000000012,
      1.8400000000000012,
      1.8600000000000012,
      1.8800000000000012,
      1.9000000000000012,
      1.9200000000000013,
      1.9400000000000013,
      1.9600000000000013,
      1.9800000000000013
    ],
    "action": [
      4.474216938018799,
      8.386317253112793,
      8.708855628967285,
      7.834948539733887,
      6.849396228790283,
      5.939144611358643,
      5.135063648223877,
      4.455718517303467,
      3.904409408569336,
      -8.800488471984863,
      -8.654606819152832,
      -8.489455223083496,
      -8.293233871459961,
      -8.053804397583008,
      -7.7666144371032715,
      -7.439549446105957,
      -7.083618640899658,
      -6.699108600616455,
      -6.272581577301025,
      -5.7790093421936035,
      -5.179574966430664,
      -4.412913799285889,
      -3.3799471855163574,
      -1.928310751914978,
      0.13063301146030426,
      2.9083776473999023,
      6.1171698570251465,
      8.652945518493652,
      10.0,
      10.0,
      9.916271209716797,
      8.55313491821289,
      7.2769670486450195,
      6.019291400909424,
      4.783512592315674,
      3.731388568878174,
      2.9354324340820312,
      2.36503267288208,
      1.9647704362869263,
      -5.458641529083252,
      -5.225980281829834,
      -5.073944568634033,
      -4.989150524139404,
      -4.951472282409668,
      -4.937553882598877,
      -4.923627853393555,
      -4.887698173522949,
      -4.810947418212891,
      -4.678449630737305,
      -4.479642868041992,
      -4.2092204093933105,
      -3.868779420852661,
      8.89669132232666,
      8.350109100341797,
      7.727385997772217,
      7.016397953033447,
      6.150137901306152,
      5.111734867095947,
      4.0218586921691895,
      3.0551857948303223,
      2.2935030460357666,
      1.7277206182479858,
      1.3176345825195312,
      1.021980881690979,
      -4.555826663970947,
      -4.3813090324401855,
      -4.305115699768066,
      -4.303574562072754,
      -4.34664249420166,
      -4.401757717132568,
      -4.437838554382324,
      -4.42868185043335,
      -4.355053424835205,
      -4.205389976501465,
      -3.9757184982299805,
      6.4008355140686035,
      5.943215847015381,
      5.2711029052734375,
      4.419875144958496,
      3.5022482872009277,
      2.6560418605804443,
      1.9603089094161987,
      1.425559163093567,
      1.0278159379959106,
      0.7344145178794861,
      -3.8881518840789795,
      -3.7301864624023438,
      -3.6765835285186768,
      -3.70048451423645,
      -3.7686216831207275,
      -3.8446919918060303,
      -3.8938369750976562,
      -3.8870654106140137,
      -3.8044064044952393,
      -3.6362199783325195,
      5.677036762237549,
      5.199108600616455,
      4.510305881500244,
      3.6857528686523438,
      2.8528337478637695
    ],