{
  "run_name": "ppo_swing_growth_e_0p800_seed_1_alpha_0p010_ztol_0p000_wc_1p000_beta_0p050",
  "controller": "ppo",
  "controller_family": "rl",
  "seed": 1,
  "timesteps": 500000,
  "reward_variant": "swing_growth",
  "collision_restitution": 0.8,
  "collision_reward_weight": 1.0,
  "z_position_penalty_weight": 0.01,
  "z_position_tolerance": 0.0,
  "swing_growth_reward_weight": 0.05,
  "model_path": "/Users/ahmadataka/Documents/Bitbucket - Ataka/latto_latto_control/models/restitution_sweep/ppo_swing_growth_e_0p800_seed_1_alpha_0p010_ztol_0p000_wc_1p000_beta_0p050.zip",
  "evaluation": {
    "reward_sum": 0.17433229177103726,
    "alternating_collisions": 0,
    "longest_alternating_streak": 0,
    "total_collisions": 5,
    "time_to_first_alternating_collision": null,
    "mean_abs_z": 0.022119269441027427,
    "max_abs_z": 0.04873448982834816,
    "mean_collision_energy_loss": 5.57618350982666,
    "time": [
      0.0,
      0.02,
      0.04,
      0.06,
      0.08,
      0.1,
      0.12000000000000001,
      0.14,
      0.16,
      0.18,
      0.19999999999999998,
      0.21999999999999997,
      0.23999999999999996,
      0.25999999999999995,
      0.27999999999999997,
      0.3,
      0.32,
      0.34,
      0.36000000000000004,
      0.38000000000000006,
      0.4000000000000001,
      0.4200000000000001,
      0.4400000000000001,
      0.46000000000000013,
      0.48000000000000015,
      0.5000000000000001,
      0.5200000000000001,
      0.5400000000000001,
      0.5600000000000002,
      0.5800000000000002,
      0.6000000000000002,
      0.6200000000000002,
      0.6400000000000002,
      0.6600000000000003,
      0.6800000000000003,
      0.7000000000000003,
      0.7200000000000003,
      0.7400000000000003,
      0.7600000000000003,
      0.7800000000000004,
      0.8000000000000004,
      0.8200000000000004,
      0.8400000000000004,
      0.8600000000000004,
      0.8800000000000004,
      0.9000000000000005,
      0.9200000000000005,
      0.9400000000000005,
      0.9600000000000005,
      0.9800000000000005,
      1.0000000000000004,
      1.0200000000000005,
      1.0400000000000005,
      1.0600000000000005,
      1.0800000000000005,
      1.1000000000000005,
      1.1200000000000006,
      1.1400000000000006,
      1.1600000000000006,
      1.1800000000000006,
      1.2000000000000006,
      1.2200000000000006,
      1.2400000000000007,
      1.2600000000000007,
      1.2800000000000007,
      1.3000000000000007,
      1.3200000000000007,
      1.3400000000000007,
      1.3600000000000008,
      1.3800000000000008,
      1.4000000000000008,
      1.4200000000000008,
      1.4400000000000008,
      1.4600000000000009,
      1.4800000000000009,
      1.5000000000000009,
      1.520000000000001,
      1.540000000000001,
      1.560000000000001,
      1.580000000000001,
      1.600000000000001,
      1.620000000000001,
      1.640000000000001,
      1.660000000000001,
      1.680000000000001,
      1.700000000000001,
      1.720000000000001,
      1.740000000000001,
      1.7600000000000011,
      1.7800000000000011,
      1.8000000000000012,
      1.8200000000000012,
      1.8400000000000012,
      1.8600000000000012,
      1.8800000000000012,
      1.9000000000000012,
      1.9200000000000013,
      1.9400000000000013,
      1.9600000000000013,
      1.9800000000000013
    ],
    "action": [
      -0.38831251859664917,
      0.28320759534835815,
      0.83668452501297,
      1.2471600770950317,
      1.5406681299209595,
      1.7493423223495483,
      1.8999552726745605,
      2.0111396312713623,
      2.09386944770813,
      2.1533873081207275,
      2.190772771835327,
      -2.027338743209839,
      -2.0695626735687256,
      -2.1036622524261475,
      -2.1264569759368896,
      -2.1339516639709473,
      -2.120887041091919,
      -2.079821825027466,
      -1.9993852376937866,
      -1.861222267150879,
      -1.6357344388961792,
      -1.281411051750183,
      -0.7673182487487793,
      -0.135417640209198,
      0.4837406277656555,
      0.985418438911438,
      1.3546420335769653,
      1.618388056755066,
      1.8066993951797485,
      1.9431076049804688,
      2.0435900688171387,
      2.117588758468628,
      2.1696043014526367,
      2.2004120349884033,
      -1.9397562742233276,
      -1.9658328294754028,
      -1.980864405632019,
      -1.9810913801193237,
      -1.961509108543396,
      -1.9151418209075928,
      -1.831764817237854,
      -1.6958304643630981,
      -1.4839682579040527,
      -1.1653763055801392,
      -0.7161327600479126,
      -0.15810716152191162,
      0.41755086183547974,
      0.9118244647979736,
      1.288962483406067,
      1.5629163980484009,
      1.7596639394760132,
      1.9015284776687622,
      2.004380702972412,
      2.0781500339508057,
      2.1279995441436768,
      2.1553385257720947,
      -1.8345433473587036,
      -1.8444914817810059,
      -1.840699553489685,
      -1.8188623189926147,
      -1.773119330406189,
      -1.6952530145645142,
      -1.5734916925430298,
      -1.3912156820297241,
      -1.1272622346878052,
      -0.7628293037414551,
      -0.301305890083313,
      0.20952637493610382,
      0.6919808983802795,
      1.0902823209762573,
      1.3934779167175293,
      1.616104245185852,
      1.77739679813385,
      1.8931727409362793,
      1.9743289947509766,
      2.02724552154541,
      2.05448579788208,
      2.05525803565979,
      -1.7752472162246704,
      -1.7725721597671509,
      -1.755022406578064,
      -1.7182568311691284,
      -1.656446099281311,
      -1.5616567134857178,
      -1.4231477975845337,
      -1.227160096168518,
      -0.9589334726333618,
      -0.610140323638916,
      -0.19262190163135529,
      0.252716064453125,
      0.6707464456558228,
      1.022464632987976,
      1.2974331378936768,
      1.5034908056259155,
      1.6536719799041748,
      1.7595874071121216,
      1.8294306993484497,
      1.8677889108657837,
      1.8759030103683472,
      -1.6674855947494507
    ],