{
  "run_name": "ppo_z_penalty_e_1p000_seed_0_alpha_0p010_ztol_0p000_wc_1p000_beta_0p000",
  "controller": "ppo",
  "controller_family": "rl",
  "seed": 0,
  "timesteps": 500000,
  "reward_variant": "z_penalty",
  "collision_restitution": 1.0,
  "collision_reward_weight": 1.0,
  "z_position_penalty_weight": 0.01,
  "z_position_tolerance": 0.0,
  "swing_growth_reward_weight": 0.05,
  "model_path": "/Users/ahmadataka/Documents/Bitbucket - Ataka/latto_latto_control/models/restitution_sweep/ppo_z_penalty_e_1p000_seed_0_alpha_0p010_ztol_0p000_wc_1p000_beta_0p000.zip",
  "evaluation": {
    "reward_sum": -0.00016431376475228854,
    "alternating_collisions": 0,
    "longest_alternating_streak": 0,
    "total_collisions": 4,
    "time_to_first_alternating_collision": null,
    "mean_abs_z": 0.011052470709109911,
    "max_abs_z": 0.01898384280502796,
    "mean_collision_energy_loss": 0.0,
    "time": [
      0.0,
      0.02,
      0.04,
      0.06,
      0.08,
      0.1,
      0.12000000000000001,
      0.14,
      0.16,
      0.18,
      0.19999999999999998,
      0.21999999999999997,
      0.23999999999999996,
      0.25999999999999995,
      0.27999999999999997,
      0.3,
      0.32,
      0.34,
      0.36000000000000004,
      0.38000000000000006,
      0.4000000000000001,
      0.4200000000000001,
      0.4400000000000001,
      0.46000000000000013,
      0.48000000000000015,
      0.5000000000000001,
      0.5200000000000001,
      0.5400000000000001,
      0.5600000000000002,
      0.5800000000000002,
      0.6000000000000002,
      0.6200000000000002,
      0.6400000000000002,
      0.6600000000000003,
      0.6800000000000003,
      0.7000000000000003,
      0.7200000000000003,
      0.7400000000000003,
      0.7600000000000003,
      0.7800000000000004,
      0.8000000000000004,
      0.8200000000000004,
      0.8400000000000004,
      0.8600000000000004,
      0.8800000000000004,
      0.9000000000000005,
      0.9200000000000005,
      0.9400000000000005,
      0.9600000000000005,
      0.9800000000000005,
      1.0000000000000004,
      1.0200000000000005,
      1.0400000000000005,
      1.0600000000000005,
      1.0800000000000005,
      1.1000000000000005,
      1.1200000000000006,
      1.1400000000000006,
      1.1600000000000006,
      1.1800000000000006,
      1.2000000000000006,
      1.2200000000000006,
      1.2400000000000007,
      1.2600000000000007,
      1.2800000000000007,
      1.3000000000000007,
      1.3200000000000007,
      1.3400000000000007,
      1.3600000000000008,
      1.3800000000000008,
      1.4000000000000008,
      1.4200000000000008,
      1.4400000000000008,
      1.4600000000000009,
      1.4800000000000009,
      1.5000000000000009,
      1.520000000000001,
      1.540000000000001,
      1.560000000000001,
      1.580000000000001,
      1.600000000000001,
      1.620000000000001,
      1.640000000000001,
      1.660000000000001,
      1.680000000000001,
      1.700000000000001,
      1.720000000000001,
      1.740000000000001,
      1.7600000000000011,
      1.7800000000000011,
      1.8000000000000012,
      1.8200000000000012,
      1.8400000000000012,
      1.8600000000000012,
      1.8800000000000012,
      1.9000000000000012,
      1.9200000000000013,
      1.9400000000000013,
      1.9600000000000013,
      1.9800000000000013
    ],
    "action": [
      0.3750144839286804,
      0.21706147491931915,
      0.13119450211524963,
      0.0362122617661953,
      -0.06800594925880432,
      -0.16827000677585602,
      -0.2572888135910034,
      -0.3317776024341583,
      -0.39072325825691223,
      -0.4343864917755127,
      -0.4635605812072754,
      -0.4790244400501251,
      0.8298777341842651,
      0.7902835011482239,
      0.7273420691490173,
      0.6289377808570862,
      0.4814632534980774,
      0.2843286395072937,
      0.06843253970146179,
      -0.11998561024665833,
      -0.2478770762681961,
      -0.28560665249824524,
      -0.20513471961021423,
      -0.08633190393447876,
      -0.02569137141108513,
      0.034260425716638565,
      0.03276952728629112,
      -0.020577583461999893,
      -0.09445083141326904,
      -0.1705082654953003,
      -0.2399062067270279,
      -0.29850658774375916,
      -0.34456726908683777,
      -0.3775913715362549,
      -0.3976275622844696,
      0.7429506778717041,
      0.687210202217102,
      0.6030228137969971,
      0.48052042722702026,
      0.3155899941921234,
      0.12235307693481445,
      -0.06704412400722504,
      -0.2222008854150772,
      -0.32206854224205017,
      -0.34427592158317566,
      -0.2789406180381775,
      -0.1865616887807846,
      -0.08754774928092957,
      -0.003325205296278,
      0.012186851352453232,
      -0.023285049945116043,
      -0.0808534026145935,
      -0.14308692514896393,
      -0.20111557841300964,
      -0.25053754448890686,
      -0.28924360871315,
      -0.31632140278816223,
      -0.3314313590526581,
      0.6909277439117432,
      0.6270145177841187,
      0.5349950194358826,
      0.4083557426929474,
      0.2484678328037262,
      0.07199674844741821,
      -0.09383386373519897,
      -0.22477294504642487,
      -0.3017253577709198,
      -0.30712413787841797,
      -0.249882772564888,
      -0.17623360455036163,
      -0.08165338635444641,
      -0.008054319769144058,
      0.007660526782274246,
      -0.018869206309318542,
      -0.06499242782592773,
      -0.1161159873008728,
      -0.1642860472202301,
      -0.20530922710895538,
      -0.23701103031635284,
      -0.25830376148223877,
      0.6263561248779297,
      0.553618848323822,
      0.4541439712047577,
      0.3253786265850067,
      0.17341752350330353,
      0.01548173651099205,
      -0.12645776569843292,
      -0.23345766961574554,
      -0.2895890176296234,
      -0.2852488160133362,
      -0.23822356760501862,
      -0.17027296125888824,
      -0.07977385818958282,
      -0.013410437852144241,
      0.00454891100525856,
      -0.013207722455263138,
      -0.04881276562809944,
      -0.08991457521915436,
      -0.12930354475975037,
      -0.162953719496727
    ],