{
  "run_name": "ppo_swing_growth_e_1p000_seed_3_alpha_0p010_ztol_0p000_wc_1p000_beta_0p050",
  "controller": "ppo",
  "controller_family": "rl",
  "seed": 3,
  "timesteps": 500000,
  "reward_variant": "swing_growth",
  "collision_restitution": 1.0,
  "collision_reward_weight": 1.0,
  "z_position_penalty_weight": 0.01,
  "z_position_tolerance": 0.0,
  "swing_growth_reward_weight": 0.05,
  "model_path": "/Users/ahmadataka/Documents/Bitbucket - Ataka/latto_latto_control/models/restitution_sweep/ppo_swing_growth_e_1p000_seed_3_alpha_0p010_ztol_0p000_wc_1p000_beta_0p050.zip",
  "evaluation": {
    "reward_sum": 0.26637238243151706,
    "alternating_collisions": 0,
    "longest_alternating_streak": 0,
    "total_collisions": 5,
    "time_to_first_alternating_collision": null,
    "mean_abs_z": 0.01871258529019542,
    "max_abs_z": 0.05040418356657028,
    "mean_collision_energy_loss": 0.0,
    "time": [
      0.0,
      0.02,
      0.04,
      0.06,
      0.08,
      0.1,
      0.12000000000000001,
      0.14,
      0.16,
      0.18,
      0.19999999999999998,
      0.21999999999999997,
      0.23999999999999996,
      0.25999999999999995,
      0.27999999999999997,
      0.3,
      0.32,
      0.34,
      0.36000000000000004,
      0.38000000000000006,
      0.4000000000000001,
      0.4200000000000001,
      0.4400000000000001,
      0.46000000000000013,
      0.48000000000000015,
      0.5000000000000001,
      0.5200000000000001,
      0.5400000000000001,
      0.5600000000000002,
      0.5800000000000002,
      0.6000000000000002,
      0.6200000000000002,
      0.6400000000000002,
      0.6600000000000003,
      0.6800000000000003,
      0.7000000000000003,
      0.7200000000000003,
      0.7400000000000003,
      0.7600000000000003,
      0.7800000000000004,
      0.8000000000000004,
      0.8200000000000004,
      0.8400000000000004,
      0.8600000000000004,
      0.8800000000000004,
      0.9000000000000005,
      0.9200000000000005,
      0.9400000000000005,
      0.9600000000000005,
      0.9800000000000005,
      1.0000000000000004,
      1.0200000000000005,
      1.0400000000000005,
      1.0600000000000005,
      1.0800000000000005,
      1.1000000000000005,
      1.1200000000000006,
      1.1400000000000006,
      1.1600000000000006,
      1.1800000000000006,
      1.2000000000000006,
      1.2200000000000006,
      1.2400000000000007,
      1.2600000000000007,
      1.2800000000000007,
      1.3000000000000007,
      1.3200000000000007,
      1.3400000000000007,
      1.3600000000000008,
      1.3800000000000008,
      1.4000000000000008,
      1.4200000000000008,
      1.4400000000000008,
      1.4600000000000009,
      1.4800000000000009,
      1.5000000000000009,
      1.520000000000001,
      1.540000000000001,
      1.560000000000001,
      1.580000000000001,
      1.600000000000001,
      1.620000000000001,
      1.640000000000001,
      1.660000000000001,
      1.680000000000001,
      1.700000000000001,
      1.720000000000001,
      1.740000000000001,
      1.7600000000000011,
      1.7800000000000011,
      1.8000000000000012,
      1.8200000000000012,
      1.8400000000000012,
      1.8600000000000012,
      1.8800000000000012,
      1.9000000000000012,
      1.9200000000000013,
      1.9400000000000013,
      1.9600000000000013,
      1.9800000000000013
    ],
    "action": [
      2.2294387817382812,
      4.057489395141602,
      3.836068630218506,
      2.5294909477233887,
      1.2019951343536377,
      0.28783613443374634,
      -0.2519966661930084,
      -0.5357701778411865,
      -0.6488699316978455,
      -0.6452030539512634,
      -0.5606347918510437,
      -8.288924217224121,
      -7.208018779754639,
      -5.561737060546875,
      -3.8069517612457275,
      -2.441847801208496,
      -1.517054557800293,
      -0.839007556438446,
      -0.1831549108028412,
      0.6887370347976685,
      2.0938873291015625,
      4.263922214508057,
      6.234765529632568,
      6.827347755432129,
      5.840950012207031,
      3.7124135494232178,
      1.7081568241119385,
      0.480805367231369,
      -0.17185205221176147,
      -0.48872318863868713,
      -0.6031084060668945,
      -0.5874480605125427,
      -8.152434349060059,
      -7.008782386779785,
      -5.356536388397217,
      -3.679349899291992,
      -2.4103927612304688,
      -1.5589443445205688,
      -0.936907172203064,
      -0.33714759349823,
      0.46152445673942566,
      1.764580249786377,
      3.883842945098877,
      6.045066833496094,
      6.919227600097656,
      6.142766952514648,
      4.043800354003906,
      1.8833681344985962,
      0.5289144515991211,
      -0.18985509872436523,
      -0.5407366752624512,
      -0.6727067828178406,
      -0.6644596457481384,
      -0.5624147057533264,
      -7.97554874420166,
      -6.750718116760254,
      -5.090075492858887,
      -3.4995670318603516,
      -2.334625720977783,
      -1.5601904392242432,
      -0.9926614165306091,
      -0.4414856433868408,
      0.29791295528411865,
      1.5162081718444824,
      3.566115379333496,
      5.843239784240723,
      6.950872421264648,
      6.367191791534424,
      4.333101272583008,
      2.0558202266693115,
      0.5868455171585083,
      -0.19384855031967163,
      -0.5775940418243408,
      -0.7277829051017761,
      -0.7289073467254639,
      -0.6295529007911682,
      -7.847319602966309,
      -6.57865571975708,
      -4.931269645690918,
      -3.4083926677703857,
      -2.312541961669922,
      -1.5874395370483398,
      -1.056447148323059,
      -0.542157769203186,
      0.145735964179039,
      1.2815992832183838,
      3.24127197265625,
      5.5952229499816895,
      6.935181617736816,
      6.566944122314453,
      4.641415119171143,
      2.266386032104492,
      0.6718561053276062,
      -0.18037772178649902,
      -0.6031138300895691,
      -0.7760289311408997,
      -0.79038405418396,
      -0.6973153948783875,
      -7.728530406951904,
      -6.425201416015625
    ],