{
  "run_name": "ppo_z_penalty_e_1p000_seed_3_alpha_0p010_ztol_0p000_wc_1p000_beta_0p000",
  "controller": "ppo",
  "controller_family": "rl",
  "seed": 3,
  "timesteps": 500000,
  "reward_variant": "z_penalty",
  "collision_restitution": 1.0,
  "collision_reward_weight": 1.0,
  "z_position_penalty_weight": 0.01,
  "z_position_tolerance": 0.0,
  "swing_growth_reward_weight": 0.05,
  "model_path": "/Users/ahmadataka/Documents/Bitbucket - Ataka/latto_latto_control/models/restitution_sweep/ppo_z_penalty_e_1p000_seed_3_alpha_0p010_ztol_0p000_wc_1p000_beta_0p000.zip",
  "evaluation": {
    "reward_sum": -4.307917967910635e-05,
    "alternating_collisions": 0,
    "longest_alternating_streak": 0,
    "total_collisions": 5,
    "time_to_first_alternating_collision": null,
    "mean_abs_z": 0.005595458519237582,
    "max_abs_z": 0.014826016500592232,
    "mean_collision_energy_loss": 0.0,
    "time": [
      0.0,
      0.02,
      0.04,
      0.06,
      0.08,
      0.1,
      0.12000000000000001,
      0.14,
      0.16,
      0.18,
      0.19999999999999998,
      0.21999999999999997,
      0.23999999999999996,
      0.25999999999999995,
      0.27999999999999997,
      0.3,
      0.32,
      0.34,
      0.36000000000000004,
      0.38000000000000006,
      0.4000000000000001,
      0.4200000000000001,
      0.4400000000000001,
      0.46000000000000013,
      0.48000000000000015,
      0.5000000000000001,
      0.5200000000000001,
      0.5400000000000001,
      0.5600000000000002,
      0.5800000000000002,
      0.6000000000000002,
      0.6200000000000002,
      0.6400000000000002,
      0.6600000000000003,
      0.6800000000000003,
      0.7000000000000003,
      0.7200000000000003,
      0.7400000000000003,
      0.7600000000000003,
      0.7800000000000004,
      0.8000000000000004,
      0.8200000000000004,
      0.8400000000000004,
      0.8600000000000004,
      0.8800000000000004,
      0.9000000000000005,
      0.9200000000000005,
      0.9400000000000005,
      0.9600000000000005,
      0.9800000000000005,
      1.0000000000000004,
      1.0200000000000005,
      1.0400000000000005,
      1.0600000000000005,
      1.0800000000000005,
      1.1000000000000005,
      1.1200000000000006,
      1.1400000000000006,
      1.1600000000000006,
      1.1800000000000006,
      1.2000000000000006,
      1.2200000000000006,
      1.2400000000000007,
      1.2600000000000007,
      1.2800000000000007,
      1.3000000000000007,
      1.3200000000000007,
      1.3400000000000007,
      1.3600000000000008,
      1.3800000000000008,
      1.4000000000000008,
      1.4200000000000008,
      1.4400000000000008,
      1.4600000000000009,
      1.4800000000000009,
      1.5000000000000009,
      1.520000000000001,
      1.540000000000001,
      1.560000000000001,
      1.580000000000001,
      1.600000000000001,
      1.620000000000001,
      1.640000000000001,
      1.660000000000001,
      1.680000000000001,
      1.700000000000001,
      1.720000000000001,
      1.740000000000001,
      1.7600000000000011,
      1.7800000000000011,
      1.8000000000000012,
      1.8200000000000012,
      1.8400000000000012,
      1.8600000000000012,
      1.8800000000000012,
      1.9000000000000012,
      1.9200000000000013,
      1.9400000000000013,
      1.9600000000000013,
      1.9800000000000013
    ],
    "action": [
      0.6519614458084106,
      0.3406713604927063,
      -0.08828352391719818,
      -0.5004169940948486,
      -0.8183223009109497,
      -1.0395681858062744,
      -1.1807209253311157,
      -1.2523349523544312,
      -1.2604751586914062,
      -1.211796522140503,
      -1.1129136085510254,
      -0.9677594304084778,
      4.482997894287109,
      3.7049803733825684,
      2.820338249206543,
      1.8282990455627441,
      0.7493183612823486,
      -0.21908505260944366,
      -0.8485723733901978,
      -1.127610683441162,
      -1.134427785873413,
      -0.8930442333221436,
      -0.37979769706726074,
      0.14410905539989471,
      0.2460653930902481,
      0.05049638822674751,
      -0.25688430666923523,
      -0.5534696578979492,
      -0.7852975130081177,
      -0.9435099959373474,
      -1.0328149795532227,
      -1.0596528053283691,
      -1.0310335159301758,
      -0.9537434577941895,
      -0.8327873349189758,
      4.043076992034912,
      3.1329493522644043,
      2.154557228088379,
      1.1365180015563965,
      0.19821558892726898,
      -0.47903919219970703,
      -0.8422359228134155,
      -0.9497888684272766,
      -0.8494505882263184,
      -0.5402777194976807,
      -0.073340505361557,
      0.2082761824131012,
      0.16836585104465485,
      -0.03601592406630516,
      -0.29033711552619934,
      -0.5233807563781738,
      -0.7020139694213867,
      -0.8180257678031921,
      -0.8735959529876709,
      -0.874488115310669,
      -0.8273364305496216,
      -0.7379884719848633,
      3.5558314323425293,
      2.536994457244873,
      1.5151832103729248,
      0.5826915502548218,
      -0.1253150850534439,
      -0.551480770111084,
      -0.7379554510116577,
      -0.7395634651184082,
      -0.577385663986206,
      -0.257969468832016,
      0.08255212008953094,
      0.19222787022590637,
      0.09869244694709778,
      -0.08484210073947906,
      -0.2895093560218811,
      -0.4715491235256195,
      -0.6082687377929688,
      -0.6923936605453491,
      -0.7250140905380249,
      -0.710830807685852,
      -0.6554087996482849,
      -0.5637503862380981,
      3.215449333190918,
      2.1076459884643555,
      1.0874210596084595,
      0.28209981322288513,
      -0.23924018442630768,
      -0.5102629661560059,
      -0.5965577363967896,
      -0.5390276312828064,
      -0.3507527709007263,
      -0.0701732337474823,
      0.1374104619026184,
      0.15312033891677856,
      0.046543437987565994,
      -0.11029107868671417,
      -0.27432823181152344,
      -0.41676005721092224,
      -0.5212628841400146,
      -0.5818294286727905,
      -0.5989679098129272,
      -0.5763248801231384,
      -0.5184680223464966
    ],