{
  "run_name": "ppo_z_penalty_e_1p000_seed_4_alpha_0p010_ztol_0p000_wc_1p000_beta_0p000",
  "controller": "ppo",
  "controller_family": "rl",
  "seed": 4,
  "timesteps": 500000,
  "reward_variant": "z_penalty",
  "collision_restitution": 1.0,
  "collision_reward_weight": 1.0,
  "z_position_penalty_weight": 0.01,
  "z_position_tolerance": 0.0,
  "swing_growth_reward_weight": 0.05,
  "model_path": "/Users/ahmadataka/Documents/Bitbucket - Ataka/latto_latto_control/models/restitution_sweep/ppo_z_penalty_e_1p000_seed_4_alpha_0p010_ztol_0p000_wc_1p000_beta_0p000.zip",
  "evaluation": {
    "reward_sum": 5.857782395512384,
    "alternating_collisions": 6,
    "longest_alternating_streak": 6,
    "total_collisions": 8,
    "time_to_first_alternating_collision": 1.1000000000000005,
    "mean_abs_z": 0.3235089257603977,
    "max_abs_z": 0.5553759932518005,
    "mean_collision_energy_loss": 0.0,
    "time": [
      0.0,
      0.02,
      0.04,
      0.06,
      0.08,
      0.1,
      0.12000000000000001,
      0.14,
      0.16,
      0.18,
      0.19999999999999998,
      0.21999999999999997,
      0.23999999999999996,
      0.25999999999999995,
      0.27999999999999997,
      0.3,
      0.32,
      0.34,
      0.36000000000000004,
      0.38000000000000006,
      0.4000000000000001,
      0.4200000000000001,
      0.4400000000000001,
      0.46000000000000013,
      0.48000000000000015,
      0.5000000000000001,
      0.5200000000000001,
      0.5400000000000001,
      0.5600000000000002,
      0.5800000000000002,
      0.6000000000000002,
      0.6200000000000002,
      0.6400000000000002,
      0.6600000000000003,
      0.6800000000000003,
      0.7000000000000003,
      0.7200000000000003,
      0.7400000000000003,
      0.7600000000000003,
      0.7800000000000004,
      0.8000000000000004,
      0.8200000000000004,
      0.8400000000000004,
      0.8600000000000004,
      0.8800000000000004,
      0.9000000000000005,
      0.9200000000000005,
      0.9400000000000005,
      0.9600000000000005,
      0.9800000000000005,
      1.0000000000000004,
      1.0200000000000005,
      1.0400000000000005,
      1.0600000000000005,
      1.0800000000000005,
      1.1000000000000005,
      1.1200000000000006,
      1.1400000000000006,
      1.1600000000000006,
      1.1800000000000006,
      1.2000000000000006,
      1.2200000000000006,
      1.2400000000000007,
      1.2600000000000007,
      1.2800000000000007,
      1.3000000000000007,
      1.3200000000000007,
      1.3400000000000007,
      1.3600000000000008,
      1.3800000000000008,
      1.4000000000000008,
      1.4200000000000008,
      1.4400000000000008,
      1.4600000000000009,
      1.4800000000000009,
      1.5000000000000009,
      1.520000000000001,
      1.540000000000001,
      1.560000000000001,
      1.580000000000001,
      1.600000000000001,
      1.620000000000001,
      1.640000000000001,
      1.660000000000001,
      1.680000000000001,
      1.700000000000001,
      1.720000000000001,
      1.740000000000001,
      1.7600000000000011,
      1.7800000000000011,
      1.8000000000000012,
      1.8200000000000012,
      1.8400000000000012,
      1.8600000000000012,
      1.8800000000000012,
      1.9000000000000012,
      1.9200000000000013,
      1.9400000000000013,
      1.9600000000000013,
      1.9800000000000013
    ],
    "action": [
      -3.1712441444396973,
      0.6526747941970825,
      4.45746374130249,
      6.418898582458496,
      6.833738803863525,
      6.790828227996826,
      6.588975429534912,
      6.329257965087891,
      6.089317798614502,
      5.909177303314209,
      -7.779942989349365,
      -7.861658573150635,
      -7.88176965713501,
      -7.792715549468994,
      -7.605163097381592,
      -7.381363391876221,
      -7.146931171417236,
      -6.913582801818848,
      -6.678042888641357,
      -6.436398983001709,
      -6.192053318023682,
      -5.95046854019165,
      -5.713324069976807,
      -5.47644567489624,
      -5.226686954498291,
      -4.9314656257629395,
      -4.524095058441162,
      -3.904578685760498,
      -2.9611005783081055,
      -1.569706678390503,
      0.31995677947998047,
      2.3916029930114746,
      4.153977870941162,
      5.716299533843994,
      7.109533309936523,
      7.8080244064331055,
      8.061208724975586,
      8.068413734436035,
      7.770052433013916,
      7.430140972137451,
      7.2074294090271,
      7.028338432312012,
      6.830597400665283,
      6.578770160675049,
      -6.17992639541626,
      -5.975926399230957,
      -5.781550407409668,
      -5.6246562004089355,
      -5.513129711151123,
      -5.439789295196533,
      -5.392699718475342,
      -5.360969543457031,
      -5.336695671081543,
      -5.314997673034668,
      -5.293299674987793,
      -5.270548343658447,
      7.503983020782471,
      7.41663932800293,
      7.273343563079834,
      7.125712871551514,
      7.00639533996582,
      6.901836395263672,
      6.799657344818115,
      6.651831150054932,
      6.410318374633789,
      6.118789196014404,
      -5.815320014953613,
      -5.610736846923828,
      -5.4497857093811035,
      -5.343135833740234,
      -5.282467842102051,
      -5.253631114959717,
      -5.242915630340576,
      -5.239587783813477,
      -5.236869812011719,
      6.679306507110596,
      6.655451774597168,
      6.623805999755859,
      6.592672348022461,
      6.53322696685791,
      6.376075744628906,
      6.0970940589904785,
      5.804437637329102,
      -5.684072017669678,
      -5.486286640167236,
      -5.341701984405518,
      -5.253668308258057,
      -5.209951400756836,
      -5.1952128410339355,
      -5.195481300354004,
      -5.200212001800537,
      6.431630611419678,
      6.421898365020752,
      6.413235187530518,
      6.370420455932617,
      6.21602201461792,
      5.930570125579834,
      5.645514965057373,
      -5.567789554595947,
      -5.377623081207275
    ],