{
  "run_name": "ppo_z_penalty_e_0p950_seed_4_alpha_0p010_ztol_0p000_wc_1p000_beta_0p000",
  "controller": "ppo",
  "controller_family": "rl",
  "seed": 4,
  "timesteps": 500000,
  "reward_variant": "z_penalty",
  "collision_restitution": 0.95,
  "collision_reward_weight": 1.0,
  "z_position_penalty_weight": 0.01,
  "z_position_tolerance": 0.0,
  "swing_growth_reward_weight": 0.05,
  "model_path": "/Users/ahmadataka/Documents/Bitbucket - Ataka/latto_latto_control/models/restitution_sweep/ppo_z_penalty_e_0p950_seed_4_alpha_0p010_ztol_0p000_wc_1p000_beta_0p000.zip",
  "evaluation": {
    "reward_sum": -0.0001978547085974133,
    "alternating_collisions": 0,
    "longest_alternating_streak": 0,
    "total_collisions": 5,
    "time_to_first_alternating_collision": null,
    "mean_abs_z": 0.011129924496926832,
    "max_abs_z": 0.027095654979348183,
    "mean_collision_energy_loss": 1.4179579734802246,
    "time": [
      0.0,
      0.02,
      0.04,
      0.06,
      0.08,
      0.1,
      0.12000000000000001,
      0.14,
      0.16,
      0.18,
      0.19999999999999998,
      0.21999999999999997,
      0.23999999999999996,
      0.25999999999999995,
      0.27999999999999997,
      0.3,
      0.32,
      0.34,
      0.36000000000000004,
      0.38000000000000006,
      0.4000000000000001,
      0.4200000000000001,
      0.4400000000000001,
      0.46000000000000013,
      0.48000000000000015,
      0.5000000000000001,
      0.5200000000000001,
      0.5400000000000001,
      0.5600000000000002,
      0.5800000000000002,
      0.6000000000000002,
      0.6200000000000002,
      0.6400000000000002,
      0.6600000000000003,
      0.6800000000000003,
      0.7000000000000003,
      0.7200000000000003,
      0.7400000000000003,
      0.7600000000000003,
      0.7800000000000004,
      0.8000000000000004,
      0.8200000000000004,
      0.8400000000000004,
      0.8600000000000004,
      0.8800000000000004,
      0.9000000000000005,
      0.9200000000000005,
      0.9400000000000005,
      0.9600000000000005,
      0.9800000000000005,
      1.0000000000000004,
      1.0200000000000005,
      1.0400000000000005,
      1.0600000000000005,
      1.0800000000000005,
      1.1000000000000005,
      1.1200000000000006,
      1.1400000000000006,
      1.1600000000000006,
      1.1800000000000006,
      1.2000000000000006,
      1.2200000000000006,
      1.2400000000000007,
      1.2600000000000007,
      1.2800000000000007,
      1.3000000000000007,
      1.3200000000000007,
      1.3400000000000007,
      1.3600000000000008,
      1.3800000000000008,
      1.4000000000000008,
      1.4200000000000008,
      1.4400000000000008,
      1.4600000000000009,
      1.4800000000000009,
      1.5000000000000009,
      1.520000000000001,
      1.540000000000001,
      1.560000000000001,
      1.580000000000001,
      1.600000000000001,
      1.620000000000001,
      1.640000000000001,
      1.660000000000001,
      1.680000000000001,
      1.700000000000001,
      1.720000000000001,
      1.740000000000001,
      1.7600000000000011,
      1.7800000000000011,
      1.8000000000000012,
      1.8200000000000012,
      1.8400000000000012,
      1.8600000000000012,
      1.8800000000000012,
      1.9000000000000012,
      1.9200000000000013,
      1.9400000000000013,
      1.9600000000000013,
      1.9800000000000013
    ],
    "action": [
      0.7654024958610535,
      0.22691097855567932,
      -0.08926326036453247,
      -0.0845341682434082,
      0.1253989338874817,
      0.3660837411880493,
      0.5628151893615723,
      0.6963195204734802,
      0.7655516862869263,
      0.7734578847885132,
      0.7224674224853516,
      0.6129502654075623,
      -2.4428603649139404,
      -2.320314645767212,
      -2.1412227153778076,
      -1.8592227697372437,
      -1.4307328462600708,
      -0.8428633213043213,
      -0.13155367970466614,
      0.6062235832214355,
      1.2241846323013306,
      1.5817152261734009,
      1.5434037446975708,
      0.9658524990081787,
      0.28009602427482605,
      -0.11117976903915405,
      -0.160770446062088,
      0.013132687658071518,
      0.23871400952339172,
      0.4316246509552002,
      0.5655788779258728,
      0.6367919445037842,
      0.6476094722747803,
      0.6006787419319153,
      -2.303384304046631,
      -2.1132795810699463,
      -1.833259105682373,
      -1.4303587675094604,
      -0.9009702205657959,
      -0.27826055884361267,
      0.36905035376548767,
      0.9416888952255249,
      1.3363476991653442,
      1.4618667364120483,
      1.202426552772522,
      0.554329514503479,
      -0.005184236913919449,
      -0.25332120060920715,
      -0.21642452478408813,
      -0.035536352545022964,
      0.1668989062309265,
      0.33249157667160034,
      0.44200825691223145,
      0.49262118339538574,
      0.486444354057312,
      0.4260803163051605,
      -2.1188480854034424,
      -1.8464486598968506,
      -1.4742536544799805,
      -1.0012764930725098,
      -0.4580930471420288,
      0.10275135934352875,
      0.6142632365226746,
      1.0056993961334229,
      1.2133687734603882,
      1.172088384628296,
      0.8007248640060425,
      0.22051382064819336,
      -0.1936500072479248,
      -0.33429914712905884,
      -0.26627323031425476,
      -0.10255631804466248,
      0.07155123353004456,
      0.21247699856758118,
      0.3038214445114136,
      0.3422364592552185,
      0.32924091815948486,
      0.2676657438278198,
      -1.8198121786117554,
      -1.4573862552642822,
      -1.0221588611602783,
      -0.5440759658813477,
      -0.06507998704910278,
      0.3703312277793884,
      0.7185890078544617,
      0.9396448135375977,
      0.9949707984924316,
      0.835997462272644,
      0.43865445256233215,
      -0.0209655798971653,
      -0.30281347036361694,
      -0.37365272641181946,
      -0.3010845482349396,
      -0.16442635655403137,
      -0.021747145801782608,
      0.09436556696891785,
      0.16963177919387817,
      0.20005330443382263,
      0.18648236989974976,
      -1.3533293008804321
    ],