{
  "run_name": "ppo_z_penalty_e_1p000_seed_1_alpha_0p010_ztol_0p000_wc_1p000_beta_0p000",
  "controller": "ppo",
  "controller_family": "rl",
  "seed": 1,
  "timesteps": 500000,
  "reward_variant": "z_penalty",
  "collision_restitution": 1.0,
  "collision_reward_weight": 1.0,
  "z_position_penalty_weight": 0.01,
  "z_position_tolerance": 0.0,
  "swing_growth_reward_weight": 0.05,
  "model_path": "/Users/ahmadataka/Documents/Bitbucket - Ataka/latto_latto_control/models/restitution_sweep/ppo_z_penalty_e_1p000_seed_1_alpha_0p010_ztol_0p000_wc_1p000_beta_0p000.zip",
  "evaluation": {
    "reward_sum": -4.0052783623956145e-05,
    "alternating_collisions": 0,
    "longest_alternating_streak": 0,
    "total_collisions": 4,
    "time_to_first_alternating_collision": null,
    "mean_abs_z": 0.005760462695616297,
    "max_abs_z": 0.012139169499278069,
    "mean_collision_energy_loss": 0.0,
    "time": [
      0.0,
      0.02,
      0.04,
      0.06,
      0.08,
      0.1,
      0.12000000000000001,
      0.14,
      0.16,
      0.18,
      0.19999999999999998,
      0.21999999999999997,
      0.23999999999999996,
      0.25999999999999995,
      0.27999999999999997,
      0.3,
      0.32,
      0.34,
      0.36000000000000004,
      0.38000000000000006,
      0.4000000000000001,
      0.4200000000000001,
      0.4400000000000001,
      0.46000000000000013,
      0.48000000000000015,
      0.5000000000000001,
      0.5200000000000001,
      0.5400000000000001,
      0.5600000000000002,
      0.5800000000000002,
      0.6000000000000002,
      0.6200000000000002,
      0.6400000000000002,
      0.6600000000000003,
      0.6800000000000003,
      0.7000000000000003,
      0.7200000000000003,
      0.7400000000000003,
      0.7600000000000003,
      0.7800000000000004,
      0.8000000000000004,
      0.8200000000000004,
      0.8400000000000004,
      0.8600000000000004,
      0.8800000000000004,
      0.9000000000000005,
      0.9200000000000005,
      0.9400000000000005,
      0.9600000000000005,
      0.9800000000000005,
      1.0000000000000004,
      1.0200000000000005,
      1.0400000000000005,
      1.0600000000000005,
      1.0800000000000005,
      1.1000000000000005,
      1.1200000000000006,
      1.1400000000000006,
      1.1600000000000006,
      1.1800000000000006,
      1.2000000000000006,
      1.2200000000000006,
      1.2400000000000007,
      1.2600000000000007,
      1.2800000000000007,
      1.3000000000000007,
      1.3200000000000007,
      1.3400000000000007,
      1.3600000000000008,
      1.3800000000000008,
      1.4000000000000008,
      1.4200000000000008,
      1.4400000000000008,
      1.4600000000000009,
      1.4800000000000009,
      1.5000000000000009,
      1.520000000000001,
      1.540000000000001,
      1.560000000000001,
      1.580000000000001,
      1.600000000000001,
      1.620000000000001,
      1.640000000000001,
      1.660000000000001,
      1.680000000000001,
      1.700000000000001,
      1.720000000000001,
      1.740000000000001,
      1.7600000000000011,
      1.7800000000000011,
      1.8000000000000012,
      1.8200000000000012,
      1.8400000000000012,
      1.8600000000000012,
      1.8800000000000012,
      1.9000000000000012,
      1.9200000000000013,
      1.9400000000000013,
      1.9600000000000013,
      1.9800000000000013
    ],
    "action": [
      -0.9030297994613647,
      -0.8345210552215576,
      -0.5769744515419006,
      -0.18812164664268494,
      0.12014874070882797,
      0.2565828859806061,
      0.17823311686515808,
      -0.0006992295384407043,
      -0.1974324882030487,
      -0.37576186656951904,
      -0.5203437805175781,
      -0.6247193217277527,
      1.421991229057312,
      1.3795444965362549,
      1.294077754020691,
      1.153028130531311,
      0.9407054781913757,
      0.6479406356811523,
      0.28768274188041687,
      -0.09929219633340836,
      -0.4578767716884613,
      -0.7378323674201965,
      -0.906901478767395,
      -0.9586986303329468,
      -0.9104612469673157,
      -0.7253326773643494,
      -0.3270445466041565,
      0.04593086987733841,
      0.27152466773986816,
      0.28081953525543213,
      0.15097171068191528,
      -0.0223182812333107,
      -0.1907564401626587,
      -0.33321091532707214,
      -0.4403083026409149,
      1.1734874248504639,
      1.115407109260559,
      1.0074610710144043,
      0.8406617641448975,
      0.6091499328613281,
      0.3189294934272766,
      -0.005931384861469269,
      -0.3272891342639923,
      -0.6042831540107727,
      -0.8036634922027588,
      -0.9062138795852661,
      -0.9106876850128174,
      -0.816935658454895,
      -0.5449498295783997,
      -0.11943981796503067,
      0.21907374262809753,
      0.37496712803840637,
      0.34106311202049255,
      0.20813047885894775,
      0.049356602132320404,
      -0.09932348877191544,
      -0.22142764925956726,
      -0.3092209994792938,
      0.947690486907959,
      0.8800150156021118,
      0.7625603675842285,
      0.591636061668396,
      0.3693475127220154,
      0.10848986357450485,
      -0.16655346751213074,
      -0.4247055947780609,
      -0.6355060935020447,
      -0.7751060128211975,
      -0.8304445743560791,
      -0.7984343767166138,
      -0.6523200869560242,
      -0.3063906729221344,
      0.10319169610738754,
      0.3809792399406433,
      0.46926644444465637,
      0.4053160846233368,
      0.2722642123699188,
      0.1254451870918274,
      -0.007743366062641144,
      -0.11415702849626541,
      0.7195990085601807,
      0.6486753225326538,
      0.5314111709594727,
      0.36869654059410095,
      0.16742071509361267,
      -0.05751163512468338,
      -0.2842395007610321,
      -0.4878776967525482,
      -0.6451506018638611,
      -0.7381840348243713,
      -0.7567300796508789,
      -0.6908586025238037,
      -0.49012669920921326,
      -0.10737255960702896,
      0.26585954427719116,
      0.4866672456264496,
      0.5316089987754822,
      0.45510387420654297,
      0.32744625210762024,
      0.19242286682128906
    ],