{
  "run_name": "ppo_swing_growth_e_0p800_seed_4_alpha_0p010_ztol_0p000_wc_1p000_beta_0p050",
  "controller": "ppo",
  "controller_family": "rl",
  "seed": 4,
  "timesteps": 500000,
  "reward_variant": "swing_growth",
  "collision_restitution": 0.8,
  "collision_reward_weight": 1.0,
  "z_position_penalty_weight": 0.01,
  "z_position_tolerance": 0.0,
  "swing_growth_reward_weight": 0.05,
  "model_path": "/Users/ahmadataka/Documents/Bitbucket - Ataka/latto_latto_control/models/restitution_sweep/ppo_swing_growth_e_0p800_seed_4_alpha_0p010_ztol_0p000_wc_1p000_beta_0p050.zip",
  "evaluation": {
    "reward_sum": 0.24152576688080055,
    "alternating_collisions": 0,
    "longest_alternating_streak": 0,
    "total_collisions": 5,
    "time_to_first_alternating_collision": null,
    "mean_abs_z": 0.036810293982271106,
    "max_abs_z": 0.09124826639890671,
    "mean_collision_energy_loss": 10.81917839050293,
    "time": [
      0.0,
      0.02,
      0.04,
      0.06,
      0.08,
      0.1,
      0.12000000000000001,
      0.14,
      0.16,
      0.18,
      0.19999999999999998,
      0.21999999999999997,
      0.23999999999999996,
      0.25999999999999995,
      0.27999999999999997,
      0.3,
      0.32,
      0.34,
      0.36000000000000004,
      0.38000000000000006,
      0.4000000000000001,
      0.4200000000000001,
      0.4400000000000001,
      0.46000000000000013,
      0.48000000000000015,
      0.5000000000000001,
      0.5200000000000001,
      0.5400000000000001,
      0.5600000000000002,
      0.5800000000000002,
      0.6000000000000002,
      0.6200000000000002,
      0.6400000000000002,
      0.6600000000000003,
      0.6800000000000003,
      0.7000000000000003,
      0.7200000000000003,
      0.7400000000000003,
      0.7600000000000003,
      0.7800000000000004,
      0.8000000000000004,
      0.8200000000000004,
      0.8400000000000004,
      0.8600000000000004,
      0.8800000000000004,
      0.9000000000000005,
      0.9200000000000005,
      0.9400000000000005,
      0.9600000000000005,
      0.9800000000000005,
      1.0000000000000004,
      1.0200000000000005,
      1.0400000000000005,
      1.0600000000000005,
      1.0800000000000005,
      1.1000000000000005,
      1.1200000000000006,
      1.1400000000000006,
      1.1600000000000006,
      1.1800000000000006,
      1.2000000000000006,
      1.2200000000000006,
      1.2400000000000007,
      1.2600000000000007,
      1.2800000000000007,
      1.3000000000000007,
      1.3200000000000007,
      1.3400000000000007,
      1.3600000000000008,
      1.3800000000000008,
      1.4000000000000008,
      1.4200000000000008,
      1.4400000000000008,
      1.4600000000000009,
      1.4800000000000009,
      1.5000000000000009,
      1.520000000000001,
      1.540000000000001,
      1.560000000000001,
      1.580000000000001,
      1.600000000000001,
      1.620000000000001,
      1.640000000000001,
      1.660000000000001,
      1.680000000000001,
      1.700000000000001,
      1.720000000000001,
      1.740000000000001,
      1.7600000000000011,
      1.7800000000000011,
      1.8000000000000012,
      1.8200000000000012,
      1.8400000000000012,
      1.8600000000000012,
      1.8800000000000012,
      1.9000000000000012,
      1.9200000000000013,
      1.9400000000000013,
      1.9600000000000013,
      1.9800000000000013
    ],
    "action": [
      4.109653472900391,
      4.7758612632751465,
      4.791430473327637,
      4.246464729309082,
      3.417637348175049,
      2.4918010234832764,
      1.6123570203781128,
      0.8899824023246765,
      0.3623760938644409,
      0.009863065555691719,
      -7.962932586669922,
      -7.781731128692627,
      -7.504146575927734,
      -7.110994338989258,
      -6.567354679107666,
      -5.782107353210449,
      -4.696657180786133,
      -3.1934492588043213,
      -0.26049327850341797,
      2.9299657344818115,
      4.02053689956665,
      4.519315719604492,
      5.181435585021973,
      5.628750801086426,
      5.425392150878906,
      4.795012950897217,
      3.995601177215576,
      3.1395206451416016,
      2.2813284397125244,
      1.4951308965682983,
      0.8605068325996399,
      -7.537004470825195,
      -7.2778825759887695,
      -6.9213643074035645,
      -6.450250625610352,
      -5.804343223571777,
      -4.9186882972717285,
      -3.83046293258667,
      -2.1376333236694336,
      1.1954796314239502,
      3.609124183654785,
      4.313227653503418,
      4.8207926750183105,
      5.489880561828613,
      5.749482154846191,
      5.377338886260986,
      4.665489196777344,
      3.8289284706115723,
      2.9529058933258057,
      2.093136787414551,
      1.3317123651504517,
      0.7411959767341614,
      -7.513460636138916,
      -7.260924339294434,
      -6.912810325622559,
      -6.452805042266846,
      -5.824004650115967,
      -4.958391189575195,
      -3.8905742168426514,
      -2.276623249053955,
      0.981007993221283,
      3.546253204345703,
      4.306224346160889,
      4.81409215927124,
      5.485869884490967,
      5.7605085372924805,
      5.39523458480835,
      4.680219650268555,
      3.8350164890289307,
      2.948455572128296,
      2.079540491104126,
      1.3131309747695923,
      0.7216676473617554,
      -7.507269382476807,
      -7.259918212890625,
      -6.918217658996582,
      -6.4665656089782715,
      -5.850398540496826,
      -4.999114990234375,
      -3.943995475769043,
      -2.3810009956359863,
      0.8167827129364014,
      3.4893360137939453,
      4.2912468910217285,
      4.797214984893799,
      5.471034049987793,
      5.762538909912109,
      5.4074296951293945,
      4.69383430480957,
      3.846038579940796,
      2.9555234909057617,
      2.0821902751922607,
      1.311514973640442,
      0.7164634466171265,
      -7.4969258308410645,
      -7.251662254333496,
      -6.913022518157959,
      -6.465885639190674,
      -5.856778144836426,
      -5.014308929443359
    ],