{
  "run_name": "ppo_z_penalty_e_0p950_seed_0_alpha_0p010_ztol_0p000_wc_1p000_beta_0p000",
  "controller": "ppo",
  "controller_family": "rl",
  "seed": 0,
  "timesteps": 500000,
  "reward_variant": "z_penalty",
  "collision_restitution": 0.95,
  "collision_reward_weight": 1.0,
  "z_position_penalty_weight": 0.01,
  "z_position_tolerance": 0.0,
  "swing_growth_reward_weight": 0.05,
  "model_path": "/Users/ahmadataka/Documents/Bitbucket - Ataka/latto_latto_control/models/restitution_sweep/ppo_z_penalty_e_0p950_seed_0_alpha_0p010_ztol_0p000_wc_1p000_beta_0p000.zip",
  "evaluation": {
    "reward_sum": -0.002679154070537315,
    "alternating_collisions": 0,
    "longest_alternating_streak": 0,
    "total_collisions": 5,
    "time_to_first_alternating_collision": null,
    "mean_abs_z": 0.049276353005552664,
    "max_abs_z": 0.0672762542963028,
    "mean_collision_energy_loss": 1.4394538879394532,
    "time": [
      0.0,
      0.02,
      0.04,
      0.06,
      0.08,
      0.1,
      0.12000000000000001,
      0.14,
      0.16,
      0.18,
      0.19999999999999998,
      0.21999999999999997,
      0.23999999999999996,
      0.25999999999999995,
      0.27999999999999997,
      0.3,
      0.32,
      0.34,
      0.36000000000000004,
      0.38000000000000006,
      0.4000000000000001,
      0.4200000000000001,
      0.4400000000000001,
      0.46000000000000013,
      0.48000000000000015,
      0.5000000000000001,
      0.5200000000000001,
      0.5400000000000001,
      0.5600000000000002,
      0.5800000000000002,
      0.6000000000000002,
      0.6200000000000002,
      0.6400000000000002,
      0.6600000000000003,
      0.6800000000000003,
      0.7000000000000003,
      0.7200000000000003,
      0.7400000000000003,
      0.7600000000000003,
      0.7800000000000004,
      0.8000000000000004,
      0.8200000000000004,
      0.8400000000000004,
      0.8600000000000004,
      0.8800000000000004,
      0.9000000000000005,
      0.9200000000000005,
      0.9400000000000005,
      0.9600000000000005,
      0.9800000000000005,
      1.0000000000000004,
      1.0200000000000005,
      1.0400000000000005,
      1.0600000000000005,
      1.0800000000000005,
      1.1000000000000005,
      1.1200000000000006,
      1.1400000000000006,
      1.1600000000000006,
      1.1800000000000006,
      1.2000000000000006,
      1.2200000000000006,
      1.2400000000000007,
      1.2600000000000007,
      1.2800000000000007,
      1.3000000000000007,
      1.3200000000000007,
      1.3400000000000007,
      1.3600000000000008,
      1.3800000000000008,
      1.4000000000000008,
      1.4200000000000008,
      1.4400000000000008,
      1.4600000000000009,
      1.4800000000000009,
      1.5000000000000009,
      1.520000000000001,
      1.540000000000001,
      1.560000000000001,
      1.580000000000001,
      1.600000000000001,
      1.620000000000001,
      1.640000000000001,
      1.660000000000001,
      1.680000000000001,
      1.700000000000001,
      1.720000000000001,
      1.740000000000001,
      1.7600000000000011,
      1.7800000000000011,
      1.8000000000000012,
      1.8200000000000012,
      1.8400000000000012,
      1.8600000000000012,
      1.8800000000000012,
      1.9000000000000012,
      1.9200000000000013,
      1.9400000000000013,
      1.9600000000000013,
      1.9800000000000013
    ],
    "action": [
      2.867520570755005,
      2.8260257244110107,
      2.005199670791626,
      1.0636950731277466,
      0.27078497409820557,
      -0.3102019429206848,
      -0.7104611396789551,
      -0.9769587516784668,
      -1.1467788219451904,
      -1.2446130514144897,
      -1.2855119705200195,
      -0.28738653659820557,
      -0.22274307906627655,
      -0.23745159804821014,
      -0.31484556198120117,
      -0.43743181228637695,
      -0.5845117568969727,
      -0.7301846742630005,
      -0.8406068086624146,
      -0.8670165538787842,
      -0.7273529767990112,
      -0.2461937516927719,
      1.2801326513290405,
      2.787250518798828,
      2.4973461627960205,
      1.700512409210205,
      0.8710450530052185,
      0.19809161126613617,
      -0.29181528091430664,
      -0.6307938098907471,
      -0.8563278913497925,
      -0.9970101714134216,
      -1.0718908309936523,
      -0.9246272444725037,
      -0.7518997192382812,
      -0.668769121170044,
      -0.6543902158737183,
      -0.6881386041641235,
      -0.7479040026664734,
      -0.8075993061065674,
      -0.8329678773880005,
      -0.7726049423217773,
      -0.5358476042747498,
      0.10412229597568512,
      1.886094331741333,
      2.8012046813964844,
      2.396357297897339,
      1.628401279449463,
      0.8658390641212463,
      0.25426608324050903,
      -0.1919560581445694,
      -0.5020948052406311,
      -0.7081913948059082,
      -0.8346543908119202,
      -0.897963285446167,
      -1.276891827583313,
      -1.0355147123336792,
      -0.888116717338562,
      -0.8129434585571289,
      -0.7880033254623413,
      -0.7900584936141968,
      -0.7919570207595825,
      -0.7576326727867126,
      -0.6316344141960144,
      -0.31051939725875854,
      0.5123636722564697,
      2.309282064437866,
      2.7777516841888428,
      2.308286428451538,
      1.5740278959274292,
      0.8686062097549438,
      0.30569958686828613,
      -0.10678793489933014,
      -0.39490318298339844,
      -0.5864495038986206,
      -0.702796220779419,
      -1.7345879077911377,
      -1.4085615873336792,
      -1.1819562911987305,
      -1.0342390537261963,
      -0.9423826932907104,
      -0.8816162943840027,
      -0.8232008218765259,
      -0.729105532169342,
      -0.5402703285217285,
      -0.1394033282995224,
      0.8506293892860413,
      2.4806182384490967,
      2.715852975845337,
      2.2324678897857666,
      1.540567398071289,
      0.8846157789230347,
      0.3593689799308777,
      -0.028659358620643616,
      -0.3017943501472473,
      -0.48433995246887207,
      -0.5954000949859619,
      -2.008229970932007,
      -1.629942536354065,
      -1.3514915704727173
    ],