{
  "run_name": "ppo_z_penalty_e_0p800_seed_3_alpha_0p010_ztol_0p000_wc_1p000_beta_0p000",
  "controller": "ppo",
  "controller_family": "rl",
  "seed": 3,
  "timesteps": 500000,
  "reward_variant": "z_penalty",
  "collision_restitution": 0.8,
  "collision_reward_weight": 1.0,
  "z_position_penalty_weight": 0.01,
  "z_position_tolerance": 0.0,
  "swing_growth_reward_weight": 0.05,
  "model_path": "/Users/ahmadataka/Documents/Bitbucket - Ataka/latto_latto_control/models/restitution_sweep/ppo_z_penalty_e_0p800_seed_3_alpha_0p010_ztol_0p000_wc_1p000_beta_0p000.zip",
  "evaluation": {
    "reward_sum": -2.6804096477081596e-05,
    "alternating_collisions": 0,
    "longest_alternating_streak": 0,
    "total_collisions": 5,
    "time_to_first_alternating_collision": null,
    "mean_abs_z": 0.004331351009313949,
    "max_abs_z": 0.011129049584269524,
    "mean_collision_energy_loss": 4.732030391693115,
    "time": [
      0.0,
      0.02,
      0.04,
      0.06,
      0.08,
      0.1,
      0.12000000000000001,
      0.14,
      0.16,
      0.18,
      0.19999999999999998,
      0.21999999999999997,
      0.23999999999999996,
      0.25999999999999995,
      0.27999999999999997,
      0.3,
      0.32,
      0.34,
      0.36000000000000004,
      0.38000000000000006,
      0.4000000000000001,
      0.4200000000000001,
      0.4400000000000001,
      0.46000000000000013,
      0.48000000000000015,
      0.5000000000000001,
      0.5200000000000001,
      0.5400000000000001,
      0.5600000000000002,
      0.5800000000000002,
      0.6000000000000002,
      0.6200000000000002,
      0.6400000000000002,
      0.6600000000000003,
      0.6800000000000003,
      0.7000000000000003,
      0.7200000000000003,
      0.7400000000000003,
      0.7600000000000003,
      0.7800000000000004,
      0.8000000000000004,
      0.8200000000000004,
      0.8400000000000004,
      0.8600000000000004,
      0.8800000000000004,
      0.9000000000000005,
      0.9200000000000005,
      0.9400000000000005,
      0.9600000000000005,
      0.9800000000000005,
      1.0000000000000004,
      1.0200000000000005,
      1.0400000000000005,
      1.0600000000000005,
      1.0800000000000005,
      1.1000000000000005,
      1.1200000000000006,
      1.1400000000000006,
      1.1600000000000006,
      1.1800000000000006,
      1.2000000000000006,
      1.2200000000000006,
      1.2400000000000007,
      1.2600000000000007,
      1.2800000000000007,
      1.3000000000000007,
      1.3200000000000007,
      1.3400000000000007,
      1.3600000000000008,
      1.3800000000000008,
      1.4000000000000008,
      1.4200000000000008,
      1.4400000000000008,
      1.4600000000000009,
      1.4800000000000009,
      1.5000000000000009,
      1.520000000000001,
      1.540000000000001,
      1.560000000000001,
      1.580000000000001,
      1.600000000000001,
      1.620000000000001,
      1.640000000000001,
      1.660000000000001,
      1.680000000000001,
      1.700000000000001,
      1.720000000000001,
      1.740000000000001,
      1.7600000000000011,
      1.7800000000000011,
      1.8000000000000012,
      1.8200000000000012,
      1.8400000000000012,
      1.8600000000000012,
      1.8800000000000012,
      1.9000000000000012,
      1.9200000000000013,
      1.9400000000000013,
      1.9600000000000013,
      1.9800000000000013
    ],
    "action": [
      -3.7194225788116455,
      -1.8307820558547974,
      -0.38701432943344116,
      0.5502561926841736,
      1.2105368375778198,
      1.6674116849899292,
      1.965636134147644,
      2.1442744731903076,
      2.2326772212982178,
      2.2498273849487305,
      2.205293893814087,
      2.1007542610168457,
      -2.677579164505005,
      -2.4927866458892822,
      -2.2722020149230957,
      -2.0079681873321533,
      -1.7006982564926147,
      -1.3594372272491455,
      -1.0009082555770874,
      -0.6513116955757141,
      -0.35221582651138306,
      -0.1697128862142563,
      -0.18120981752872467,
      -0.3177884817123413,
      -0.22803674638271332,
      0.15827852487564087,
      0.6411947011947632,
      1.0917448997497559,
      1.4457982778549194,
      1.6935702562332153,
      1.846553921699524,
      1.9187160730361938,
      1.9205527305603027,
      1.8578672409057617,
      1.7324022054672241,
      -2.576749324798584,
      -2.3177754878997803,
      -2.0300796031951904,
      -1.7105697393417358,
      -1.3675860166549683,
      -1.0176751613616943,
      -0.683586597442627,
      -0.3956734538078308,
      -0.19585327804088593,
      -0.1327611356973648,
      -0.19981826841831207,
      -0.22115571796894073,
      -0.028034940361976624,
      0.3041757643222809,
      0.6688089966773987,
      0.9949405789375305,
      1.2477943897247314,
      1.4206830263137817,
      1.518201231956482,
      1.546913981437683,
      1.5122575759887695,
      1.4182230234146118,
      -2.258211851119995,
      -1.905969262123108,
      -1.55316960811615,
      -1.2062073945999146,
      -0.8783316016197205,
      -0.5852624773979187,
      -0.3451364040374756,
      -0.18016381561756134,
      -0.11248193681240082,
      -0.13611169159412384,
      -0.1677776724100113,
      -0.09187699854373932,
      0.09968943893909454,
      0.3477492332458496,
      0.6019206643104553,
      0.82430100440979,
      0.9943794012069702,
      1.1056824922561646,
      1.1587339639663696,
      1.1565876007080078,
      1.10313081741333,
      -1.7762389183044434,
      -1.3633836507797241,
      -1.0106925964355469,
      -0.7162562012672424,
      -0.4795583486557007,
      -0.3018428087234497,
      -0.18648938834667206,
      -0.13475994765758514,
      -0.13308243453502655,
      -0.13949215412139893,
      -0.10050337016582489,
      0.0024489909410476685,
      0.15051424503326416,
      0.3187592029571533,
      0.4836931824684143,
      0.6256594061851501,
      0.7323141694068909,
      0.7981640696525574,
      0.8222500681877136,
      0.8062435984611511,
      0.753466784954071,
      -1.4962115287780762
    ],