{
  "run_name": "ppo_z_penalty_e_0p800_seed_2_alpha_0p010_ztol_0p000_wc_1p000_beta_0p000",
  "controller": "ppo",
  "controller_family": "rl",
  "seed": 2,
  "timesteps": 500000,
  "reward_variant": "z_penalty",
  "collision_restitution": 0.8,
  "collision_reward_weight": 1.0,
  "z_position_penalty_weight": 0.01,
  "z_position_tolerance": 0.0,
  "swing_growth_reward_weight": 0.05,
  "model_path": "/Users/ahmadataka/Documents/Bitbucket - Ataka/latto_latto_control/models/restitution_sweep/ppo_z_penalty_e_0p800_seed_2_alpha_0p010_ztol_0p000_wc_1p000_beta_0p000.zip",
  "evaluation": {
    "reward_sum": -0.017630335042274403,
    "alternating_collisions": 0,
    "longest_alternating_streak": 0,
    "total_collisions": 4,
    "time_to_first_alternating_collision": null,
    "mean_abs_z": 0.1253138628299348,
    "max_abs_z": 0.17802616953849792,
    "mean_collision_energy_loss": 10.939653396606445,
    "time": [
      0.0,
      0.02,
      0.04,
      0.06,
      0.08,
      0.1,
      0.12000000000000001,
      0.14,
      0.16,
      0.18,
      0.19999999999999998,
      0.21999999999999997,
      0.23999999999999996,
      0.25999999999999995,
      0.27999999999999997,
      0.3,
      0.32,
      0.34,
      0.36000000000000004,
      0.38000000000000006,
      0.4000000000000001,
      0.4200000000000001,
      0.4400000000000001,
      0.46000000000000013,
      0.48000000000000015,
      0.5000000000000001,
      0.5200000000000001,
      0.5400000000000001,
      0.5600000000000002,
      0.5800000000000002,
      0.6000000000000002,
      0.6200000000000002,
      0.6400000000000002,
      0.6600000000000003,
      0.6800000000000003,
      0.7000000000000003,
      0.7200000000000003,
      0.7400000000000003,
      0.7600000000000003,
      0.7800000000000004,
      0.8000000000000004,
      0.8200000000000004,
      0.8400000000000004,
      0.8600000000000004,
      0.8800000000000004,
      0.9000000000000005,
      0.9200000000000005,
      0.9400000000000005,
      0.9600000000000005,
      0.9800000000000005,
      1.0000000000000004,
      1.0200000000000005,
      1.0400000000000005,
      1.0600000000000005,
      1.0800000000000005,
      1.1000000000000005,
      1.1200000000000006,
      1.1400000000000006,
      1.1600000000000006,
      1.1800000000000006,
      1.2000000000000006,
      1.2200000000000006,
      1.2400000000000007,
      1.2600000000000007,
      1.2800000000000007,
      1.3000000000000007,
      1.3200000000000007,
      1.3400000000000007,
      1.3600000000000008,
      1.3800000000000008,
      1.4000000000000008,
      1.4200000000000008,
      1.4400000000000008,
      1.4600000000000009,
      1.4800000000000009,
      1.5000000000000009,
      1.520000000000001,
      1.540000000000001,
      1.560000000000001,
      1.580000000000001,
      1.600000000000001,
      1.620000000000001,
      1.640000000000001,
      1.660000000000001,
      1.680000000000001,
      1.700000000000001,
      1.720000000000001,
      1.740000000000001,
      1.7600000000000011,
      1.7800000000000011,
      1.8000000000000012,
      1.8200000000000012,
      1.8400000000000012,
      1.8600000000000012,
      1.8800000000000012,
      1.9000000000000012,
      1.9200000000000013,
      1.9400000000000013,
      1.9600000000000013,
      1.9800000000000013
    ],
    "action": [
      2.4050214290618896,
      1.829908013343811,
      1.8570863008499146,
      2.749450922012329,
      3.5140395164489746,
      3.9738516807556152,
      4.1815996170043945,
      4.2119832038879395,
      4.106693267822266,
      3.876197338104248,
      -5.482409954071045,
      -5.326591491699219,
      -5.120852947235107,
      -4.85312032699585,
      -4.509301662445068,
      -4.072807788848877,
      -3.5232248306274414,
      -2.834225654602051,
      -1.9747669696807861,
      -0.9275568127632141,
      0.2589668035507202,
      1.3620505332946777,
      1.7954943180084229,
      1.4272730350494385,
      1.0617568492889404,
      1.764108419418335,
      2.787090539932251,
      3.5530850887298584,
      3.987668752670288,
      4.169802665710449,
      4.175223350524902,
      4.04113245010376,
      3.7725284099578857,
      -5.480396747589111,
      -5.321594715118408,
      -5.112943172454834,
      -4.8429083824157715,
      -4.498412609100342,
      -4.064481258392334,
      -3.522963285446167,
      -2.8501293659210205,
      -2.0163674354553223,
      -1.0017309188842773,
      0.15146449208259583,
      1.2279295921325684,
      1.668788194656372,
      1.3575494289398193,
      1.0429611206054688,
      1.7061512470245361,
      2.771362543106079,
      3.589369535446167,
      4.060275077819824,
      4.264429569244385,
      4.285074710845947,
      4.164520740509033,
      3.9103403091430664,
      -5.437164306640625,
      -5.265161037445068,
      -5.040861129760742,
      -4.752880573272705,
      -4.388505458831787,
      -3.933138132095337,
      -3.368598699569702,
      -2.670311212539673,
      -1.8078486919403076,
      -0.7648561000823975,
      0.40295928716659546,
      1.4539191722869873,
      1.8100610971450806,
      1.4984021186828613,
      1.2357089519500732,
      1.9923352003097534,
      3.028441905975342,
      3.781397819519043,
      4.195626735687256,
      4.361210346221924,
      4.355842590332031,
      4.21539831161499,
      3.9425666332244873,
      -5.418572902679443,
      -5.241553783416748,
      -5.01128625869751,
      -4.716403484344482,
      -4.344231128692627,
      -3.880117416381836,
      -3.3055732250213623,
      -2.5953853130340576,
      -1.7188894748687744,
      -0.6622076034545898,
      0.5121116638183594,
      1.550102710723877,
      1.8665310144424438,
      1.550015926361084,
      1.3058812618255615,
      2.097280740737915,
      3.113689661026001,
      3.8363265991210938,
      4.226901054382324,
      4.3769025802612305,
      4.360619068145752
    ],