{
  "run_name": "ppo_swing_growth_e_0p800_seed_0_alpha_0p010_ztol_0p000_wc_1p000_beta_0p050",
  "controller": "ppo",
  "controller_family": "rl",
  "seed": 0,
  "timesteps": 500000,
  "reward_variant": "swing_growth",
  "collision_restitution": 0.8,
  "collision_reward_weight": 1.0,
  "z_position_penalty_weight": 0.01,
  "z_position_tolerance": 0.0,
  "swing_growth_reward_weight": 0.05,
  "model_path": "/Users/ahmadataka/Documents/Bitbucket - Ataka/latto_latto_control/models/restitution_sweep/ppo_swing_growth_e_0p800_seed_0_alpha_0p010_ztol_0p000_wc_1p000_beta_0p050.zip",
  "evaluation": {
    "reward_sum": 0.21892839911765805,
    "alternating_collisions": 0,
    "longest_alternating_streak": 0,
    "total_collisions": 4,
    "time_to_first_alternating_collision": null,
    "mean_abs_z": 0.06990106586483308,
    "max_abs_z": 0.12193915247917175,
    "mean_collision_energy_loss": 13.030128002166748,
    "time": [
      0.0,
      0.02,
      0.04,
      0.06,
      0.08,
      0.1,
      0.12000000000000001,
      0.14,
      0.16,
      0.18,
      0.19999999999999998,
      0.21999999999999997,
      0.23999999999999996,
      0.25999999999999995,
      0.27999999999999997,
      0.3,
      0.32,
      0.34,
      0.36000000000000004,
      0.38000000000000006,
      0.4000000000000001,
      0.4200000000000001,
      0.4400000000000001,
      0.46000000000000013,
      0.48000000000000015,
      0.5000000000000001,
      0.5200000000000001,
      0.5400000000000001,
      0.5600000000000002,
      0.5800000000000002,
      0.6000000000000002,
      0.6200000000000002,
      0.6400000000000002,
      0.6600000000000003,
      0.6800000000000003,
      0.7000000000000003,
      0.7200000000000003,
      0.7400000000000003,
      0.7600000000000003,
      0.7800000000000004,
      0.8000000000000004,
      0.8200000000000004,
      0.8400000000000004,
      0.8600000000000004,
      0.8800000000000004,
      0.9000000000000005,
      0.9200000000000005,
      0.9400000000000005,
      0.9600000000000005,
      0.9800000000000005,
      1.0000000000000004,
      1.0200000000000005,
      1.0400000000000005,
      1.0600000000000005,
      1.0800000000000005,
      1.1000000000000005,
      1.1200000000000006,
      1.1400000000000006,
      1.1600000000000006,
      1.1800000000000006,
      1.2000000000000006,
      1.2200000000000006,
      1.2400000000000007,
      1.2600000000000007,
      1.2800000000000007,
      1.3000000000000007,
      1.3200000000000007,
      1.3400000000000007,
      1.3600000000000008,
      1.3800000000000008,
      1.4000000000000008,
      1.4200000000000008,
      1.4400000000000008,
      1.4600000000000009,
      1.4800000000000009,
      1.5000000000000009,
      1.520000000000001,
      1.540000000000001,
      1.560000000000001,
      1.580000000000001,
      1.600000000000001,
      1.620000000000001,
      1.640000000000001,
      1.660000000000001,
      1.680000000000001,
      1.700000000000001,
      1.720000000000001,
      1.740000000000001,
      1.7600000000000011,
      1.7800000000000011,
      1.8000000000000012,
      1.8200000000000012,
      1.8400000000000012,
      1.8600000000000012,
      1.8800000000000012,
      1.9000000000000012,
      1.9200000000000013,
      1.9400000000000013,
      1.9600000000000013,
      1.9800000000000013
    ],
    "action": [
      2.937124013900757,
      5.070443630218506,
      4.644095420837402,
      3.636007308959961,
      2.775022029876709,
      2.152193307876587,
      1.7274847030639648,
      1.4524016380310059,
      1.292306900024414,
      1.2259999513626099,
      -3.383998394012451,
      -3.680795669555664,
      -4.019537448883057,
      -4.378819942474365,
      -4.733486652374268,
      -5.05888032913208,
      -5.3346028327941895,
      -5.545496463775635,
      -5.678908824920654,
      -5.717147350311279,
      -5.619781494140625,
      -5.287974834442139,
      -4.558660984039307,
      -3.362879991531372,
      -1.626455545425415,
      1.8505730628967285,
      6.542745113372803,
      7.269092559814453,
      6.196054458618164,
      4.861716270446777,
      3.8142895698547363,
      3.115734100341797,
      2.6870436668395996,
      2.4564249515533447,
      2.381356954574585,
      -0.10856855660676956,
      -0.3395655155181885,
      -0.652043342590332,
      -1.0568994283676147,
      -1.5573334693908691,
      -2.1368894577026367,
      -2.747076988220215,
      -3.307305097579956,
      -3.7188496589660645,
      -3.8561081886291504,
      -3.5066492557525635,
      -2.4248664379119873,
      -0.40192750096321106,
      4.072280406951904,
      7.466813564300537,
      7.316087245941162,
      6.008184432983398,
      4.6462931632995605,
      3.6304571628570557,
      2.9592058658599854,
      2.543456792831421,
      2.3137588500976562,
      2.229938268661499,
      -0.5154424905776978,
      -0.8263925313949585,
      -1.2314295768737793,
      -1.7355945110321045,
      -2.3281121253967285,
      -2.971768856048584,
      -3.6026813983917236,
      -4.14921236038208,
      -4.553694725036621,
      -4.7670159339904785,
      -4.702386379241943,
      -4.163316249847412,
      -2.90749454498291,
      -0.6235511302947998,
      4.2473320960998535,
      7.242852687835693,
      6.835482120513916,
      5.443385601043701,
      4.145633697509766,
      3.215184450149536,
      2.6061160564422607,
      2.228483200073242,
      2.0193898677825928,
      1.943507432937622,
      -0.6151227951049805,
      -0.9366037845611572,
      -1.3543483018875122,
      -1.872342824935913,
      -2.4777650833129883,
      -3.1307244300842285,
      -3.7659683227539062,
      -4.314159393310547,
      -4.723917007446289,
      -4.956895351409912,
      -4.947965621948242,
      -4.538223743438721,
      -3.5028672218322754,
      -1.68580162525177,
      2.1161556243896484,
      6.632911205291748,
      7.142140865325928,
      5.912040710449219
    ],