{
  "run_name": "pumping_swing_growth_e_0p900_seed_0_alpha_0p010_ztol_0p000_wc_1p000_beta_0p050",
  "controller": "pumping",
  "controller_family": "heuristic",
  "seed": 0,
  "timesteps": 1,
  "reward_variant": "swing_growth",
  "collision_restitution": 0.9,
  "collision_reward_weight": 1.0,
  "z_position_penalty_weight": 0.01,
  "z_position_tolerance": 0.0,
  "swing_growth_reward_weight": 0.05,
  "model_path": "/Users/ahmadataka/Documents/Bitbucket - Ataka/latto_latto_control/models/restitution_sweep/pumping_swing_growth_e_0p900_seed_0_alpha_0p010_ztol_0p000_wc_1p000_beta_0p050.json",
  "evaluation": {
    "reward_sum": 0.2304411018267274,
    "alternating_collisions": 0,
    "longest_alternating_streak": 0,
    "total_collisions": 4,
    "time_to_first_alternating_collision": null,
    "mean_abs_z": 0.24102003141539172,
    "max_abs_z": 0.3649047911167145,
    "mean_collision_energy_loss": 11.983889102935791,
    "time": [
      0.0,
      0.02,
      0.04,
      0.06,
      0.08,
      0.1,
      0.12000000000000001,
      0.14,
      0.16,
      0.18,
      0.19999999999999998,
      0.21999999999999997,
      0.23999999999999996,
      0.25999999999999995,
      0.27999999999999997,
      0.3,
      0.32,
      0.34,
      0.36000000000000004,
      0.38000000000000006,
      0.4000000000000001,
      0.4200000000000001,
      0.4400000000000001,
      0.46000000000000013,
      0.48000000000000015,
      0.5000000000000001,
      0.5200000000000001,
      0.5400000000000001,
      0.5600000000000002,
      0.5800000000000002,
      0.6000000000000002,
      0.6200000000000002,
      0.6400000000000002,
      0.6600000000000003,
      0.6800000000000003,
      0.7000000000000003,
      0.7200000000000003,
      0.7400000000000003,
      0.7600000000000003,
      0.7800000000000004,
      0.8000000000000004,
      0.8200000000000004,
      0.8400000000000004,
      0.8600000000000004,
      0.8800000000000004,
      0.9000000000000005,
      0.9200000000000005,
      0.9400000000000005,
      0.9600000000000005,
      0.9800000000000005,
      1.0000000000000004,
      1.0200000000000005,
      1.0400000000000005,
      1.0600000000000005,
      1.0800000000000005,
      1.1000000000000005,
      1.1200000000000006,
      1.1400000000000006,
      1.1600000000000006,
      1.1800000000000006,
      1.2000000000000006,
      1.2200000000000006,
      1.2400000000000007,
      1.2600000000000007,
      1.2800000000000007,
      1.3000000000000007,
      1.3200000000000007,
      1.3400000000000007,
      1.3600000000000008,
      1.3800000000000008,
      1.4000000000000008,
      1.4200000000000008,
      1.4400000000000008,
      1.4600000000000009,
      1.4800000000000009,
      1.5000000000000009,
      1.520000000000001,
      1.540000000000001,
      1.560000000000001,
      1.580000000000001,
      1.600000000000001,
      1.620000000000001,
      1.640000000000001,
      1.660000000000001,
      1.680000000000001,
      1.700000000000001,
      1.720000000000001,
      1.740000000000001,
      1.7600000000000011,
      1.7800000000000011,
      1.8000000000000012,
      1.8200000000000012,
      1.8400000000000012,
      1.8600000000000012,
      1.8800000000000012,
      1.9000000000000012,
      1.9200000000000013,
      1.9400000000000013,
      1.9600000000000013,
      1.9800000000000013
    ],
    "action": [
      0.0,
      6.0,
      6.0,
      6.0,
      6.0,
      6.0,
      6.0,
      6.0,
      6.0,
      6.0,
      -6.0,
      -6.0,
      -6.0,
      -6.0,
      -6.0,
      -6.0,
      -6.0,
      -6.0,
      -6.0,
      -6.0,
      -6.0,
      -6.0,
      5.828609466552734,
      3.4312570095062256,
      1.4126946926116943,
      -0.2833324670791626,
      -1.707973837852478,
      -2.9041967391967773,
      6.0,
      6.0,
      6.0,
      6.0,
      6.0,
      6.0,
      6.0,
      6.0,
      6.0,
      -6.0,
      -6.0,
      -6.0,
      -6.0,
      -6.0,
      -6.0,
      -6.0,
      -6.0,
      10.0,
      6.0,
      6.0,
      6.0,
      6.0,
      -6.0,
      -6.0,
      -6.0,
      -6.0,
      -6.0,
      -6.0,
      -4.013799667358398,
      -4.841056823730469,
      6.0,
      6.0,
      6.0,
      6.0,
      6.0,
      6.0,
      6.0,
      6.0,
      -6.0,
      -6.0,
      -6.0,
      -6.0,
      -6.0,
      -6.0,
      -6.0,
      -6.0,
      10.0,
      6.0,
      6.0,
      6.0,
      6.0,
      -6.0,
      -6.0,
      -6.0,
      -6.0,
      -6.0,
      -6.0,
      -6.0,
      -6.0,
      -6.0,
      -4.847559928894043,
      -5.541786193847656,
      6.0,
      6.0,
      6.0,
      6.0,
      6.0,
      6.0,
      6.0,
      6.0,
      -6.0,
      -6.0
    ],
    "z": [
      0.0,
      0.0023999998811632395,
      0.007199999876320362,
      0.014399999752640724,
      0.024000000208616257,
      0.035999998450279236,
      0.05039999634027481,
      0.06719999760389328,
      0.08639999479055405,
      0.10799999535083771,
      0.12719999253749847,
      0.14399999380111694,
      0.15839999914169312,
      0.1703999936580658,
      0.17999999225139618,
      0.18719999492168427,
      0.19199998676776886,
      0.19439998269081116,
      0.19439998269081116,
      0.19199998676776886,
      0.18719998002052307,
      0.17999997735023499,
      0.1751314252614975,
      0.17163537442684174,
      0.16870439052581787,
      0.1656600832939148,
      0.1619325876235962,
      0.15704341232776642,
      0.15455423295497894,
      0.15446504950523376,
      0.15677587687969208,
      0.1614867001771927,
      0.1685975193977356,
      0.1781083345413208,
      0.1900191605091095,
      0.2043299823999405,
      0.22104080021381378,
      0.23535162210464478,
      0.24726244807243347,
      0.2567732632160187,
      0.2638840973377228,
      0.2685949206352234,
      0.2709057331085205,
      0.2708165645599365,
      0.26832738518714905,
      0.26983821392059326,
      0.2737490236759186,
      0.2800598442554474,
      0.2887706756591797,
      0.2998814880847931,
      0.3085923194885254,
      0.3149031400680542,
      0.3188139498233795,
      0.32032477855682373,
      0.31943559646606445,
      0.3161464035511017,
      0.311251699924469,
      0.3044205904006958,
      0.2999894618988037,
      0.2979583442211151,
      0.29832723736763,
      0.301096111536026,
      0.3062649965286255,
      0.3138338625431061,
      0.32380273938179016,
      0.33617162704467773,
      0.3461405038833618,
      0.3537093698978424,
      0.3588782548904419,
      0.3616471290588379,
      0.3620159924030304,
      0.3599848747253418,
      0.3555537462234497,
      0.3487226366996765,
      0.3458915054798126,
      0.3454603850841522,
      0.3474292755126953,
      0.3517981469631195,
      0.3585670292377472,
      0.3629359006881714,
      0.3649047911167145,
      0.3644736707210541,
      0.3616425395011902,
      0.3564114272594452,
      0.3487803041934967,
      0.3387491703033447,
      0.32631805539131165,
      0.3114869296550751,
      0.2947167754173279,
      0.2757299244403839,
      0.25914305448532104,
      0.24495619535446167,
      0.2331693321466446,
      0.223782479763031,
      0.21679562330245972,
      0.21220876276493073,
      0.21002189815044403,
      0.21023504436016083,
      0.20804817974567413,
      0.20346131920814514
    ],