{
  "run_name": "pumping_swing_growth_e_0p950_seed_1_alpha_0p010_ztol_0p000_wc_1p000_beta_0p050",
  "controller": "pumping",
  "controller_family": "heuristic",
  "seed": 1,
  "timesteps": 1,
  "reward_variant": "swing_growth",
  "collision_restitution": 0.95,
  "collision_reward_weight": 1.0,
  "z_position_penalty_weight": 0.01,
  "z_position_tolerance": 0.0,
  "swing_growth_reward_weight": 0.05,
  "model_path": "/Users/ahmadataka/Documents/Bitbucket - Ataka/latto_latto_control/models/restitution_sweep/pumping_swing_growth_e_0p950_seed_1_alpha_0p010_ztol_0p000_wc_1p000_beta_0p050.json",
  "evaluation": {
    "reward_sum": 0.23962148568534758,
    "alternating_collisions": 0,
    "longest_alternating_streak": 0,
    "total_collisions": 4,
    "time_to_first_alternating_collision": null,
    "mean_abs_z": 0.24851724981563167,
    "max_abs_z": 0.36575382947921753,
    "mean_collision_energy_loss": 6.321545600891113,
    "time": [
      0.0,
      0.02,
      0.04,
      0.06,
      0.08,
      0.1,
      0.12000000000000001,
      0.14,
      0.16,
      0.18,
      0.19999999999999998,
      0.21999999999999997,
      0.23999999999999996,
      0.25999999999999995,
      0.27999999999999997,
      0.3,
      0.32,
      0.34,
      0.36000000000000004,
      0.38000000000000006,
      0.4000000000000001,
      0.4200000000000001,
      0.4400000000000001,
      0.46000000000000013,
      0.48000000000000015,
      0.5000000000000001,
      0.5200000000000001,
      0.5400000000000001,
      0.5600000000000002,
      0.5800000000000002,
      0.6000000000000002,
      0.6200000000000002,
      0.6400000000000002,
      0.6600000000000003,
      0.6800000000000003,
      0.7000000000000003,
      0.7200000000000003,
      0.7400000000000003,
      0.7600000000000003,
      0.7800000000000004,
      0.8000000000000004,
      0.8200000000000004,
      0.8400000000000004,
      0.8600000000000004,
      0.8800000000000004,
      0.9000000000000005,
      0.9200000000000005,
      0.9400000000000005,
      0.9600000000000005,
      0.9800000000000005,
      1.0000000000000004,
      1.0200000000000005,
      1.0400000000000005,
      1.0600000000000005,
      1.0800000000000005,
      1.1000000000000005,
      1.1200000000000006,
      1.1400000000000006,
      1.1600000000000006,
      1.1800000000000006,
      1.2000000000000006,
      1.2200000000000006,
      1.2400000000000007,
      1.2600000000000007,
      1.2800000000000007,
      1.3000000000000007,
      1.3200000000000007,
      1.3400000000000007,
      1.3600000000000008,
      1.3800000000000008,
      1.4000000000000008,
      1.4200000000000008,
      1.4400000000000008,
      1.4600000000000009,
      1.4800000000000009,
      1.5000000000000009,
      1.520000000000001,
      1.540000000000001,
      1.560000000000001,
      1.580000000000001,
      1.600000000000001,
      1.620000000000001,
      1.640000000000001,
      1.660000000000001,
      1.680000000000001,
      1.700000000000001,
      1.720000000000001,
      1.740000000000001,
      1.7600000000000011,
      1.7800000000000011,
      1.8000000000000012,
      1.8200000000000012,
      1.8400000000000012,
      1.8600000000000012,
      1.8800000000000012,
      1.9000000000000012,
      1.9200000000000013,
      1.9400000000000013,
      1.9600000000000013,
      1.9800000000000013
    ],
    "action": [
      0.0,
      6.0,
      6.0,
      6.0,
      6.0,
      6.0,
      6.0,
      6.0,
      6.0,
      6.0,
      -6.0,
      -6.0,
      -6.0,
      -6.0,
      -6.0,
      -6.0,
      -6.0,
      -6.0,
      -6.0,
      -6.0,
      -6.0,
      6.913791656494141,
      4.342801094055176,
      2.1779990196228027,
      0.35997122526168823,
      -1.1670594215393066,
      -2.4502415657043457,
      -3.5279595851898193,
      6.0,
      6.0,
      6.0,
      6.0,
      6.0,
      6.0,
      6.0,
      6.0,
      -6.0,
      -6.0,
      -6.0,
      -6.0,
      -6.0,
      -6.0,
      -6.0,
      -6.0,
      6.0,
      6.0,
      6.0,
      6.0,
      6.0,
      6.0,
      -6.0,
      -6.0,
      -6.0,
      -6.0,
      -6.0,
      -6.0,
      -6.0,
      -6.0,
      -5.274691104888916,
      -5.899445533752441,
      6.0,
      6.0,
      6.0,
      6.0,
      6.0,
      6.0,
      6.0,
      6.0,
      -6.0,
      -6.0,
      -6.0,
      -6.0,
      -6.0,
      -6.0,
      -6.0,
      10.0,
      6.0,
      6.0,
      6.0,
      6.0,
      6.0,
      -6.0,
      -6.0,
      -6.0,
      -6.0,
      -6.0,
      -6.0,
      -6.0,
      -6.0,
      -4.8168816566467285,
      -5.514282703399658,
      6.0,
      6.0,
      6.0,
      6.0,
      6.0,
      6.0,
      6.0,
      6.0,
      -6.0
    ],
    "z": [
      0.0,
      0.0023999998811632395,
      0.007199999876320362,
      0.014399999752640724,
      0.024000000208616257,
      0.035999998450279236,
      0.05039999634027481,
      0.06719999760389328,
      0.08639999479055405,
      0.10799999535083771,
      0.12719999253749847,
      0.14399999380111694,
      0.15839999914169312,
      0.1703999936580658,
      0.17999999225139618,
      0.18719999492168427,
      0.19199998676776886,
      0.19439998269081116,
      0.19439998269081116,
      0.19199998676776886,
      0.18719998002052307,
      0.18516549468040466,
      0.18486812710762024,
      0.18544195592403412,
      0.18615977466106415,
      0.18641076982021332,
      0.18568167090415955,
      0.18354138731956482,
      0.1838010996580124,
      0.18646082282066345,
      0.1915205419063568,
      0.19898025691509247,
      0.20883998274803162,
      0.22109970450401306,
      0.2357594221830368,
      0.25281915068626404,
      0.267478883266449,
      0.2797386050224304,
      0.2895983159542084,
      0.2970580458641052,
      0.3021177649497986,
      0.30477747321128845,
      0.3050372004508972,
      0.3028969168663025,
      0.30315664410591125,
      0.3058163523674011,
      0.3108760714530945,
      0.31833580136299133,
      0.3281955122947693,
      0.34045523405075073,
      0.3503149449825287,
      0.35777467489242554,
      0.3628343939781189,
      0.36549410223960876,
      0.36575382947921753,
      0.3636135458946228,
      0.3590732514858246,
      0.35213297605514526,
      0.34308281540870667,
      0.33167287707328796,
      0.32266294956207275,
      0.31605300307273865,
      0.31184306740760803,
      0.3100331425666809,
      0.3106231987476349,
      0.31361326575279236,
      0.3190033435821533,
      0.3267934024333954,
      0.33218348026275635,
      0.3351735472679138,
      0.3357636034488678,
      0.3339536786079407,
      0.32974374294281006,
      0.32313379645347595,
      0.31412386894226074,
      0.30911391973495483,
      0.3065039813518524,
      0.3062940537929535,
      0.30848410725593567,
      0.31307417154312134,
      0.3200642466545105,
      0.32465431094169617,
      0.32684436440467834,
      0.3266344368457794,
      0.324024498462677,
      0.3190145492553711,
      0.3116046190261841,
      0.3017946779727936,
      0.289584755897522,
      0.2754480838775635,
      0.2591056823730469,
      0.24516327679157257,
      0.23362088203430176,
      0.22447848320007324,
      0.21773608028888702,
      0.2133936882019043,
      0.21145129203796387,
      0.21190889179706573,
      0.2147664874792099,
      0.21522408723831177
    ],