{
  "run_name": "pumping_z_penalty_e_1p000_seed_0_alpha_0p010_ztol_0p000_wc_1p000_beta_0p000",
  "controller": "pumping",
  "controller_family": "heuristic",
  "seed": 0,
  "timesteps": 1,
  "reward_variant": "z_penalty",
  "collision_restitution": 1.0,
  "collision_reward_weight": 1.0,
  "z_position_penalty_weight": 0.01,
  "z_position_tolerance": 0.0,
  "swing_growth_reward_weight": 0.05,
  "model_path": "/Users/ahmadataka/Documents/Bitbucket - Ataka/latto_latto_control/models/restitution_sweep/pumping_z_penalty_e_1p000_seed_0_alpha_0p010_ztol_0p000_wc_1p000_beta_0p000.json",
  "evaluation": {
    "reward_sum": -0.09351717377096591,
    "alternating_collisions": 0,
    "longest_alternating_streak": 0,
    "total_collisions": 3,
    "time_to_first_alternating_collision": null,
    "mean_abs_z": 0.28365571215050295,
    "max_abs_z": 0.42700496315956116,
    "mean_collision_energy_loss": 0.0,
    "time": [
      0.0,
      0.02,
      0.04,
      0.06,
      0.08,
      0.1,
      0.12000000000000001,
      0.14,
      0.16,
      0.18,
      0.19999999999999998,
      0.21999999999999997,
      0.23999999999999996,
      0.25999999999999995,
      0.27999999999999997,
      0.3,
      0.32,
      0.34,
      0.36000000000000004,
      0.38000000000000006,
      0.4000000000000001,
      0.4200000000000001,
      0.4400000000000001,
      0.46000000000000013,
      0.48000000000000015,
      0.5000000000000001,
      0.5200000000000001,
      0.5400000000000001,
      0.5600000000000002,
      0.5800000000000002,
      0.6000000000000002,
      0.6200000000000002,
      0.6400000000000002,
      0.6600000000000003,
      0.6800000000000003,
      0.7000000000000003,
      0.7200000000000003,
      0.7400000000000003,
      0.7600000000000003,
      0.7800000000000004,
      0.8000000000000004,
      0.8200000000000004,
      0.8400000000000004,
      0.8600000000000004,
      0.8800000000000004,
      0.9000000000000005,
      0.9200000000000005,
      0.9400000000000005,
      0.9600000000000005,
      0.9800000000000005,
      1.0000000000000004,
      1.0200000000000005,
      1.0400000000000005,
      1.0600000000000005,
      1.0800000000000005,
      1.1000000000000005,
      1.1200000000000006,
      1.1400000000000006,
      1.1600000000000006,
      1.1800000000000006,
      1.2000000000000006,
      1.2200000000000006,
      1.2400000000000007,
      1.2600000000000007,
      1.2800000000000007,
      1.3000000000000007,
      1.3200000000000007,
      1.3400000000000007,
      1.3600000000000008,
      1.3800000000000008,
      1.4000000000000008,
      1.4200000000000008,
      1.4400000000000008,
      1.4600000000000009,
      1.4800000000000009,
      1.5000000000000009,
      1.520000000000001,
      1.540000000000001,
      1.560000000000001,
      1.580000000000001,
      1.600000000000001,
      1.620000000000001,
      1.640000000000001,
      1.660000000000001,
      1.680000000000001,
      1.700000000000001,
      1.720000000000001,
      1.740000000000001,
      1.7600000000000011,
      1.7800000000000011,
      1.8000000000000012,
      1.8200000000000012,
      1.8400000000000012,
      1.8600000000000012,
      1.8800000000000012,
      1.9000000000000012,
      1.9200000000000013,
      1.9400000000000013,
      1.9600000000000013,
      1.9800000000000013
    ],
    "action": [
      0.0,
      6.0,
      6.0,
      6.0,
      6.0,
      6.0,
      6.0,
      6.0,
      6.0,
      6.0,
      -6.0,
      -6.0,
      -6.0,
      -6.0,
      -6.0,
      -6.0,
      -6.0,
      -6.0,
      -6.0,
      -6.0,
      -6.0,
      7.381478309631348,
      4.730768203735352,
      6.0,
      6.0,
      -6.0,
      -2.7710776329040527,
      -3.7965123653411865,
      -4.659066200256348,
      6.0,
      6.0,
      6.0,
      6.0,
      6.0,
      6.0,
      6.0,
      6.0,
      -6.0,
      -6.0,
      -6.0,
      -6.0,
      -6.0,
      -6.0,
      -6.0,
      10.0,
      6.0,
      6.0,
      6.0,
      6.0,
      6.0,
      -6.0,
      -6.0,
      -6.0,
      -6.0,
      -6.0,
      -6.0,
      -6.0,
      -6.0,
      -6.0,
      -6.0,
      -5.445537090301514,
      -6.04411506652832,
      6.0,
      6.0,
      6.0,
      6.0,
      6.0,
      6.0,
      6.0,
      6.0,
      -6.0,
      -6.0,
      -6.0,
      -6.0,
      -6.0,
      -6.0,
      -6.0,
      10.0,
      6.0,
      6.0,
      6.0,
      6.0,
      6.0,
      6.0,
      -6.0,
      -6.0,
      -6.0,
      -6.0,
      -6.0,
      -6.0,
      -6.0,
      -5.559062957763672,
      -6.137593746185303,
      6.0,
      6.0,
      6.0,
      6.0,
      6.0,
      6.0,
      6.0
    ],
    "z": [
      0.0,
      0.0023999998811632395,
      0.007199999876320362,
      0.014399999752640724,
      0.024000000208616257,
      0.035999998450279236,
      0.05039999634027481,
      0.06719999760389328,
      0.08639999479055405,
      0.10799999535083771,
      0.12719999253749847,
      0.14399999380111694,
      0.15839999914169312,
      0.1703999936580658,
      0.17999999225139618,
      0.18719999492168427,
      0.19199998676776886,
      0.19439998269081116,
      0.19439998269081116,
      0.19199998676776886,
      0.18719998002052307,
      0.18535256385803223,
      0.1853974610567093,
      0.18784235417842865,
      0.1926872432231903,
      0.19513213634490967,
      0.19646860659122467,
      0.19628646969795227,
      0.19424070417881012,
      0.19459493458271027,
      0.1973491609096527,
      0.20250339806079865,
      0.21005763113498688,
      0.2200118601322174,
      0.23236609995365143,
      0.24712033569812775,
      0.26427456736564636,
      0.2790288031101227,
      0.2913830280303955,
      0.30133727192878723,
      0.30889150500297546,
      0.3140457272529602,
      0.31679996848106384,
      0.317154198884964,
      0.3215084373950958,
      0.32826265692710876,
      0.3374168872833252,
      0.3489711284637451,
      0.36292535066604614,
      0.37927958369255066,
      0.3932338058948517,
      0.4047880470752716,
      0.41394227743148804,
      0.420696496963501,
      0.4250507354736328,
      0.42700496315956116,
      0.4265592098236084,
      0.42371344566345215,
      0.4184676706790924,
      0.41082191467285156,
      0.40099793672561646,
      0.38875630497932434,
      0.3789146840572357,
      0.3714730441570282,
      0.36643141508102417,
      0.36378979682922363,
      0.3635481595993042,
      0.36570653319358826,
      0.3702649176120758,
      0.37722328305244446,
      0.381781667470932,
      0.38394004106521606,
      0.38369840383529663,
      0.3810567855834961,
      0.37601515650749207,
      0.36857351660728455,
      0.3587318956851959,
      0.3528902530670166,
      0.34944862127304077,
      0.34840700030326843,
      0.3497653603553772,
      0.35352373123168945,
      0.3596821129322052,
      0.36824047565460205,
      0.3743988573551178,
      0.37815722823143005,
      0.3795155882835388,
      0.3784739673137665,
      0.37503233551979065,
      0.36919069290161133,
      0.3609490692615509,
      0.35048380494117737,
      0.33756351470947266,
      0.32704323530197144,
      0.3189229369163513,
      0.3132026493549347,
      0.30988237261772156,
      0.3089620769023895,
      0.310441792011261,
      0.31432148814201355
    ],