{
  "run_name": "pumping_swing_growth_e_0p800_seed_2_alpha_0p010_ztol_0p000_wc_1p000_beta_0p050",
  "controller": "pumping",
  "controller_family": "heuristic",
  "seed": 2,
  "timesteps": 1,
  "reward_variant": "swing_growth",
  "collision_restitution": 0.8,
  "collision_reward_weight": 1.0,
  "z_position_penalty_weight": 0.01,
  "z_position_tolerance": 0.0,
  "swing_growth_reward_weight": 0.05,
  "model_path": "/Users/ahmadataka/Documents/Bitbucket - Ataka/latto_latto_control/models/restitution_sweep/pumping_swing_growth_e_0p800_seed_2_alpha_0p010_ztol_0p000_wc_1p000_beta_0p050.json",
  "evaluation": {
    "reward_sum": 0.24526305258601155,
    "alternating_collisions": 0,
    "longest_alternating_streak": 0,
    "total_collisions": 4,
    "time_to_first_alternating_collision": null,
    "mean_abs_z": 0.15048505156533792,
    "max_abs_z": 0.45853912830352783,
    "mean_collision_energy_loss": 22.436492443084717,
    "time": [
      0.0,
      0.02,
      0.04,
      0.06,
      0.08,
      0.1,
      0.12000000000000001,
      0.14,
      0.16,
      0.18,
      0.19999999999999998,
      0.21999999999999997,
      0.23999999999999996,
      0.25999999999999995,
      0.27999999999999997,
      0.3,
      0.32,
      0.34,
      0.36000000000000004,
      0.38000000000000006,
      0.4000000000000001,
      0.4200000000000001,
      0.4400000000000001,
      0.46000000000000013,
      0.48000000000000015,
      0.5000000000000001,
      0.5200000000000001,
      0.5400000000000001,
      0.5600000000000002,
      0.5800000000000002,
      0.6000000000000002,
      0.6200000000000002,
      0.6400000000000002,
      0.6600000000000003,
      0.6800000000000003,
      0.7000000000000003,
      0.7200000000000003,
      0.7400000000000003,
      0.7600000000000003,
      0.7800000000000004,
      0.8000000000000004,
      0.8200000000000004,
      0.8400000000000004,
      0.8600000000000004,
      0.8800000000000004,
      0.9000000000000005,
      0.9200000000000005,
      0.9400000000000005,
      0.9600000000000005,
      0.9800000000000005,
      1.0000000000000004,
      1.0200000000000005,
      1.0400000000000005,
      1.0600000000000005,
      1.0800000000000005,
      1.1000000000000005,
      1.1200000000000006,
      1.1400000000000006,
      1.1600000000000006,
      1.1800000000000006,
      1.2000000000000006,
      1.2200000000000006,
      1.2400000000000007,
      1.2600000000000007,
      1.2800000000000007,
      1.3000000000000007,
      1.3200000000000007,
      1.3400000000000007,
      1.3600000000000008,
      1.3800000000000008,
      1.4000000000000008,
      1.4200000000000008,
      1.4400000000000008,
      1.4600000000000009,
      1.4800000000000009,
      1.5000000000000009,
      1.520000000000001,
      1.540000000000001,
      1.560000000000001,
      1.580000000000001,
      1.600000000000001,
      1.620000000000001,
      1.640000000000001,
      1.660000000000001,
      1.680000000000001,
      1.700000000000001,
      1.720000000000001,
      1.740000000000001,
      1.7600000000000011,
      1.7800000000000011,
      1.8000000000000012,
      1.8200000000000012,
      1.8400000000000012,
      1.8600000000000012,
      1.8800000000000012,
      1.9000000000000012,
      1.9200000000000013,
      1.9400000000000013,
      1.9600000000000013,
      1.9800000000000013
    ],
    "action": [
      0.0,
      6.0,
      6.0,
      6.0,
      6.0,
      6.0,
      6.0,
      6.0,
      6.0,
      6.0,
      -6.0,
      -6.0,
      -6.0,
      -6.0,
      -6.0,
      -6.0,
      -6.0,
      -6.0,
      -6.0,
      -6.0,
      -6.0,
      -6.0,
      -6.0,
      -6.0,
      -6.0,
      -6.0,
      2.5653343200683594,
      0.6873752474784851,
      -0.8911707401275635,
      6.0,
      6.0,
      6.0,
      6.0,
      6.0,
      6.0,
      6.0,
      6.0,
      6.0,
      -6.0,
      -6.0,
      -6.0,
      -6.0,
      -6.0,
      -6.0,
      -6.0,
      -6.0,
      -6.0,
      9.683879852294922,
      6.668459892272949,
      6.0,
      6.0,
      -6.0,
      -6.0,
      -1.756000280380249,
      -2.9423460960388184,
      -3.941178798675537,
      6.0,
      6.0,
      6.0,
      6.0,
      6.0,
      6.0,
      6.0,
      6.0,
      -6.0,
      -6.0,
      -6.0,
      -6.0,
      -6.0,
      -6.0,
      -6.0,
      -6.0,
      -6.0,
      10.0,
      6.0,
      6.0,
      6.0,
      -6.0,
      -6.0,
      -6.0,
      -6.0,
      -6.0,
      -2.954904079437256,
      -3.9507501125335693,
      -4.788629531860352,
      6.0,
      6.0,
      6.0,
      6.0,
      6.0,
      6.0,
      6.0,
      6.0,
      -6.0,
      -6.0,
      -6.0,
      -6.0,
      -6.0,
      -6.0,
      -6.0
    ],
    "z": [
      0.0,
      0.0023999998811632395,
      0.007199999876320362,
      0.014399999752640724,
      0.024000000208616257,
      0.035999998450279236,
      0.05039999634027481,
      0.06719999760389328,
      0.08639999479055405,
      0.10799999535083771,
      0.12719999253749847,
      0.14399999380111694,
      0.15839999914169312,
      0.1703999936580658,
      0.17999999225139618,
      0.18719999492168427,
      0.19199998676776886,
      0.19439998269081116,
      0.19439998269081116,
      0.19199998676776886,
      0.18719998002052307,
      0.17999997735023499,
      0.1703999787569046,
      0.15839998424053192,
      0.14399997889995575,
      0.12719997763633728,
      0.11142610758543015,
      0.09592719376087189,
      0.08007180690765381,
      0.06661642342805862,
      0.05556103587150574,
      0.046905651688575745,
      0.04065026715397835,
      0.03679488226771355,
      0.03533949702978134,
      0.03628411144018173,
      0.03962872549891472,
      0.0453733392059803,
      0.04871795326471329,
      0.04966256767511368,
      0.04820718243718147,
      0.04435179755091667,
      0.038096413016319275,
      0.029441026970744133,
      0.018385641276836395,
      0.004930255003273487,
      -0.010925129987299442,
      -0.022906962782144547,
      -0.032221414148807526,
      -0.03913586586713791,
      -0.0436503142118454,
      -0.05056476593017578,
      -0.05987921357154846,
      -0.06989606469869614,
      -0.08108985424041748,
      -0.09386011213064194,
      -0.1042303740978241,
      -0.11220063269138336,
      -0.11777089536190033,
      -0.1209411546587944,
      -0.12171141058206558,
      -0.12008167058229446,
      -0.11605192720890045,
      -0.10962218791246414,
      -0.10559244453907013,
      -0.10396270453929901,
      -0.10473296046257019,
      -0.10790321975946426,
      -0.11347347497940063,
      -0.1214437335729599,
      -0.13181398808956146,
      -0.14458425343036652,
      -0.15975451469421387,
      -0.17092476785182953,
      -0.1796950250864029,
      -0.18606528639793396,
      -0.19003555178642273,
      -0.1964058130979538,
      -0.20517607033252716,
      -0.21634632349014282,
      -0.22991658747196198,
      -0.24588684737682343,
      -0.2630390524864197,
      -0.28177157044410706,
      -0.3024195432662964,
      -0.3206675052642822,
      -0.33651548624038696,
      -0.3499634563922882,
      -0.36101141571998596,
      -0.3696593940258026,
      -0.37590736150741577,
      -0.3797553479671478,
      -0.3812033236026764,
      -0.38505131006240845,
      -0.3912992775440216,
      -0.39994725584983826,
      -0.410995215177536,
      -0.42444318532943726,
      -0.440291166305542,
      -0.45853912830352783
    ],