{
  "run_name": "random_swing_growth_e_0p800_seed_2_alpha_0p010_ztol_0p000_wc_1p000_beta_0p050",
  "controller": "random",
  "controller_family": "heuristic",
  "seed": 2,
  "timesteps": 1,
  "reward_variant": "swing_growth",
  "collision_restitution": 0.8,
  "collision_reward_weight": 1.0,
  "z_position_penalty_weight": 0.01,
  "z_position_tolerance": 0.0,
  "swing_growth_reward_weight": 0.05,
  "model_path": "/Users/ahmadataka/Documents/Bitbucket - Ataka/latto_latto_control/models/restitution_sweep/random_swing_growth_e_0p800_seed_2_alpha_0p010_ztol_0p000_wc_1p000_beta_0p050.json",
  "evaluation": {
    "reward_sum": 0.0953014141383619,
    "alternating_collisions": 0,
    "longest_alternating_streak": 0,
    "total_collisions": 5,
    "time_to_first_alternating_collision": null,
    "mean_abs_z": 0.08200238051475026,
    "max_abs_z": 0.19096332788467407,
    "mean_collision_energy_loss": 2.1222396314144136,
    "time": [
      0.0,
      0.02,
      0.04,
      0.06,
      0.08,
      0.1,
      0.12000000000000001,
      0.14,
      0.16,
      0.18,
      0.19999999999999998,
      0.21999999999999997,
      0.23999999999999996,
      0.25999999999999995,
      0.27999999999999997,
      0.3,
      0.32,
      0.34,
      0.36000000000000004,
      0.38000000000000006,
      0.4000000000000001,
      0.4200000000000001,
      0.4400000000000001,
      0.46000000000000013,
      0.48000000000000015,
      0.5000000000000001,
      0.5200000000000001,
      0.5400000000000001,
      0.5600000000000002,
      0.5800000000000002,
      0.6000000000000002,
      0.6200000000000002,
      0.6400000000000002,
      0.6600000000000003,
      0.6800000000000003,
      0.7000000000000003,
      0.7200000000000003,
      0.7400000000000003,
      0.7600000000000003,
      0.7800000000000004,
      0.8000000000000004,
      0.8200000000000004,
      0.8400000000000004,
      0.8600000000000004,
      0.8800000000000004,
      0.9000000000000005,
      0.9200000000000005,
      0.9400000000000005,
      0.9600000000000005,
      0.9800000000000005,
      1.0000000000000004,
      1.0200000000000005,
      1.0400000000000005,
      1.0600000000000005,
      1.0800000000000005,
      1.1000000000000005,
      1.1200000000000006,
      1.1400000000000006,
      1.1600000000000006,
      1.1800000000000006,
      1.2000000000000006,
      1.2200000000000006,
      1.2400000000000007,
      1.2600000000000007,
      1.2800000000000007,
      1.3000000000000007,
      1.3200000000000007,
      1.3400000000000007,
      1.3600000000000008,
      1.3800000000000008,
      1.4000000000000008,
      1.4200000000000008,
      1.4400000000000008,
      1.4600000000000009,
      1.4800000000000009,
      1.5000000000000009,
      1.520000000000001,
      1.540000000000001,
      1.560000000000001,
      1.580000000000001,
      1.600000000000001,
      1.620000000000001,
      1.640000000000001,
      1.660000000000001,
      1.680000000000001,
      1.700000000000001,
      1.720000000000001,
      1.740000000000001,
      1.7600000000000011,
      1.7800000000000011,
      1.8000000000000012,
      1.8200000000000012,
      1.8400000000000012,
      1.8600000000000012,
      1.8800000000000012,
      1.9000000000000012,
      1.9200000000000013,
      1.9400000000000013,
      1.9600000000000013,
      1.9800000000000013
    ],
    "action": [
      -4.767757415771484,
      -4.030177116394043,
      6.284514904022217,
      -8.161681175231934,
      2.0020105838775635,
      4.5712103843688965,
      -6.241978645324707,
      -8.897067070007324,
      -4.500612735748291,
      3.148660182952881,
      1.245313286781311,
      -6.998754501342773,
      -1.3473842144012451,
      3.385946035385132,
      -1.5443065166473389,
      2.6636879444122314,
      9.348718643188477,
      3.6612963676452637,
      -2.1675033569335938,
      -6.254948616027832,
      -3.08078670501709,
      0.22131946682929993,
      7.824188232421875,
      5.5112786293029785,
      -3.637068033218384,
      8.48433780670166,
      -0.5818023085594177,
      3.8751769065856934,
      -7.855854034423828,
      -7.909128665924072,
      -5.961851119995117,
      7.688993453979492,
      3.596229314804077,
      6.984726428985596,
      2.8887252807617188,
      -1.8691520690917969,
      0.33156388998031616,
      1.8688703775405884,
      7.242359638214111,
      -1.236276626586914,
      7.844802379608154,
      2.274338722229004,
      6.587122440338135,
      -0.0388789027929306,
      3.850362539291382,
      -3.2194924354553223,
      0.4565700888633728,
      -5.675532341003418,
      -7.985928058624268,
      -9.227917671203613,
      4.038989543914795,
      -0.8713876008987427,
      7.95468282699585,
      6.703664302825928,
      -2.2980973720550537,
      9.473575592041016,
      1.8412401676177979,
      5.317666053771973,
      -1.8561128377914429,
      -6.076601982116699,
      -6.564459800720215,
      -6.375875473022461,
      2.076110363006592,
      -7.747343063354492,
      -9.601784706115723,
      6.659939289093018,
      -8.011777877807617,
      -0.9883092641830444,
      -0.23002853989601135,
      2.4054481983184814,
      0.08028964698314667,
      8.746862411499023,
      5.007931709289551,
      1.4893299341201782,
      2.345442771911621,
      0.13102982938289642,
      9.295236587524414,
      -5.4674787521362305,
      3.7805428504943848,
      1.1019335985183716,
      -9.159764289855957,
      -4.077000141143799,
      8.543338775634766,
      5.6912970542907715,
      -9.743377685546875,
      -4.067473411560059,
      -9.803893089294434,
      6.5493388175964355,
      -7.7926483154296875,
      -8.850896835327148,
      9.637666702270508,
      -1.0826023817062378,
      -3.6321399211883545,
      -9.019732475280762,
      -2.208094358444214,
      -2.6792187690734863,
      0.46961575746536255,
      -9.864290237426758,
      -7.04074239730835,
      -5.802269458770752
    ],