{
  "run_name": "random_swing_growth_e_0p950_seed_1_alpha_0p010_ztol_0p000_wc_1p000_beta_0p050",
  "controller": "random",
  "controller_family": "heuristic",
  "seed": 1,
  "timesteps": 1,
  "reward_variant": "swing_growth",
  "collision_restitution": 0.95,
  "collision_reward_weight": 1.0,
  "z_position_penalty_weight": 0.01,
  "z_position_tolerance": 0.0,
  "swing_growth_reward_weight": 0.05,
  "model_path": "/Users/ahmadataka/Documents/Bitbucket - Ataka/latto_latto_control/models/restitution_sweep/random_swing_growth_e_0p950_seed_1_alpha_0p010_ztol_0p000_wc_1p000_beta_0p050.json",
  "evaluation": {
    "reward_sum": 0.05108713062782044,
    "alternating_collisions": 0,
    "longest_alternating_streak": 0,
    "total_collisions": 4,
    "time_to_first_alternating_collision": null,
    "mean_abs_z": 0.26080509491475823,
    "max_abs_z": 0.8909987807273865,
    "mean_collision_energy_loss": 1.8939456939697266,
    "time": [
      0.0,
      0.02,
      0.04,
      0.06,
      0.08,
      0.1,
      0.12000000000000001,
      0.14,
      0.16,
      0.18,
      0.19999999999999998,
      0.21999999999999997,
      0.23999999999999996,
      0.25999999999999995,
      0.27999999999999997,
      0.3,
      0.32,
      0.34,
      0.36000000000000004,
      0.38000000000000006,
      0.4000000000000001,
      0.4200000000000001,
      0.4400000000000001,
      0.46000000000000013,
      0.48000000000000015,
      0.5000000000000001,
      0.5200000000000001,
      0.5400000000000001,
      0.5600000000000002,
      0.5800000000000002,
      0.6000000000000002,
      0.6200000000000002,
      0.6400000000000002,
      0.6600000000000003,
      0.6800000000000003,
      0.7000000000000003,
      0.7200000000000003,
      0.7400000000000003,
      0.7600000000000003,
      0.7800000000000004,
      0.8000000000000004,
      0.8200000000000004,
      0.8400000000000004,
      0.8600000000000004,
      0.8800000000000004,
      0.9000000000000005,
      0.9200000000000005,
      0.9400000000000005,
      0.9600000000000005,
      0.9800000000000005,
      1.0000000000000004,
      1.0200000000000005,
      1.0400000000000005,
      1.0600000000000005,
      1.0800000000000005,
      1.1000000000000005,
      1.1200000000000006,
      1.1400000000000006,
      1.1600000000000006,
      1.1800000000000006,
      1.2000000000000006,
      1.2200000000000006,
      1.2400000000000007,
      1.2600000000000007,
      1.2800000000000007,
      1.3000000000000007,
      1.3200000000000007,
      1.3400000000000007,
      1.3600000000000008,
      1.3800000000000008,
      1.4000000000000008,
      1.4200000000000008,
      1.4400000000000008,
      1.4600000000000009,
      1.4800000000000009,
      1.5000000000000009,
      1.520000000000001,
      1.540000000000001,
      1.560000000000001,
      1.580000000000001,
      1.600000000000001,
      1.620000000000001,
      1.640000000000001,
      1.660000000000001,
      1.680000000000001,
      1.700000000000001,
      1.720000000000001,
      1.740000000000001,
      1.7600000000000011,
      1.7800000000000011,
      1.8000000000000012,
      1.8200000000000012,
      1.8400000000000012,
      1.8600000000000012,
      1.8800000000000012,
      1.9000000000000012,
      1.9200000000000013,
      1.9400000000000013,
      1.9600000000000013,
      1.9800000000000013
    ],
    "action": [
      0.2364324927330017,
      9.009273529052734,
      -7.11680793762207,
      8.972989082336426,
      -3.763370990753174,
      -1.5334709882736206,
      6.554051876068115,
      -1.8160172700881958,
      0.9918737411499023,
      -9.44881820678711,
      5.0702619552612305,
      0.7628662586212158,
      -3.4053657054901123,
      5.768574237823486,
      -3.936103343963623,
      -0.9300422072410583,
      -7.31916618347168,
      -1.9377403259277344,
      -5.9308953285217285,
      -4.753733158111572,
      5.007293224334717,
      -4.391824722290039,
      -0.29618051648139954,
      9.614744186401367,
      9.23314380645752,
      4.495798587799072,
      0.8245370984077454,
      -4.4621758460998535,
      -6.786959648132324,
      9.398508071899414,
      0.3213717043399811,
      -7.682687759399414,
      2.4697952270507812,
      5.53366231918335,
      2.260066032409668,
      8.345953941345215,
      -9.208142280578613,
      0.5717852711677551,
      -0.8132823705673218,
      -8.753008842468262,
      2.8265633583068848,
      7.052656650543213,
      1.8588203191757202,
      -4.798050880432129,
      6.797630310058594,
      0.18991762399673462,
      0.21777768433094025,
      5.060604095458984,
      -7.041559219360352,
      6.392534255981445,
      3.665738105773926,
      5.741939067840576,
      -6.167675018310547,
      6.047283172607422,
      -6.173521518707275,
      -8.368947982788086,
      7.104539394378662,
      7.225669860839844,
      7.5307416915893555,
      -0.5618056058883667,
      -4.519032001495361,
      -9.858163833618164,
      2.9144179821014404,
      4.398187637329102,
      6.711384296417236,
      -4.362443447113037,
      -5.695636749267578,
      2.7866275310516357,
      6.1010966300964355,
      9.273417472839355,
      -6.989503383636475,
      -0.35575222969055176,
      7.894317150115967,
      -1.5456618070602417,
      1.790041208267212,
      -9.510186195373535,
      3.4691977500915527,
      8.3817720413208,
      6.536506652832031,
      7.710405349731445,
      3.2071075439453125,
      -5.088954448699951,
      5.370339870452881,
      -5.766505241394043,
      6.625496864318848,
      -8.745641708374023,
      6.509756088256836,
      -6.709854602813721,
      -2.4970600605010986,
      -3.665236711502075,
      3.8267407417297363,
      -6.428562641143799,
      -2.0748767852783203,
      -9.88350772857666,
      -4.750105857849121,
      -1.5762237310409546,
      -7.881575107574463,
      2.663198947906494,
      -2.391514539718628,
      4.505878925323486
    ],