{
  "run_name": "random_swing_growth_e_0p800_seed_0_alpha_0p010_ztol_0p000_wc_1p000_beta_0p050",
  "controller": "random",
  "controller_family": "heuristic",
  "seed": 0,
  "timesteps": 1,
  "reward_variant": "swing_growth",
  "collision_restitution": 0.8,
  "collision_reward_weight": 1.0,
  "z_position_penalty_weight": 0.01,
  "z_position_tolerance": 0.0,
  "swing_growth_reward_weight": 0.05,
  "model_path": "/Users/ahmadataka/Documents/Bitbucket - Ataka/latto_latto_control/models/restitution_sweep/random_swing_growth_e_0p800_seed_0_alpha_0p010_ztol_0p000_wc_1p000_beta_0p050.json",
  "evaluation": {
    "reward_sum": 0.08958296537217247,
    "alternating_collisions": 0,
    "longest_alternating_streak": 0,
    "total_collisions": 5,
    "time_to_first_alternating_collision": null,
    "mean_abs_z": 0.20343872112105602,
    "max_abs_z": 0.7206544876098633,
    "mean_collision_energy_loss": 5.334718990325928,
    "time": [
      0.0,
      0.02,
      0.04,
      0.06,
      0.08,
      0.1,
      0.12000000000000001,
      0.14,
      0.16,
      0.18,
      0.19999999999999998,
      0.21999999999999997,
      0.23999999999999996,
      0.25999999999999995,
      0.27999999999999997,
      0.3,
      0.32,
      0.34,
      0.36000000000000004,
      0.38000000000000006,
      0.4000000000000001,
      0.4200000000000001,
      0.4400000000000001,
      0.46000000000000013,
      0.48000000000000015,
      0.5000000000000001,
      0.5200000000000001,
      0.5400000000000001,
      0.5600000000000002,
      0.5800000000000002,
      0.6000000000000002,
      0.6200000000000002,
      0.6400000000000002,
      0.6600000000000003,
      0.6800000000000003,
      0.7000000000000003,
      0.7200000000000003,
      0.7400000000000003,
      0.7600000000000003,
      0.7800000000000004,
      0.8000000000000004,
      0.8200000000000004,
      0.8400000000000004,
      0.8600000000000004,
      0.8800000000000004,
      0.9000000000000005,
      0.9200000000000005,
      0.9400000000000005,
      0.9600000000000005,
      0.9800000000000005,
      1.0000000000000004,
      1.0200000000000005,
      1.0400000000000005,
      1.0600000000000005,
      1.0800000000000005,
      1.1000000000000005,
      1.1200000000000006,
      1.1400000000000006,
      1.1600000000000006,
      1.1800000000000006,
      1.2000000000000006,
      1.2200000000000006,
      1.2400000000000007,
      1.2600000000000007,
      1.2800000000000007,
      1.3000000000000007,
      1.3200000000000007,
      1.3400000000000007,
      1.3600000000000008,
      1.3800000000000008,
      1.4000000000000008,
      1.4200000000000008,
      1.4400000000000008,
      1.4600000000000009,
      1.4800000000000009,
      1.5000000000000009,
      1.520000000000001,
      1.540000000000001,
      1.560000000000001,
      1.580000000000001,
      1.600000000000001,
      1.620000000000001,
      1.640000000000001,
      1.660000000000001,
      1.680000000000001,
      1.700000000000001,
      1.720000000000001,
      1.740000000000001,
      1.7600000000000011,
      1.7800000000000011,
      1.8000000000000012,
      1.8200000000000012,
      1.8400000000000012,
      1.8600000000000012,
      1.8800000000000012,
      1.9000000000000012,
      1.9200000000000013,
      1.9400000000000013,
      1.9600000000000013,
      1.9800000000000013
    ],
    "action": [
      2.7392337322235107,
      -4.6042656898498535,
      -9.180529594421387,
      -9.66944694519043,
      6.26540470123291,
      8.255111694335938,
      2.1327154636383057,
      4.589931011199951,
      0.8724998235702515,
      8.701448440551758,
      6.317070960998535,
      -9.945229530334473,
      7.148085594177246,
      -9.328288078308105,
      4.593109130859375,
      -6.486887454986572,
      7.263578414916992,
      0.8292244076728821,
      -4.005762100219727,
      -1.5462555885314941,
      -9.433606147766113,
      -7.514334678649902,
      3.4124882221221924,
      2.9437901973724365,
      2.3077023029327393,
      -2.326448917388916,
      9.944198608398438,
      9.616706848144531,
      3.7108397483825684,
      3.009185552597046,
      3.768934726715088,
      -2.221571445465088,
      -7.298069953918457,
      4.429766654968262,
      0.507086455821991,
      -3.7951624393463135,
      -0.28329282999038696,
      7.789756774902344,
      8.680870056152344,
      -2.8440961837768555,
      1.4305965900421143,
      -3.562612295150757,
      1.886000633239746,
      -3.2417755126953125,
      -2.1676199436187744,
      7.805487155914307,
      -5.45684814453125,
      2.463742971420288,
      -8.319693565368652,
      6.652883052825928,
      5.741966247558594,
      -5.212611198425293,
      7.529684543609619,
      -8.828639030456543,
      -3.277658700942993,
      -6.994410514831543,
      -0.9932126402854919,
      5.926485538482666,
      -5.387156009674072,
      -8.959573745727539,
      -1.9089632034301758,
      -6.029738903045654,
      -8.18493938446045,
      1.6066477298736572,
      -4.0260772705078125,
      3.4398975372314453,
      -6.00969123840332,
      8.842262268066406,
      -2.697796583175659,
      -7.89009428024292,
      2.582163095474243,
      8.5430908203125,
      -1.1924569606781006,
      9.09181022644043,
      -0.002083726227283478,
      -1.4954274892807007,
      2.404268980026245,
      9.90192985534668,
      8.978873252868652,
      -0.7990972399711609,
      5.154576778411865,
      -0.051546089351177216,
      0.586243212223053,
      5.715713977813721,
      -1.7068829536437988,
      4.689671516418457,
      4.222857475280762,
      8.641193389892578,
      -7.701347351074219,
      4.5803022384643555,
      8.548478126525879,
      9.35852336883545,
      -9.705873489379883,
      7.272801876068115,
      9.623900413513184,
      9.144203186035156,
      -7.024719715118408,
      9.452576637268066,
      7.79871129989624,
      6.447476387023926
    ],