{
  "run_name": "sinusoidal_swing_growth_e_0p800_seed_2_alpha_0p010_ztol_0p000_wc_1p000_beta_0p050",
  "controller": "sinusoidal",
  "controller_family": "heuristic",
  "seed": 2,
  "timesteps": 1,
  "reward_variant": "swing_growth",
  "collision_restitution": 0.8,
  "collision_reward_weight": 1.0,
  "z_position_penalty_weight": 0.01,
  "z_position_tolerance": 0.0,
  "swing_growth_reward_weight": 0.05,
  "model_path": "/Users/ahmadataka/Documents/Bitbucket - Ataka/latto_latto_control/models/restitution_sweep/sinusoidal_swing_growth_e_0p800_seed_2_alpha_0p010_ztol_0p000_wc_1p000_beta_0p050.json",
  "evaluation": {
    "reward_sum": -1.1790159823867725,
    "alternating_collisions": 0,
    "longest_alternating_streak": 0,
    "total_collisions": 5,
    "time_to_first_alternating_collision": null,
    "mean_abs_z": 0.9865459140829625,
    "max_abs_z": 1.907972812652588,
    "mean_collision_energy_loss": 4.051298260688782,
    "time": [
      0.0,
      0.02,
      0.04,
      0.06,
      0.08,
      0.1,
      0.12000000000000001,
      0.14,
      0.16,
      0.18,
      0.19999999999999998,
      0.21999999999999997,
      0.23999999999999996,
      0.25999999999999995,
      0.27999999999999997,
      0.3,
      0.32,
      0.34,
      0.36000000000000004,
      0.38000000000000006,
      0.4000000000000001,
      0.4200000000000001,
      0.4400000000000001,
      0.46000000000000013,
      0.48000000000000015,
      0.5000000000000001,
      0.5200000000000001,
      0.5400000000000001,
      0.5600000000000002,
      0.5800000000000002,
      0.6000000000000002,
      0.6200000000000002,
      0.6400000000000002,
      0.6600000000000003,
      0.6800000000000003,
      0.7000000000000003,
      0.7200000000000003,
      0.7400000000000003,
      0.7600000000000003,
      0.7800000000000004,
      0.8000000000000004,
      0.8200000000000004,
      0.8400000000000004,
      0.8600000000000004,
      0.8800000000000004,
      0.9000000000000005,
      0.9200000000000005,
      0.9400000000000005,
      0.9600000000000005,
      0.9800000000000005,
      1.0000000000000004,
      1.0200000000000005,
      1.0400000000000005,
      1.0600000000000005,
      1.0800000000000005,
      1.1000000000000005,
      1.1200000000000006,
      1.1400000000000006,
      1.1600000000000006,
      1.1800000000000006,
      1.2000000000000006,
      1.2200000000000006,
      1.2400000000000007,
      1.2600000000000007,
      1.2800000000000007,
      1.3000000000000007,
      1.3200000000000007,
      1.3400000000000007,
      1.3600000000000008,
      1.3800000000000008,
      1.4000000000000008,
      1.4200000000000008,
      1.4400000000000008,
      1.4600000000000009,
      1.4800000000000009,
      1.5000000000000009,
      1.520000000000001,
      1.540000000000001,
      1.560000000000001,
      1.580000000000001,
      1.600000000000001,
      1.620000000000001,
      1.640000000000001,
      1.660000000000001,
      1.680000000000001,
      1.700000000000001,
      1.720000000000001,
      1.740000000000001,
      1.7600000000000011,
      1.7800000000000011,
      1.8000000000000012,
      1.8200000000000012,
      1.8400000000000012,
      1.8600000000000012,
      1.8800000000000012,
      1.9000000000000012,
      1.9200000000000013,
      1.9400000000000013,
      1.9600000000000013,
      1.9800000000000013
    ],
    "action": [
      0.0,
      1.1266919374465942,
      2.227811813354492,
      3.2783682346343994,
      4.254517078399658,
      5.134103298187256,
      5.897163391113281,
      6.526378154754639,
      7.007467269897461,
      7.329510688781738,
      7.48520040512085,
      7.471002101898193,
      7.287238121032715,
      6.938078880310059,
      6.431449890136719,
      5.778849124908447,
      4.995089054107666,
      4.097957611083984,
      3.1078169345855713,
      2.0471394062042236,
      0.9399992227554321,
      -0.18847571313381195,
      -1.3126729726791382,
      -2.4070770740509033,
      -3.4468488693237305,
      -4.408389568328857,
      -5.269874572753906,
      -6.011752605438232,
      -6.617184162139893,
      -7.072429180145264,
      -7.367154598236084,
      -7.494670867919922,
      -7.452085018157959,
      -7.240362167358398,
      -6.864308834075928,
      -6.332459449768066,
      -5.656885147094727,
      -4.852919578552246,
      -3.938809633255005,
      -2.935302495956421,
      -1.8651741743087769,
      -0.7527128458023071,
      0.37683239579200745,
      1.4978249073028564,
      2.584821939468384,
      3.613152503967285,
      4.55947732925415,
      5.402317523956299,
      6.122544288635254,
      6.703810691833496,
      7.1329240798950195,
      7.400144577026367,
      7.499407768249512,
      7.428460597991943,
      7.188913345336914,
      6.786202907562256,
      6.229469299316406,
      5.53134822845459,
      4.7076849937438965,
      3.7771739959716797,
      2.7609341144561768,
      1.6820306777954102,
      0.5649510622024536,
      -0.5649510622024536,
      -1.6820306777954102,
      -2.7609341144561768,
      -3.7771739959716797,
      -4.7076849937438965,
      -5.53134822845459,
      -6.229469299316406,
      -6.786202907562256,
      -7.188913345336914,
      -7.428460597991943,
      -7.499407768249512,
      -7.400144577026367,
      -7.1329240798950195,
      -6.703810691833496,
      -6.122544288635254,
      -5.402317523956299,
      -4.55947732925415,
      -3.613152503967285,
      -2.584821939468384,
      -1.4978249073028564,
      -0.37683239579200745,
      0.7527128458023071,
      1.8651741743087769,
      2.935302495956421,
      3.938809633255005,
      4.852919578552246,
      5.656885147094727,
      6.332459449768066,
      6.864308834075928,
      7.240362167358398,
      7.452085018157959,
      7.494670867919922,
      7.367154598236084,
      7.072429180145264,
      6.617184162139893,
      6.011752605438232,
      5.269874572753906
    ],